# can_id	bit_offset	width_bits	signed	factor	offset	unit	name	comment
397	0	1	0	1	0		ETCS_xDDS_SKS1_Unterhalt	ETCS SKS 1 benötigt Unterhalt
397	0	8	0	1	0		ETCS_bDDS_Byte0	In00..07:
397	1	1	0	1	0		ETCS_xDDS_SKS2_Unterhalt	ETCS SKS 2 benötigt Unterhalt
397	2	1	0	1	0		ETCS_xDDS_SKS_Fehler	ETCS SKS Fehler
397	3	1	0	1	0		ETCS_xDDS_ZUB_Unterhalt	ETCS ZUB 262ct benötigt Unterhalt
397	4	1	0	1	0		ETCS_xDDS_ZUB_HWFehler	ETCS ZUB 262ct Fehler Hardware
397	5	1	0	1	0		ETCS_xDDS_ETCS_DatenfunkFehler	ETCS Fehler Datenfunk
397	6	1	0	1	0		ETCS_xDDS_ETCS_HWFehlerA	ETCS Fehler Hardware Prio A
397	7	1	0	1	0		ETCS_xDDS_ETCS_HWFehlerB	ETCS Fehler Hardware Prio B
397	8	1	0	1	0		ETCS_xDDS_JRUFehler	ETCS Fehler JRU
397	8	8	0	1	0		ETCS_bDDS_Byte1	In08..15:
397	9	1	0	1	0		ETCS_xDDS_ETCS_LoopFehler	ETCS Fehler Loop
397	10	1	0	1	0		ETCS_xDDS_ETCS_MVBFolgefehler	ETCS Fehler MVB
397	11	1	0	1	0		ETCS_xDDS_ETCS_ODOFehler	ETCS Fehler Odometrie
397	12	1	0	1	0		ETCS_xDDS_ETCS_Resetanforderung	ETCS Anforderung Reset
397	13	1	0	1	0		ETCS_xDDS_ETCS_SWFehler	ETCS Fehler Software
397	14	1	0	1	0		ETCS_xDDS_ETCS_Unterhalt	ETCS benötigt Unterhalt
397	16	8	0	1	0		ETCS_bVSoll	In16..23:
397	24	1	0	1	0		ETCS_xVSollGueltig	In24:
397	25	1	0	1	0		ETCS_xVIstGueltig	In25:
397	26	1	0	1	0		ETCS_xSchnellBremsung	In26:
397	27	1	0	1	0		ETCS_xBetriebsBremsung	In27:
397	28	1	0	1	0		ETCS_xTraktionAus	In28:
397	29	1	0	1	0		ETCS_xTest	In29:
397	30	1	0	1	0		ETCS_xLevel2	In30:
397	32	16	0	1	0		ETCS_wVist	In32..47:
397	56	1	0	1	0		ETCS_xETCSAbtrennSchalter	In56:
397	57	1	0	1	0		ETCS_xZUBAbgetrennt	ETCS ZUB 262ct abgetrennt
397	58	1	0	1	0		ETCS_xIntegraAbgetrennt	ETCS Integra abgetrennt
397	59	1	0	1	0		ETCS_xSpracheDE	In59:
397	60	1	0	1	0		ETCS_xSpracheFR	In60:
397	61	1	0	1	0		ETCS_xSpracheIT	In61:
397	62	1	0	1	0		ETCS_xDisplayTag	In62:
397	63	1	0	1	0		ETCS_xDisplayNacht	In63:
398	0	16	1	1	0	Nm	SR1_wTqAct	Actual torque motor -4500...4500 [Nm]
398	16	16	0	1	0		SR1_wHBvSR	Life-sign counter which counts periodically
398	32	1	0	1	0		SR1_xHBU_Ready	The aux-converter is ready
398	32	16	0	1	0		SR1_wStatus	System status word
398	33	1	0	1	0		SR1_xSys_Ready	The converter is ready for drive motor operation
398	34	1	0	1	0		SR1_xTripped	The state machine is in a Trip state
398	35	1	0	1	0		SR1_xOff	The state machine is in a Off state
398	36	1	0	1	0		SR1_xRelMpwm	The state machine has release the pulses of the motor converter
398	37	1	0	1	0		SR1_xWarning	Protection Warning
398	38	1	0	1	0		SR1_xBlockRestar	Protection blocks restarting, System needs maintenance
398	39	1	0	1	0		SR1_xBitToggle	Only one bit of the position sensor has changed several times, while the other bit remained unchanged. If this signal is 1, the sensor speed is set to 0
398	40	1	0	1	0		SR1_xDSC_sClosed	System disconnector is closed
398	41	1	0	1	0		SR1_xBlockPrecha	Protection blocks DC link precharging, after 10 min the DC link can be precharged again
398	42	1	0	1	0		SR1_xRed_uD	System limits DC link voltage for 4 min, within this time no traction available
398	43	1	0	1	0		SR1_xSysSelPlaus	System (16.6Hz / 50Hz) plausible
398	44	1	0	1	0		SR1_xIsRolling	Meldung Rolliereingriff
398	48	16	0	1	0		SR1_wStateMa	Main state machine current state
399	0	16	1	1	0	Nm	SR2_wTqAct	Actual torque motor -4500...4500 [Nm]
399	16	16	0	1	0		SR2_wHBvSR	Life-sign counter which counts periodically
399	32	1	0	1	0		SR2_xHBU_Ready	The aux-converter is ready
399	32	16	0	1	0		SR2_wStatus	System status word
399	33	1	0	1	0		SR2_xSys_Ready	The converter is ready for drive motor operation
399	34	1	0	1	0		SR2_xTripped	The state machine is in a Trip state
399	35	1	0	1	0		SR2_xOff	The state machine is in a Off state
399	36	1	0	1	0		SR2_xRelMpwm	The state machine has release the pulses of the motor converter
399	37	1	0	1	0		SR2_xWarning	Protection Warning
399	38	1	0	1	0		SR2_xBlockRestar	Protection blocks restarting, System needs maintenance
399	39	1	0	1	0		SR2_xBitToggle	Only one bit of the position sensor has changed several times, while the other bit remained unchanged. If this signal is 1, the sensor speed is set to 0
399	40	1	0	1	0		SR2_xDSC_sClosed	System disconnector is closed
399	41	1	0	1	0		SR2_xBlockPrecha	Protection blocks DC link precharging, after 10 min the DC link can be precharged again
399	42	1	0	1	0		SR2_xRed_uD	System limits DC link voltage for 4 min, within this time no traction available
399	43	1	0	1	0		SR2_xSysSelPlaus	System (16.6Hz / 50Hz) plausible
399	44	1	0	1	0		SR2_xIsRolling	Meldung Rolliereingriff
399	48	16	0	1	0		SR2_wStateMa	Main state machine current state
400	0	16	0	1	0		TEL_wSpeichFuell_LTM	Speicher Fuellstand LTM
400	16	16	0	1	0		TEL_wFzgNummer	Fahrzeugnummer
400	32	16	0	1	0		TEL_wVist	Istgeschwindigkeit 0...2000 (1 unit is 0.1 km/h)
400	48	1	0	1	0		TEL_xSIFA_Alarm	SIFA Alarm
400	48	16	0	1	0		Tel_wStatus1	In48..63:
400	49	1	0	1	0		TEL_xSB_VDiff	V-Diff SCMT / TELOC
400	50	1	0	1	0		TEL_xMVBStoerBit	Stoerung MVB SCMT / TELOC
400	51	1	0	1	0		TEL_xSIFA_Test	SIFA-Test
400	52	1	0	1	0		TEL_xSCMT_Piastra	Aufrüstschalter Piastra SCMT Eingeschaltet
400	53	1	0	1	0		TEL_xSCMT_CEA	Schalter CAE SCMT ESCL (Abgetrennt)
400	56	1	0	1	0		TEL_xSCMTAbgetrennt	SCMT Abgetrennt
400	57	1	0	1	0		TEL_xStoerVist	Störung Vist
400	58	1	0	1	0		TEL_xStoerSpeicher	Störung Speicher
400	59	1	0	1	0		TEL_xSummer	Summer
400	60	1	0	1	0		TEL_xTrakSperre	Traktionssperre
400	61	1	0	1	0		TEL_xSIFA_Sbrems	SIFA-Schnellbremsung
400	62	1	0	1	0		TEL_xVSchwelle1	V-Schwelle 1
400	63	1	0	1	0		TEL_xVSchwelle2	V-Schwelle 2
401	0	16	0	1	0		GSS426_IwVistA13	Istgeschwindigkeit Achse (CAN1=1 CAN2=3)
401	16	16	0	1	0		GSS426_IwVistA24	Istgeschwindigkeit Achse (CAN1=2 CAN2=4)
401	32	1	0	1	0		GSS426_xStoeA13	Störung Vist Achse (CAN1=1 CAN2=3)
401	32	8	0	1	0		GSS426_IbMeldung0	GSS 426 Meldung 0
401	33	1	0	1	0		GSS426_xStoeA24	Störung Vist Achse (CAN1=2 CAN2=4)
401	40	8	0	1	0		GSS426_1_Ib0	GSS 426.1 Digital Input
401	48	1	0	1	0		GSS426_xLTStoer	Leittechnik Störung Gleitschutzrechner MDG (CAN1=1 CAN2=2)
401	48	8	0	1	0		GSS426_IbMeldung1	GSS 426 Meldung 1
402	0	16	0	1	0		GSS424_IwVistA57	Istgeschwindigkeit Achse (CAN1=5 CAN2=7)
402	16	16	0	1	0		GSS424_IwVistA68	Istgeschwindigkeit Achse (CAN1=6 CAN2=8)
402	32	1	0	1	0		GSS424_xStoeA57	Störung Vist Achse (CAN1=5 CAN2=7)
402	32	8	0	1	0		GSS424_IbMeldung0	GSS 424 Meldung 0 Eingang
402	33	1	0	1	0		GSS424_xStoeA68	Störung Vist Achse (CAN1=6 CAN2=8)
402	39	1	0	1	0		GSS424_xLTStoer	Leittechnik Störung Gleitschutzrechner LDG (CAN1=1 CAN2=2)
402	40	8	0	1	0		GSS424_1_Ib0	Pos 424.1 Digital Input
402	48	8	0	1	0		GSS424_4_Ib0	Pos 424.4 Digital Input
402	56	8	0	1	0		GSS424_5_Ib0	Pos 424.5 Digital Input
403	0	16	0	1	0		GSS428_IwVistA9	Istgeschwindigkeit Achse 9
403	16	16	0	1	0		GSS428_IwVistA10	Istgeschwindigkeit Achse 10
403	32	1	0	1	0		GSS428_xStoeA9	Störung Vist Achse 9
403	32	8	0	1	0		GSS428_IbMeldung0	GSS 428 Meldung 0 Eingang
403	33	1	0	1	0		GSS428_xStoeA10	Störung Vist Achse 10
403	38	1	0	1	0		GSS428_xLTStoer	Leittechnik Störung Gleitschutzrechner LDG3
403	40	8	0	1	0		GSS428_2_Ib0	GSS 428.2 Digital Inputs
403	48	8	0	1	0		GSS428_5_Ib0	GSS 428.5 Digital Inputs
403	56	8	0	1	0		GSS428_6_Ib0	GSS 428.6 Digital Inputs
405	8	1	0	1	0		KL1_xParkFR	Parken Fahrgastraum
405	8	8	0	1	0		KL1_bStatusFGR	Rückmeldung Gerätezustand FGR A
405	9	1	0	1	0		KL1_xAutoFR	Automatikbetrieb Fahrgastraum
405	10	1	0	1	0		KL1_xAusFR	AUS Fahrgastraum
405	11	1	0	1	0		KL1_xWaschenFR	Waschen Fahrgastraum
405	12	1	0	1	0		KL1_xWarnungFR	Warnung Fahrgastraum
405	13	1	0	1	0		KL1_xStoerungFR	Störung Fahrgastraum (eingeschränkter Betrieb möglich)
405	14	1	0	1	0		KL1_xFatalErrorFR	Komplettabschaltung Anlage
405	15	1	0	1	0		KL1_xServiceFR	Anlage im Service-Mode Fahrgastraum
405	16	1	0	1	0		KL1_HeizenFGR	Heizen Fahrgastraum Klimaanlage
405	16	8	0	1	0		KL1_bBetriebZstd	Rückmeldung Betriebszustand Wagen A
405	17	1	0	1	0		KL1_KuehlenFGR	Kuehlen Fahrgastraum Klimaanlage
405	18	1	0	1	0		KL1_LueftenFGR	Lueften Fahrgastraum Klimaanlage
405	19	1	0	1	0		KL1_HeizenFST	Heizen Fahrerstand Klimaanlage
405	20	1	0	1	0		KL1_KuehlenFST	Kuehlen Fahrerstand Klimaanlage
405	21	1	0	1	0		KL1_LueftenFST	Lueften Fahrerstand Klimaanlage
405	24	1	0	1	0		KL1_xParkFST	Parken Fahrerstand
405	24	8	0	1	0		KL1_bStatusFST	Rückmeldung Gerätezustand FST A
405	25	1	0	1	0		KL1_xAutoFST	Automatikbetrieb Fahrerstand
405	26	1	0	1	0		KL1_xAusFST	AUS Fahrerstand
405	27	1	0	1	0		KL1_xWaschenFST	Waschen Fahrerstand
405	28	1	0	1	0		KL1_xWarnungFST	Warnung Fahrerstand
405	29	1	0	1	0		KL1_xStoerungFST	Störung Fahrerstand
405	30	1	0	1	0		KL1_xAusfallLueftFST	Ausfall Lüftung Fahrerstand
405	31	1	0	1	0		KL1_xServiceFST	Anlage im Service-Mode Fahrerstand
405	32	16	0	1	0		KL1_wSWVersion	Software Version
405	48	1	0	1	0		KL1_xEinstiegHz	Einstiegheizer EIN
405	48	8	0	1	0		KL1_bHeizung	Heizungssignale
405	49	1	0	1	0		KL1_xUebergangHz	Uebergangsheizer EIN
405	50	1	0	1	0		KL1_xKonvHzFGR1	Konvektionsheizer FGR1 EIN
405	51	1	0	1	0		KL1_xKonvHzFGR2	Konvektionsheizer FGR2 EIN
405	52	1	0	1	0		KL1_xKonvHzFGR3	Konvektionsheizer FGR3 EIN
405	53	1	0	1	0		KL1_xKonvHzFst	Konvektionsheizer FST EIN
405	54	1	0	1	0		KL1_xFlirt2010	Klimaanlage mit Erweiterung Flirt Vaudois (Wird nur im UrFlirt verwendet)
405	55	1	0	1	0		KL1_xVetoFst	Klimasteuerung Führerraum übersteuert den Schlummermode
405	56	8	0	1	0		KL1_bSoll_Pos_KlappeHeizKuehl	Sollwert Stellung Luftverteiler (Heizen/Kühlen) Fahrerstand
406	8	1	0	1	0		KL2_xParkFR	Parken Fahrgastraum
406	8	8	0	1	0		KL2_bStatusFGR	Rückmeldung Gerätezustand FGR A
406	9	1	0	1	0		KL2_xAutoFR	Automatikbetrieb Fahrgastraum
406	10	1	0	1	0		KL2_xAusFR	AUS Fahrgastraum
406	11	1	0	1	0		KL2_xWaschenFR	Waschen Fahrgastraum
406	12	1	0	1	0		KL2_xWarnungFR	Warnung Fahrgastraum
406	13	1	0	1	0		KL2_xStoerungFR	Störung Fahrgastraum (eingeschränkter Betrieb möglich)
406	14	1	0	1	0		KL2_xFatalErrorFR	Komplettabschaltung der Analage
406	15	1	0	1	0		KL2_xServiceFR	Anlage im Service-Mode Fahrgastraum
406	16	1	0	1	0		KL2_HeizenFGR	Heizen Fahrgastraum Klimaanlage
406	16	8	0	1	0		KL2_bBetriebZstd	Rückmeldung Betriebszustand Wagen A
406	17	1	0	1	0		KL2_KuehlenFGR	Kuehlen Fahrgastraum Klimaanlage
406	18	1	0	1	0		KL2_LueftenFGR	Lueften Fahrgastraum Klimaanlage
406	22	1	0	1	0		KL2_Kpr_gesperrtFGR	Kompressor Fahrgastraum wegen Vorheizung gesperrt
406	32	16	0	1	0		KL2_wSWVersion	Software Version
406	48	1	0	1	0		KL2_xEinstiegHz	Einstiegheizer EIN
406	48	8	0	1	0		KL2_bHeizung	Heizungssignale
406	49	1	0	1	0		KL2_xUebergangHz	Uebergangsheizer EIN
406	50	1	0	1	0		KL2_xKonvHzFGR1	Konvektionsheizer FGR1 EIN
406	51	1	0	1	0		KL2_xKonvHzFGR2	Konvektionsheizer FGR2 EIN
406	52	1	0	1	0		KL2_xKonvHzFGR3	Konvektionsheizer FGR3 EIN
406	54	1	0	1	0		KL2_xFlirt2010	Klimaanlage mit Erweiterung Flirt Vaudois (Wird nur im UrFlirt verwendet)
408	0	1	0	1	0		Tu12L_xTuerezu	Türe geschlossen und verriegelt
408	0	16	0	1	0		Tu12L_wStatus	Statuswort von der Türsteuerung
408	1	1	0	1	0		Tu12L_xTuereOffe	Türe komplett offen
408	2	1	0	1	0		Tu12L_xTuereSich	Türe ist sicher
408	3	1	0	1	0		Tu12L_xTuerAbges	Türe ist abgesperrt
408	4	1	0	1	0		Tu12L_xHaltewuns	Haltewunsch liegt an
408	5	1	0	1	0		Tu12L_xKinderw	Kinderwagenwunsch liegt an
408	6	1	0	1	0		Tu12L_xNotentrie	Türe 1L (A) od. Türe 2L (B) notentriegelt
408	7	1	0	1	0		Tu12L_xBlockiert	Türe 1L  wurde mit Dienstschalter in Offenposition blockiert
408	32	1	0	1	0		Tu12L_xSpeicherF	Türe 1L (A) od. Türe 2L (B) Speicherfehler Türsteuerung
408	32	16	0	1	0		Tu12L_wError	Fehlerwort der Türsteuerung
408	33	1	0	1	0		Tu12L_xMoSensDef	Türe 1L (A) od. Türe 2L (B)  Keine Türbewegung erkannt
408	34	1	0	1	0		Tu12L_x12V	Türe 1L (A) od. Türe 2L (B)  Fehler 12V Spannungsversorgung
408	35	1	0	1	0		Tu12L_xTuerOpen	Türe 1L (A) od. Türe 2L (B)  Fehler Türblattkontrollschalter offen
408	36	1	0	1	0		Tu12L_xTuerClose	Türe 1L (A) od. Türe 2L (B)  Fehler Türblattkontrollschalter geschlossen
408	37	1	0	1	0		Tu12L_xReveClose	Türe 1L (A) od. Türe 2L (B)  Reversierversuche schliessen Tür überschritten
408	38	1	0	1	0		Tu12L_xReveOpen	Türe 1L (A) od. Türe 2L (B)  Reversierversuche öffnen Tür überschritten
408	39	1	0	1	0		Tu12L_xSchaltLDe	Türe 1L (A) od. Türe 2L (B)  Schaltleiste defekt
408	40	1	0	1	0		Tu12L_xKSDigAusg	Türe 1L (A) od. Türe 2L (B)  Fehler Kurzschluss Digitalausgang
408	41	1	0	1	0		Tu12L_xUnterbrDi	Türe 1L (A) od. Türe 2L (B)  Unterbrechung Digitalausgang
408	42	1	0	1	0		Tu12L_xMotBrueck	Türe 1L (A) od. Türe 2L (B)  Ueberhitzung Motorbrücke
408	43	1	0	1	0		Tu12L_x36V	Türe 1L (A) od. Türe 2L (B)  Fehler 36V Spannungsversorgung
408	44	1	0	1	0		Tu12L_xLichtsch	Türe 1L (A) od. Türe 2L (B)  Fehler Lichtschranke
408	46	1	0	1	0		Tu12L_xRelais_K2	Tür 1L (A) od. Tür 2L (B) Sicherheitselais K2 defekt
409	0	1	0	1	0		Tu12R_xTuerezu	Türe geschlossen und verriegelt
409	0	16	0	1	0		Tu12R_wStatus	Statuswort von der Türsteuerung
409	1	1	0	1	0		Tu12R_xTuereOffe	Türe komplett offen
409	2	1	0	1	0		Tu12R_xTuereSich	Türe ist sicher
409	3	1	0	1	0		Tu12R_xTuerAbges	Türe ist abgesperrt
409	4	1	0	1	0		Tu12R_xHaltewuns	Haltewunsch liegt an
409	5	1	0	1	0		Tu12R_xKinderw	Kinderwagenwunsch liegt an
409	6	1	0	1	0		Tu12R_xNotentrie	Türe 1R (A) od. Türe 2R (B) notentriegelt
409	7	1	0	1	0		Tu12R_xBlockiert	Türe 1R  wurde mit Dienstschalter in Offenposition blockiert
409	32	1	0	1	0		Tu12R_xSpeicherF	Türe 1R (A) od. Türe 2R (B) Speicherfehler Türsteuerung
409	32	16	0	1	0		Tu12R_wError	Fehlerwort der Türsteuerung
409	33	1	0	1	0		Tu12R_xMoSensDef	Türe 1R (A) od. Türe 2R (B)  Keine Türbewegung erkannt
409	34	1	0	1	0		Tu12R_x12V	Türe 1R (A) od. Türe 2R (B)  Fehler 12V Spannungsversorgung
409	35	1	0	1	0		Tu12R_xTuerOpen	Türe 1R (A) od. Türe 2R (B)  Fehler Türblattkontrollschalter offen
409	36	1	0	1	0		Tu12R_xTuerClose	Türe 1R (A) od. Türe 2R (B)  Fehler Türblattkontrollschalter geschlossen
409	37	1	0	1	0		Tu12R_xReveClose	Türe 1R (A) od. Türe 2R (B)  Reversierversuche schliessen Tür überschritten
409	38	1	0	1	0		Tu12R_xReveOpen	Türe 1R (A) od. Türe 2R (B)  Reversierversuche öffnen Tür überschritten
409	39	1	0	1	0		Tu12R_xSchaltLDe	Türe 1R (A) od. Türe 2R (B)  Schaltleiste defekt
409	40	1	0	1	0		Tu12R_xKSDigAusg	Türe 1R (A) od. Türe 2R (B)  Fehler Kurzschluss Digitalausgang
409	41	1	0	1	0		Tu12R_xUnterbrDi	Türe 1R (A) od. Türe 2R (B)  Unterbrechung Digitalausgang
409	42	1	0	1	0		Tu12R_xMotBrueck	Türe 1R (A) od. Türe 2R (B)  Ueberhitzung Motorbrücke
409	43	1	0	1	0		Tu12R_x36V	Türe 1R (A) od. Türe 2R (B)  Fehler 36V Spannungsversorgung
409	44	1	0	1	0		Tu12R_xLichtsch	Türe 1R (A) od. Türe 2R (B)  Fehler Lichtschranke
409	46	1	0	1	0		Tu12R_xRelais_K2	Tür 1R (A) od. Tür 2R (B) Sicherheitsrelais K2 defekt
410	0	1	0	1	0		Tu34L_xTuerezu	Türe geschlossen und verriegelt
410	0	16	0	1	0		Tu34L_wStatus	Statuswort von der Türsteuerung
410	1	1	0	1	0		Tu34L_xTuereOffe	Türe komplett offen
410	2	1	0	1	0		Tu34L_xTuereSich	Türe ist sicher
410	3	1	0	1	0		Tu34L_xTuerAbges	Türe ist abgesperrt
410	4	1	0	1	0		Tu34L_xHaltewuns	Haltewunsch liegt an
410	5	1	0	1	0		Tu34L_xKinderw	Kinderwagenwunsch liegt an
410	6	1	0	1	0		Tu34L_xNotentrie	Türe 3L (A) od. Türe 4L (B) notentriegelt
410	7	1	0	1	0		Tu34L_xBlockiert	Türe 4L  wurde mit Dienstschalter in Offenposition blockiert
410	32	1	0	1	0		Tu34L_xSpeicherF	Türe 3L (A) od. Türe 4L (B) Speicherfehler Türsteuerung
410	32	16	0	1	0		Tu34L_wError	Fehlerwort der Türsteuerung
410	33	1	0	1	0		Tu34L_xMoSensDef	Türe 3L (A) od. Türe 4L (B)  Keine Türbewegung erkannt
410	34	1	0	1	0		Tu34L_x12V	Türe 3L (A) od. Türe 4L (B)  Fehler 12V Spannungsversorgung
410	35	1	0	1	0		Tu34L_xTuerOpen	Türe 3L (A) od. Türe 4L (B)  Fehler Türblattkontrollschalter offen
410	36	1	0	1	0		Tu34L_xTuerClose	Türe 3L (A) od. Türe 4L (B) Fehler Türblattkontrollschalter geschlossen
410	37	1	0	1	0		Tu34L_xReveClose	Türe 3L (A) od. Türe 4L (B)  Reversierversuche schliessen Tür überschritten
410	38	1	0	1	0		Tu34L_xReveOpen	Türe 3L (A) od. Türe 4L (B)  Reversierversuche öffnen Tür überschritten
410	39	1	0	1	0		Tu34L_xSchaltLDe	Türe 3L (A) od. Türe 4L (B)  Schaltleiste defekt
410	40	1	0	1	0		Tu34L_xKSDigAusg	Türe 3L (A) od. Türe 4L (B)  Fehler Kurzschluss Digitalausgang
410	41	1	0	1	0		Tu34L_xUnterbrDi	Türe 3L (A) od. Türe 4L (B)  Unterbrechung Digitalausgang
410	42	1	0	1	0		Tu34L_xMotBrueck	Türe 3L (A) od. Türe 4L (B)  Ueberhitzung Motorbrücke
410	43	1	0	1	0		Tu34L_x36V	Türe 3L (A) od. Türe 4L (B)  Fehler 36V Spannungsversorgung
410	44	1	0	1	0		Tu34L_xLichtsch	Türe 3L (A) od. Türe 4L (B)  Fehler Lichtschranke
410	46	1	0	1	0		Tu34L_xRelais_K2	Tür 3L (A) od. Tür 4L (B) Sicherheitsrelais K2 defekt.
411	0	1	0	1	0		Tu34R_xTuerezu	Türe geschlossen und verriegelt
411	0	16	0	1	0		Tu34R_wStatus	Statuswort von der Türsteuerung
411	1	1	0	1	0		Tu34R_xTuereOffe	Türe komplett offen
411	2	1	0	1	0		Tu34R_xTuereSich	Türe ist sicher
411	3	1	0	1	0		Tu34R_xTuerAbges	Türe ist abgesperrt
411	4	1	0	1	0		Tu34R_xHaltewuns	Haltewunsch liegt an
411	5	1	0	1	0		Tu34R_xKinderw	Kinderwagenwunsch liegt an
411	6	1	0	1	0		Tu34R_xNotentrie	Türe 3R (A) od. Türe 4R (B) notentriegelt
411	7	1	0	1	0		Tu34R_xBlockiert	Türe 4R  wurde mit Dienstschalter in Offenposition blockiert
411	32	1	0	1	0		Tu34R_xSpeicherF	Türe 3R (A) od. Türe 4R (B) Speicherfehler Türsteuerung
411	32	16	0	1	0		Tu34R_wError	Fehlerwort der Türsteuerung
411	33	1	0	1	0		Tu34R_xMoSensDef	Türe 3R (A) od. Türe 4R (B)  Keine Türbewegung erkannt
411	34	1	0	1	0		Tu34R_x12V	Türe 3R (A) od. Türe 4R (B)  Fehler 12V Spannungsversorgung
411	35	1	0	1	0		Tu34R_xTuerOpen	Türe 3R (A) od. Türe 4R (B)  Fehler Türblattkontrollschalter offen
411	36	1	0	1	0		Tu34R_xTuerClose	Türe 3R (A) od. Türe 4R (B)  Fehler Türblattkontrollschalter geschlossen
411	37	1	0	1	0		Tu34R_xReveClose	Türe 3R (A) od. Türe 4R (B)  Reversierversuche schliessen Tür überschritten
411	38	1	0	1	0		Tu34R_xReveOpen	Türe 3R (A) od. Türe 4R (B)  Reversierversuche öffnen Tür überschritten
411	39	1	0	1	0		Tu34R_xSchaltLDe	Türe 3R (A) od. Türe 4R (B)  Schaltleiste defekt
411	40	1	0	1	0		Tu34R_xKSDigAusg	Türe 3R (A) od. Türe 4R (B)  Fehler Kurzschluss Digitalausgang
411	41	1	0	1	0		Tu34R_xUnterbrDi	Türe 3R (A) od. Türe 4R (B)  Unterbrechung Digitalausgang
411	42	1	0	1	0		Tu34R_xMotBrueck	Türe 3R (A) od. Türe 4R (B)  Ueberhitzung Motorbrücke
411	43	1	0	1	0		Tu34R_x36V	Türe 3R (A) od. Türe 4R (B)  Fehler 36V Spannungsversorgung
411	44	1	0	1	0		Tu34R_xLichtsch	Türe 3R (A) od. Türe 4R (B)  Fehler Lichtschranke
411	46	1	0	1	0		Tu34R_xRelais_K2	Tür 3R (A) od. Tür 4R (B) Sicherheitsrelais K2 defekt
412	0	1	0	1	0		Tu56L_xTuerezu	Türe geschlossen und verriegelt
412	0	16	0	1	0		Tu56L_wStatus	Statuswort von der Türsteuerung
412	1	1	0	1	0		Tu56L_xTuereOffe	Türe komplett offen
412	2	1	0	1	0		Tu56L_xTuereSich	Türe ist sicher
412	3	1	0	1	0		Tu56L_xTuerAbges	Türe ist abgesperrt
412	4	1	0	1	0		Tu56L_xHaltewuns	Haltewunsch liegt an
412	5	1	0	1	0		Tu56L_xKinderw	Kinderwagenwunsch liegt an
412	6	1	0	1	0		Tu56L_xNotentrie	Türe 5L (A) od. Türe 6L (B) notentriegelt
412	7	1	0	1	0		Tu56L_xBlockiert	Tür 5L  (A) od. Tür 6L (B) wurde mit Dienstschalter in Offenposition blockiert
412	32	1	0	1	0		Tu56L_xSpeicherF	Türe 5L (A) od. Türe 6L (B) Speicherfehler Türsteuerung
412	32	16	0	1	0		Tu56L_wError	Fehlerwort der Türsteuerung
412	33	1	0	1	0		Tu56L_xMoSensDef	Türe 5L (A) od. Türe 6L (B)  Keine Türbewegung erkannt
412	34	1	0	1	0		Tu56L_x12V	Türe 5L (A) od. Türe 6L (B)  Fehler 12V Spannungsversorgung
412	35	1	0	1	0		Tu56L_xTuerOpen	Türe 5L (A) od. Türe 6L (B)  Fehler Türblattkontrollschalter offen
412	36	1	0	1	0		Tu56L_xTuerClose	Türe 5L (A) od. Türe 6L (B)  Fehler Türblattkontrollschalter geschlossen
412	37	1	0	1	0		Tu56L_xReveClose	Türe 5L (A) od. Türe 6L (B)  Reversierversuche schliessen Tür überschritten
412	38	1	0	1	0		Tu56L_xReveOpen	Türe 5L (A) od. Türe 6L (B)  Reversierversuche öffnen Tür überschritten
412	39	1	0	1	0		Tu56L_xSchaltLDe	Türe 5L (A) od. Türe 6L (B)  Schaltleiste defekt
412	40	1	0	1	0		Tu56L_xKSDigAusg	Türe 5L (A) od. Türe 6L (B)  Fehler Kurzschluss Digitalausgang
412	41	1	0	1	0		Tu56L_xUnterbrDi	Türe 5L (A) od. Türe 6L (B)  Unterbrechung Digitalausgang
412	42	1	0	1	0		Tu56L_xMotBrueck	Türe 5L (A) od. Türe 6L (B)  Ueberhitzung Motorbrücke
412	43	1	0	1	0		Tu56L_x36V	Türe 5L (A) od. Türe 6L (B)  Fehler 36V Spannungsversorgung
412	44	1	0	1	0		Tu56L_xLichtsch	Türe 5L (A) od. Türe 6L (B)  Fehler Lichtschranke
412	46	1	0	1	0		Tu56L_xRelais_K2	Tür 5L (A) od. Tür 6L (B) Sicherheitsrelais K2 defekt
413	0	1	0	1	0		Tu56R_xTuerezu	Türe geschlossen und verriegelt
413	0	16	0	1	0		Tu56R_wStatus	Statuswort von der Türsteuerung
413	1	1	0	1	0		Tu56R_xTuereOffe	Türe komplett offen
413	2	1	0	1	0		Tu56R_xTuereSich	Türe ist sicher
413	3	1	0	1	0		Tu56R_xTuerAbges	Türe ist abgesperrt
413	4	1	0	1	0		Tu56R_xHaltewuns	Haltewunsch liegt an
413	5	1	0	1	0		Tu56R_xKinderw	Kinderwagenwunsch liegt an
413	6	1	0	1	0		Tu56R_xNotentrie	Türe 5R (A) od. Türe 6R (B) notentriegelt
413	7	1	0	1	0		Tu56R_xBlockiert	Türe 5R (A) od. Tür 6R (B) wurde mit Dienstschalter in Offenposition blockiert
413	32	1	0	1	0		Tu56R_xSpeicherF	Türe 5R (A) od. Türe 6R (B) Speicherfehler Türsteuerung
413	32	16	0	1	0		Tu56R_wError	Fehlerwort der Türsteuerung
413	33	1	0	1	0		Tu56R_xMoSensDef	Türe 5R (A) od. Türe 6R (B)  Keine Türbewegung erkannt
413	34	1	0	1	0		Tu56R_x12V	Türe 5R (A) od. Türe 6R (B)  Fehler 12V Spannungsversorgung
413	35	1	0	1	0		Tu56R_xTuerOpen	Türe 5R (A) od. Türe 6R (B)  Fehler Türblattkontrollschalter offen
413	36	1	0	1	0		Tu56R_xTuerClose	Türe 5R (A) od. Türe 6R (B)  Fehler Türblattkontrollschalter geschlossen
413	37	1	0	1	0		Tu56R_xReveClose	Türe 5R (A) od. Türe 6R (B)  Reversierversuche schliessen Tür überschritten
413	38	1	0	1	0		Tu56R_xReveOpen	Türe 5R (A) od. Türe 6R (B)  Reversierversuche öffnen Tür überschritten
413	39	1	0	1	0		Tu56R_xSchaltLDe	Türe 5R (A) od. Türe 6R (B)  Schaltleiste defekt
413	40	1	0	1	0		Tu56R_xKSDigAusg	Türe 5R (A) od. Türe 6R (B)  Fehler Kurzschluss Digitalausgang
413	41	1	0	1	0		Tu56R_xUnterbrDi	Türe 5R (A) od. Türe 6R (B)  Unterbrechung Digitalausgang
413	42	1	0	1	0		Tu56R_xMotBrueck	Türe 5R (A) od. Türe 6R (B)  Ueberhitzung Motorbrücke
413	43	1	0	1	0		Tu56R_x36V	Türe 5R (A) od. Türe 6R (B)  Fehler 36V Spannungsversorgung
413	44	1	0	1	0		Tu56R_xLichtsch	Türe 5R (A) od. Türe 6R (B)  Fehler Lichtschranke
413	46	1	0	1	0		Tu56R_xRelais_K2	Tür 5R (A) od. Tür 6R (B) Sicherheitsrelais K2 defekt
414	0	1	0	1	0		Tu78L_xTuerezu	Türe geschlossen und verriegelt
414	0	16	0	1	0		Tu78L_wStatus	Statuswort von der Türsteuerung
414	1	1	0	1	0		Tu78L_xTuereOffe	Türe komplett offen
414	2	1	0	1	0		Tu78L_xTuereSich	Türe ist sicher
414	3	1	0	1	0		Tu78L_xTuerAbges	Türe ist abgesperrt
414	4	1	0	1	0		Tu78L_xHaltewuns	Haltewunsch liegt an
414	5	1	0	1	0		Tu78L_xKinderw	Kinderwagenwunsch liegt an
414	6	1	0	1	0		Tu78L_xNotentrie	Türe 7L (A) od. Türe 8L (B) notentriegelt
414	7	1	0	1	0		Tu78L_xBlockiert	Türe 7L (A) od. Tür 8L (B) wurde mit Dienstschalter in Offenposition blockiert
414	32	1	0	1	0		Tu78L_xSpeicherF	Türe 7L (A) od. Türe 8L (B) Speicherfehler Türsteuerung
414	32	16	0	1	0		Tu78L_wError	Fehlerwort der Türsteuerung
414	33	1	0	1	0		Tu78L_xMoSensDef	Türe 7L (A) od. Türe 8L (B)  Keine Türbewegung erkannt
414	34	1	0	1	0		Tu78L_x12V	Türe 7L (A) od. Türe 8L (B)  Fehler 12V Spannungsversorgung
414	35	1	0	1	0		Tu78L_xTuerOpen	Türe 7L (A) od. Türe 8L (B)  Fehler Türblattkontrollschalter offen
414	36	1	0	1	0		Tu78L_xTuerClose	Türe 7L (A) od. Türe 8L (B)  Fehler Türblattkontrollschalter geschlossen
414	37	1	0	1	0		Tu78L_xReveClose	Türe 7L (A) od. Türe 8L (B)  Reversierversuche schliessen Tür überschritten
414	38	1	0	1	0		Tu78L_xReveOpen	Türe 7L (A) od. Türe 8L (B)  Reversierversuche öffnen Tür überschritten
414	39	1	0	1	0		Tu78L_xSchaltLDe	Türe 7L (A) od. Türe 8L (B)  Schaltleiste defekt
414	40	1	0	1	0		Tu78L_xKSDigAusg	Türe 7L (A) od. Türe 8L (B)  Fehler Kurzschluss Digitalausgang
414	41	1	0	1	0		Tu78L_xUnterbrDi	Türe 7L (A) od. Türe 8L (B)  Unterbrechung Digitalausgang
414	42	1	0	1	0		Tu78L_xMotBrueck	Türe 7L (A) od. Türe 8L (B)  Ueberhitzung Motorbrücke
414	43	1	0	1	0		Tu78L_x36V	Türe 7L (A) od. Türe 8L (B)  Fehler 36V Spannungsversorgung
414	44	1	0	1	0		Tu78L_xLichtsch	Türe 7L (A) od. Türe 8L (B)  Fehler Lichtschranke
414	46	1	0	1	0		Tu78L_xRelais_K2	Tür 7L (A) od. Tür 8L (B) Sicherheitsrelais K2 defekt
415	0	1	0	1	0		Tu78R_xTuerezu	Türe geschlossen und verriegelt
415	0	16	0	1	0		Tu78R_wStatus	Statuswort von der Türsteuerung
415	1	1	0	1	0		Tu78R_xTuereOffe	Türe komplett offen
415	2	1	0	1	0		Tu78R_xTuereSich	Türe ist sicher
415	3	1	0	1	0		Tu78R_xTuerAbges	Türe ist abgesperrt
415	4	1	0	1	0		Tu78R_xHaltewuns	Haltewunsch liegt an
415	5	1	0	1	0		Tu78R_xKinderw	Kinderwagenwunsch liegt an
415	6	1	0	1	0		Tu78R_xNotentrie	Türe 7R (A) od. Türe 8R (B) notentriegelt
415	7	1	0	1	0		Tu78R_xBlockiert	Türe 7R (A) od. Tür 8R (B) wurde mit Dienstschalter in Offenposition blockiert
415	32	1	0	1	0		Tu78R_xSpeicherF	Türe 7R (A) od. Türe 8R (B) Speicherfehler Türsteuerung
415	32	16	0	1	0		Tu78R_wError	Fehlerwort der Türsteuerung
415	33	1	0	1	0		Tu78R_xMoSensDef	Türe 7R (A) od. Türe 8R (B)  Keine Türbewegung erkannt
415	34	1	0	1	0		Tu78R_x12V	Türe 7R (A) od. Türe 8R (B)  Fehler 12V Spannungsversorgung
415	35	1	0	1	0		Tu78R_xTuerOpen	Türe 7R (A) od. Türe 8R (B)  Fehler Türblattkontrollschalter offen
415	36	1	0	1	0		Tu78R_xTuerClose	Türe 7R (A) od. Türe 8R (B)  Fehler Türblattkontrollschalter geschlossen
415	37	1	0	1	0		Tu78R_xReveClose	Türe 7R (A) od. Türe 8R (B)  Reversierversuche schliessen Tür überschritten
415	38	1	0	1	0		Tu78R_xReveOpen	Türe 7R (A) od. Türe 8R (B)  Reversierversuche öffnen Tür überschritten
415	39	1	0	1	0		Tu78R_xSchaltLDe	Türe 7R (A) od. Türe 8R (B)  Schaltleiste defekt
415	40	1	0	1	0		Tu78R_xKSDigAusg	Türe 7R (A) od. Türe 8R (B)  Fehler Kurzschluss Digitalausgang
415	41	1	0	1	0		Tu78R_xUnterbrDi	Türe 7R (A) od. Türe 8R (B)  Unterbrechung Digitalausgang
415	42	1	0	1	0		Tu78R_xMotBrueck	Türe 7R (A) od. Türe 8R (B)  Ueberhitzung Motorbrücke
415	43	1	0	1	0		Tu78R_x36V	Türe 7R (A) od. Türe 8R (B)  Fehler 36V Spannungsversorgung
415	44	1	0	1	0		Tu78R_xLichtsch	Türe 7R (A) od. Türe 8R (B)  Fehler Lichtschranke
415	46	1	0	1	0		Tu78R_xRelais_K2	Tür 7R (A) od. Tür 8R (B) Sicherheitsrelais K2 defekt
420	0	32	0	1	0		FIS_dwZugnrFIS	Zugnummer von FIS an FLG
420	32	32	0	1	0		FIS_dwStationNr	Position, Stationsnummer
424	0	1	0	1	0		WC_xTstHandWasch	Taste Hände waschen Frischwasser
424	0	8	0	1	0		WC_bIn_Byte0	In00..07:
424	1	1	0	1	0		WC_xFrischVorhanden	Frischwasser vorhanden
424	2	1	0	1	0		WC_xFaekVoll95	Fäkalientank 95% voll
424	3	1	0	1	0		WC_xDruckVorhandenAus	Druck vorhanden Aus Dowald: DS7 4.0 bar
424	4	1	0	1	0		WC_xTuerEndschZu	Türe Zu (Mechanisch) / Türe Endschalter (Automatisch)
424	5	1	0	1	0		WC_xTuerVerriegelt	Türe verriegelt
424	6	1	0	1	0		WC_xTstFrostKlein	Taster Frostentleerung klein
424	7	1	0	1	0		WC_xTstFrostGross	Taster Frostentleerung gross
424	8	1	0	1	0		WC_xTstSpuelen	Taster Spülen
424	8	8	0	1	0		WC_bIn_Byte1	In08..15:
424	9	1	0	1	0		WC_xTstSOS	SOS Taster
424	10	1	0	1	0		WC_xUebertempHeiz	Übertemperatur Heizung
424	11	1	0	1	0		WC_xResetCPU	Reset der CPU
424	12	1	0	1	0		WC_xTstBehindert	Behinderten Taster
424	13	1	0	1	0		WC_xFuellZustand1	Füllzustand Grauwasser Sensor 1
424	15	1	0	1	0		WC_xTstServiSpuelen	Taster Servicespülen
424	16	1	0	1	0		WC_xTstRueckSpuelen	Taster Rückspülen
424	16	8	0	1	0		WC_bIn_Byte2	In16..23:
424	17	1	0	1	0		WC_xDruckSchalter1	Druckschalter Vakuum Toilette DS21
424	18	1	0	1	0		WC_xDruckSchalter2	Druckschalter Vakuum Toilette DS23
424	19	1	0	1	0		WC_xNiveauBecken	Niveaustand Becken
424	20	1	0	1	0		WC_xStoerungBio	Störung Bioreaktor
424	21	1	0	1	0		WC_xDruckVorhandenEin	Druck vorhanden Ein Dowald: DS7 6.0 bar
424	23	1	0	1	0		WC_xFrzgAbgeruestet	Fahrzeug abgerüstet
424	24	1	0	1	0		WC_xFrischWasser	WC Wasserhahn läuft
424	24	8	0	1	0		WC_bIn_Byte3	In24..31:
424	25	1	0	1	0		WC_xWCbesetzt_summer	In25:
424	26	1	0	1	0		WC_xEntriegeln	Türe entriegeln
424	27	1	0	1	0		WC_xHauptFW_ventil_zu	Frischwasser-Tankventil schliessen
424	28	1	0	1	0		WC_xFrostEntGross	Frostentleerung gross aktiv
424	29	1	0	1	0		WC_xFehlercode	In29:
424	30	1	0	1	0		WC_xBesetzt	Besetzt Anzeige
424	31	1	0	1	0		WC_xStoerung	Störung Nasszelle
424	32	1	0	1	0		WC_xLicht100	Beleuchtung
424	32	8	0	1	0		WC_bIn_Byte4	In32..39:
424	33	1	0	1	0		WC_xHeizen	Heizen
424	34	1	0	1	0		WC_xStoerungFix	In34:
424	35	1	0	1	0		WC_xSOS	SOS ausgelöst
424	36	1	0	1	0		WC_xBehTstAktiv	Behinderten Taster aktiv
424	37	1	0	1	0		WC_xWCfrei_summer	In37:
424	38	1	0	1	0		WC_xDruckluft	In38:
424	39	1	0	1	0		WC_xAbwasser	In39:
424	40	1	0	1	0		WC_xVentil1	Betrieb Ejektor
424	40	8	0	1	0		WC_bIn_Byte5	In40..47:
424	41	1	0	1	0		WC_xVentil2	Druck auf Ventrikel
424	42	1	0	1	0		WC_xVentil3	Umschalten des Vakuumventils auf Ventrikel bzw. Membrandruckdose
424	43	1	0	1	0		WC_xVentil4	Einlassquetschventil öffnen
424	44	1	0	1	0		WC_xVentil5	Auslassquetschventil öffnen
424	45	1	0	1	0		WC_xVentil6	Wasserspülung
424	46	1	0	1	0		WC_xSpuelBio	Spülen an Bioreaktor
424	47	1	0	1	0		WC_xSpeisungBio	Speisung Bioreaktor
424	48	1	0	1	0		WC_xActive	Dowald aktiv
424	48	8	0	1	0		WC_bIn_Byte6	In48..55:
424	49	1	0	1	0		WC_xServiceSpAktiv	Dowald Service Spülen aktiv
424	50	1	0	1	0		WC_xSpuelenAktiv	Dowald Spülen aktiv
424	51	1	0	1	0		WC_xAct_FehlerR1	Dowald Fehler R1
424	52	1	0	1	0		WC_xFrostEntWC	Kleine Frostentleerung Toilette
424	53	1	0	1	0		WC_xFrostEntGW	Kleine Frostentleerung Grauwasser
424	55	1	0	1	0		WC_xErsteSpuelungOK	ln55:
424	56	8	0	1	0		WC_bIn_Byte7	In56..63:
431	0	1	0	1	0		IxBinInput_1_47	IN_00
431	0	8	0	1	0		IbBinInput_47	IN_00..07
431	1	1	0	1	0		IxBinInput_2_47	IN_01
431	2	1	0	1	0		IxBinInput_3_47	IN_02
431	3	1	0	1	0		IxBinInput_4_47	IN_03
431	4	1	0	1	0		IxBinInput_5_47	IN_04
431	5	1	0	1	0		IxBinInput_6_47	IN_05
431	6	1	0	1	0		IxBinInput_7_47	IN_06
431	7	1	0	1	0		IxBinInput_8_47	IN_07
432	0	1	0	1	0		IxHSistEin	Hauptschalter EIN
432	1	1	0	1	0		IxHSHaltepfad	Hilfsrelais Hauptschalter Haltepfad
432	2	1	0	1	0		IxHSHaltpfd_Imax	Hauptschalterpfad Maximalstromrelais
432	3	1	0	1	0		IxHSHaltpfdSR2	Hauptschalterpfad Stromrichter 2
432	4	1	0	1	0		IxFahrSperrUbe	Drehschalter Fahrsperre überbrücken
432	5	1	0	1	0		IxHSNothahn	Nothähne der Hauptschaltersteuerung
432	6	1	0	1	0		IxZugbesetzt	Zug besetzt
432	7	1	0	1	0		IxNotfahrt	Drehschater Notsteuerung
432	8	1	0	1	0		IxAbtrenSiSteu	Abtrennschalter Sicherheitssteuerung AUS
432	9	1	0	1	0		IxSchleppfahrt	Drehschalter abschleppen
432	10	1	0	1	0		IxAbtrenVMA_od_LSSchiebetuere1Kl	Abtrennung V-Messanlage (NUR CAN 2) / LS Schiebetüre 1.Kl (Nur CAN 1)
432	11	1	0	1	0		IxZugSichAktiv	Zugsicherung Zentralgerät aktiv
432	12	1	0	1	0		IxPedalSIFA	Pedal Sicherheitssteuerung
432	13	1	0	1	0		IxPanto_D_od_LSSchiebetuere1Kl	Stromabnehmer Stellung Deutschland (Nur CAN 1) / LS Schiebetüre 1.Kl (Nur CAN 2)
432	14	1	0	1	0		IxPantoCH_od_StoeSchiebetuere1Kl	Stromabnehmer Stellung CH (Nur CAN 1) / Störung Schiebetüre 1. Klasse (Nur CAN 2)
432	15	1	0	1	0		IxZugSichSpeis	Speisung Zugsicherung Zentralgerät
432	16	1	0	1	0		IxSystemCH	System CH
432	17	1	0	1	0		IxSystemD_od_ETCSBetrBrems	System Deutschland oder ETCS Betriebsbremse
432	18	1	0	1	0		IxHaltIntegra	Prüftaste Halt Integra
432	19	1	0	1	0		IxSchnellbremsSichSteu	Auslösung Schnellbremsrelais Sicherheitssteuerung
432	20	1	0	1	0		IxSchnellbrLf	Schnellbremsung Lokführer
432	21	1	0	1	0		IxHW_FLG_FLG	FLG-FLG HW-Ueberwachung
432	22	1	0	1	0		IxEPSchnellbr	Schnellbremsventil
432	23	1	0	1	0		IxHSHaltpfdSR1	Hauptschalterpfad Stromrichter 1
432	24	1	0	1	0		IxFBHBit1	Führerbremsschalter Kontakt 1 Führerraum 1/2
432	25	1	0	1	0		IxFBHBit2	Führerbremsschalter Kontakt 2 Führerraum 1/2
432	26	1	0	1	0		IxFBHBit3	Führerbremsschalter Kontakt 3 Führerraum 1/2
432	27	1	0	1	0		IxHilfsKompress	Taster Hilfskompressor
432	28	1	0	1	0		IxNBUe	Passagiernotbremse Überbrückt
432	29	1	0	1	0		IxCMCSpeisgKuppl	Rückmeldung LS 36V Speisung Kupplung
432	30	1	0	1	0		IxZentrVerrigEin	Zentralverriegelung Ein
432	31	1	0	1	0		IxZentrVerrigAus	Zentralverriegelung Aus
432	32	1	0	1	0		IxAbtrSIFA_o_Abtr_SB_FLG_o_LS_Az	Abtrennschalter SIFA oder Abtrennschalter Schnellbremsung FLG (TPF) oder LS Anzeigen/Bildschirme (Vaudois2)
432	33	1	0	1	0		IxTestSIFA_od_StoeTue1Kl_od_SpBl	SIFA Test od Summenstörung Schiebetüre 1.Klasse oder Speicherblockierung TELOC 1500ce
432	34	1	0	1	0		IxNotAusZV	Notaus Zentralverriegelung
432	35	1	0	1	0		IxElGekuppelt	Elektrisch gekuppelt
432	36	1	0	1	0		IxNBA	Notbremsalarmierung
432	37	1	0	1	0		IxLS_FGR36V	Rückmeldung LS 36V Fahrgastraum
432	38	1	0	1	0		IxLS_GSS	Rückmeldung LS Pneumatik / GSS
432	39	1	0	1	0		IxLS_SB	Rückmeldung LS Schnellbremse
432	40	1	0	1	0		IxLS_KIS	Sammelmeldung LS KIS
432	41	1	0	1	0		IxLS_Kupplung	Ueberwachung Speisung Kupplung
432	42	1	0	1	0		IxMeldungVideoFZPF	Sammelmeldung FZPF/Video/AFZ
432	43	1	0	1	0		IxZUBaktiv	ZUB Zentralgerät aktiv
432	44	1	0	1	0		IxUebSysWahlAbg	Ueberwachung Systemwahl abgetrennt
432	45	1	0	1	0		IxIndusiAktiv	Indusi Zentralgerät aktiv
432	46	1	0	1	0		IxSB_FLG_DIFF_od_ETCSKeineSB	Auslösung Schnellbremsrelais FLG (bei differenzierter Schnellbremsauslösung FLG und Sicherheitssteuerung) oder keine Schnellbremsung ETCS
432	47	1	0	1	0		IxAbtrennSIFA_D	Abtrennschalter SIFA D
433	0	1	0	1	0		RIxHSistEin	Hauptschalter EIN REDUNDANT
433	1	1	0	1	0		RIxHSHaltepfad	Hilfsrelais Hauptschalter Haltepfad REDUNDANT
433	2	1	0	1	0		RIxHSHaltpf_Imax	Hauptschalterpfad Maximalstromrelais REDUNDANT
433	3	1	0	1	0		RIxZUBaktiv	ZUB Zentralgerät aktiv
433	4	1	0	1	0		RIxFahrSperUbe	Drehschalter Fahrsperre überbrücken REDUNDANT
433	5	1	0	1	0		RIxPark	Taste Parkstellung Redundant
433	6	1	0	1	0		RIxZugbesetzt	Zug besetzt REDUNDANT
433	7	1	0	1	0		RIxNotfahrt	Drehschalter Notsteuerung REDUNDANT
433	8	1	0	1	0		RIxAbtrenSiSteu	Abtrennschalter Sicherheitssteuerung AUS REDUNDANT
433	9	1	0	1	0		RIxSchleppfahrt	Drehschalter abschleppen REDUNDANT
433	10	1	0	1	0		RIxAbtrenVMA	Abtrennung V-Messanlage REDUNDANT (NUR CAN 1)
433	11	1	0	1	0		RIxZugSichAktiv	Zugsicherung Zentralgerät aktiv REDUNDANT
433	12	1	0	1	0		RIxPedalSIFA	Pedal Sicherheitssteuerung REDUNDANT
433	13	1	0	1	0		RIxAbtrennSIFA	Abtrennschalter SIFA
433	14	1	0	1	0		RIxTestSIFA	SIFA Test REDUNDANT (CAN1) / Fussschalter Rückspiegel (CAN2)
433	15	1	0	1	0		RIxZugSichSpeis	Speisung Zugsicherung Zentralgerät REDUNDANT
433	16	1	0	1	0		RIxSystemCH	System CH REDUNDANT
433	17	1	0	1	0		RIxSystemD_od_ETCSBetrBr	System Deutschland REDUNDANT oder ETCS Betriebsbremse REDUNDANT
433	18	1	0	1	0		RIxElGekuppelt	Elektrisch gekuppelt REDUNDANT
433	19	1	0	1	0		RIxSchnellbrems	Hilfsrelais Schnellbremsauslösung REDUNDANT
433	20	1	0	1	0		RIxSysWAbg_od_SB_FLGAbg	Systemwahl abgetrennt oder Schnellbremsung FLG abgetrennt REDUNDANT
433	21	1	0	1	0		RIxHW_FLG_FLG	FLG-FLG HW-Ueberwachung REDUNDANT
433	22	1	0	1	0		RIxPantoD	PantoWahlschalter D
433	23	1	0	1	0		RIxPantoCH_od_AbtrennungSIFA_D	PantoWahlschalter CH oder Abtrennung SIFA D
433	24	1	0	1	0		RIxNBA	Notbremsalarmierung redundant
433	25	1	0	1	0		RIxMG	Taste MG Bremse
433	26	1	0	1	0		RIxIndusiAktiv	Indusi Zentralgerät Aktiv
433	27	1	0	1	0		RIxResetLT	Leuchtdrucktaste Reset Leittechnik REDUNDANT
433	28	1	0	1	0		IxZBKISKIS_od_KeineSBETCS	KIS-KIS Kommunikation über Zugbus oder keine Schnellbremsung ETCS REDUNDANT
433	29	1	0	1	0		IxFzKennung3	Fahrzeugkennung Bit 3
433	30	1	0	1	0		IxFzKennung1	Fahrzeugkennung Bit 1
433	31	1	0	1	0		IxCMCSteustrom	Rückmeldung LS Steuerstrom
434	0	1	0	1	0		IxCMCMotorLueft	Rückmeldung LS Fahrmotorventilator
434	1	1	0	1	0		IxCMCKuehlturm	Rückmeldung LS Kühlturmventilator
434	2	1	0	1	0		IxCMCOelpumpe	Rückmeldung LS Oelpumpe
434	3	1	0	1	0		IxCMCWasserPumpe	Rückmeldung LS Wasserpumpe
434	4	1	0	1	0		IxCMCKompressor	Rückmeldung Motorschutzschalter Kompressor
434	5	1	0	1	0		IxCMCHeizungKlimaFR	Rückmeldung LS Klima FR / Heizkörper FR
434	6	1	0	1	0		IxBattHauptschalter	Rückmeldung Batteriehauptschalter
434	7	1	0	1	0		IxCMCTrafoBordnetz	Rückmeldung LS Trafo Bordnetz
434	8	1	0	1	0		IxDurchFlTrafo	Durchflusswächter Trafo
434	9	1	0	1	0		IxErdschluss	Erdschluss
434	10	1	0	1	0		IxDepotPFolgOK	Depotspeisung Phasenfolge ok
434	11	1	0	1	0		IxCMCDepotSp	Rückmeldung LS Depotspeisung
434	12	1	0	1	0		IxIprimmax	Überstrom Primär
434	13	1	0	1	0		IxStoeSSM	Störstrommonitor keine Störung
434	14	1	0	1	0		IxHeizAutomKup	Heizung automatische Kupplung
434	15	1	0	1	0		IxCMCVentiSR1	Rückmeldung LS Ventilator SR1
434	16	1	0	1	0		IxSSM_HSAus	Störstrommonitor Auslösung Hauptschalter
434	17	1	0	1	0		IxSSMBit1	Störstrommonitor Systemwahl Bit 1
434	18	1	0	1	0		IxSSMBit2	Störstrommonitor Systemwahl Bit 2
434	19	1	0	1	0		IxSSMBit3	Störstrommonitor Systemwahl Bit 3
434	20	1	0	1	0		IxSR3FreqVar	Oelniveausensor des Hauptkompressors
434	21	1	0	1	0		IxTrafoUebdr_NOT	Trafo Überdruck; INVERTIERT
434	22	1	0	1	0		IxLSErdschlRelais_od_LSFRHeizMGB	Rückmeldung LS Erdschlussrelais 1x400V 16.7Hz oder Rückmeldung LS Steckdosen FR + Heizung MG-Bremse
434	23	1	0	1	0		IxLSSteckdosenTuere	Rückmeldung LS Steckdosen Türsäule
434	24	1	0	1	0		IxSchuetzHBU1	Rückmeldung Schütz HBU SR1
434	25	1	0	1	0		IxSchuetzHBU2	Rückmeldung Schütz HBU SR2
434	26	1	0	1	0		IxLaengsKupHBU1	Rückmeldung Längskupplung Schütz 1
434	27	1	0	1	0		IxLaengsKupHBU2	Rückmeldung Längskupplung Schütz 2
434	28	1	0	1	0		IxTrenn1Stlg25kV	Trenner1 Stellung 25kV
434	29	1	0	1	0		IxTrenn1Stlg15kV	Trenner1 Stellung 15kV
434	30	1	0	1	0		IxTrenn2Stlg25kV	Trenner2 Stellung 25kV
434	31	1	0	1	0		IxTrenn2Stlg15kV	Trenner2 Stellung 15kV
435	0	1	0	1	0		RIxSSM_HSAus	Störstrommonitor Auslösung Hauptschalter REDUNDANT
435	1	1	0	1	0		RIxSSMBit1	Störstrommonitor Systemwahl Bit 1 REDUNDANT
435	2	1	0	1	0		RIxSSMBit2	Störstrommonitor Systemwahl Bit 2 REDUNDANT
435	3	1	0	1	0		RIxSSMBit3	Störstrommonitor Systemwahl Bit 3 REDUNDANT
435	4	1	0	1	0		RIxStoeSSM	keine Störung REDUNDANT
435	5	1	0	1	0		RIxIprimmax	Überstrom Primär REDUNDANT
435	7	1	0	1	0		RIxBattHauptschalter	Rückmeldung Batteriehauptschalter
435	8	1	0	1	0		RIxSchuetzHBU1	Rückmeldung Schütz HBU SR1
435	9	1	0	1	0		RIxSchuetzHBU2	Rückmeldung Schütz HBU SR2
435	10	1	0	1	0		RIxLaengsKupHBU1	Längskupplung Schütz 1 A-B
435	11	1	0	1	0		RIxLaengsKupHBU2	Längskupplung Schütz 2 A-B
435	12	1	0	1	0		RIxSR3FreqVar	Schütz SR3 Frequenzvariabel
435	14	1	0	1	0		RIxDepotPFolgOK	Depotspeisung Phasenfolge OK
435	15	1	0	1	0		RIxCMCDepotSp	Rückmeldung LS Depotspeisung
436	0	1	0	1	0		IxTritt100PctAusfAus	Schiebetritt 100 % Ausfahren Aus
436	1	1	0	1	0		IxTritt100PctAusfEin	Schiebetritt 100 % Ausfahren Ein
436	2	1	0	1	0		IxFzKennung2	Fahrzeugkennung Bit 2
436	4	1	0	1	0		RIxSchlagPanto	Schlagschutz Panto REDUNDANT (CAN1=CH)
436	5	1	0	1	0		RIxNotBremsAB	Passagier Notbremsschalter REDUNDANT
436	6	1	0	1	0		RIxDruckHilfsKpr	Druckschalter Hilfskompressorsteuerung REDUNDANT
436	7	1	0	1	0		RIxETCSKeinAbgleich	ETCS Kein V-Abgleich (Abtrennung mit Drahtbrücke)
437	0	1	0	1	0		RIxAbsperLBrMDG	Kontakt Absperrhahn Luftbremse MDG (CAN1=2 CAN2=1)  REDUNDANT
437	1	1	0	1	0		RIxAbsperrE243	Kontakt Absperrhahn Notbremsventil REDUNDANT
437	2	1	0	1	0		RIxAbsperBremsSt	Kontakt Absperrhahn Bremse ausschalten REDUNDANT
437	3	1	0	1	0		RIxAbsperSchlepp	Kontakt Absperrhahn Schleppfahrt REDUNDANT
437	4	1	0	1	0		RIxTrafoOelMax	Trafo Ölniveau max REDUNDANT
437	5	1	0	1	0		RIxTrafoOelMin	Trafo Ölniveau min REDUNDANT
437	6	1	0	1	0		RIxAbsperrFeSp	Kontakt Absperrhahn Federspeicher
438	0	1	0	1	0		IxVentiStufe1	Schalter Klima FR Stufe1
438	1	1	0	1	0		IxVentiStufe2	Schalter Klima FR Stufe2
438	2	1	0	1	0		IxVentiStufe3	Schalter Klima FR Stufe3
438	3	1	0	1	0		IxPfeifeHoch	Pfeife Hochton FR
438	4	1	0	1	0		IxPfeifeTief	Pfeife Tiefton FR
438	5	1	0	1	0		IxScheibwish1	Scheibenwischer Stufe 1 FR
438	6	1	0	1	0		IxBBATaLMN	Leuchtdrucktaste Löschdüse FR inaktiv
438	7	1	0	1	0		IxFSRueckspiegel	Fussschalter Rückspiegel
438	8	1	0	1	0		IxNothahn	Nothahn für Notbremse FR
438	9	1	0	1	0		IxNotbrTaste	Leuchtdrucktaste Notbremse FR
438	10	1	0	1	0		IxManoever	Manövertaste FR
438	11	1	0	1	0		IxEvakuieren	Leuchtdrucktaste evakuieren FR
438	12	1	0	1	0		IxTuerVerr	Leuchtdrucktaste Türverrigelung FR
438	13	1	0	1	0		IxTuerFreiLi	Leuchtdrucktaste Türentriegelung links FR
438	14	1	0	1	0		IxTuerFreiRe	Leuchtdrucktaste Türverriegelung rechts FR
438	15	1	0	1	0		IxTuerOffen	Türe offen FR
438	16	1	0	1	0		IxMGBremse	Leuchtdrucktaste MG-Bremse FR
438	17	1	0	1	0		IxZwangsoeffnenFR	Leuchtdrucktaste Zwangsöffnen FR
438	18	1	0	1	0		IxSchutzStrecke	Leuchtdrucktaste Schutzstreckre FR
438	19	1	0	1	0		IxKupplMeld	Automatische Kupplung binäres Signal
438	20	1	0	1	0		IxKupplbelegt	Automatische Kupplung mech. gekoppelt
438	21	1	0	1	0		IxResetLT	Leuchtdrucktaste Reset Leittechnik
438	22	1	0	1	0		IxKlimaAus	Leuchtdrucktaste Klima Aus
438	23	1	0	1	0		IxScheinwerfer_od_ETCSTraktAus	Druckschalter Scheinwerfer oder ETCS Traktion Aus
438	24	1	0	1	0		IxKprTasteFR	Leuchtdrucktaste Kompressor FR
438	25	1	0	1	0		IxWaschenFR	Leuchtdrucktaste Waschstrasse FR
438	26	1	0	1	0		IxSandenFR	Leuchtdrucktaste Sander
438	27	1	0	1	0		IxSchleuderFR	Leuchtdrucktaste Schleuderbremse FR
438	28	1	0	1	0		IxScheibeHEinFR	Scheibenheizung EIN FR (Front)
438	29	1	0	1	0		IxKonvHeizkFRSeiteRegel	Konvektionsheizkörper FR Seite Regelthermostate
438	30	1	0	1	0		IxTempScheibeFR	Thermostat Frontscheibenheizung FR
438	31	1	0	1	0		IxScheibeHAusFR	Scheibenheizung AUS FR (Front)
439	0	1	0	1	0		IxLampentestFR	Drucktaste Lampentest FR
439	1	1	0	1	0		IxEntkupp12_FR	Leuchtdrucktaste Entkuppeln 1-2
439	2	1	0	1	0		IxEntkupp23_FR	Leuchtdrucktaste Entkuppeln 2-3
439	3	1	0	1	0		IxEntkupp34_FR	Leuchtdrucktaste Entkuppeln 3-4
439	4	1	0	1	0		IxZugbelEIN_FR	Zugbeleuchtung EIN FR
439	5	1	0	1	0		IxZugbelAUS_FR	Zugbeleuchtung AUS FR
439	6	1	0	1	0		IxBremseloseFR	Taste Bremse lose Bremsprobe
439	7	1	0	1	0		IxBremsefestFR	Taste Bremse fest Bremsprobe
439	8	1	0	1	0		IxDienstbelEinFR	Dienstbeleuchtung EIN FR
439	9	1	0	1	0		IxRangierbelEinFR	Rangierbeleuchtung EIN FR
439	10	1	0	1	0		IxWarnsignalEinFR	Warnsignal EIN FR
439	11	1	0	1	0		IxKonvHeizkFRNischeRegel	Konvektionsheizkörper FR Nische Regelthermostate
439	12	1	0	1	0		IxFestBrEIN_FR	Leuchtdrucktaste Feststellbremse EIN FR
439	13	1	0	1	0		IxFestBrAUS_FR	Leuchtdrucktaste Feststellbremse AUS FR
439	14	1	0	1	0		IxPark_FR	Leuchtdrucktaste Parkstellung FR
439	15	1	0	1	0		IxEntpannenFR	Leuchtdrucktaste Entpannung FR
439	16	1	0	1	0		IxFahrenFR	ZB-Schieber Fahren FR
439	17	1	0	1	0		IxBremsenFR	ZB-Schieber Bremsen FR
439	18	1	0	1	0		IxVorwaertsFR	Fahrrichtungssch.FR Fahrrichtung Vorwärts
439	19	1	0	1	0		IxRueckwaertsFR	Fahrrichtungssch.FR Fahrrichtung Rückwärts
439	20	1	0	1	0		IxFRbesetzt	Führerraum besetzt
439	21	1	0	1	0		IxPantoHochFR	Panto Hoch FR
439	22	1	0	1	0		IxHSEinFR	Hauptschalter EIN FR
439	23	1	0	1	0		IxSteuStromFR	Steuerstrom FR
439	24	1	0	1	0		IxAbtrenVSoll	Abtrennung VSoll Regelung
439	25	1	0	1	0		IxVSollInc	Stellung &quot;+&quot; VSoll-Hebel
439	26	1	0	1	0		IxVSollDec	Stellung &quot;-&quot; VSoll-Hebel
439	27	1	0	1	0		IxVsollNull_NOT	Stellung &quot;0&quot; VSollHebel invertiert
439	28	1	0	1	0		IxVsollBestaetigen	V Soll Bestätigung
439	29	1	0	1	0		IxETCSTest	ETCS Test aktiv
439	31	1	0	1	0		IxScheinwerfer	Schalter Scheinwerfer (Umstellung Lampenstromüberwachung auf LED)
440	0	1	0	1	0		RIxFRbesetzt	Führerraum besetzt REDUNDANT
440	1	1	0	1	0		RIxPantoHochFR	Panto Hoch FR REDUNDANT
440	2	1	0	1	0		RIxHSEinFR	Hauptschalter EIN FR REDUNDANT
440	3	1	0	1	0		RIxFahrenFR	ZB-Schieber Fahren  FR REDUNDANT
440	4	1	0	1	0		RIxBremsenFR	ZB-Schieber Bremsen FR REDUNDANT
440	5	1	0	1	0		RIxVorwaertsFR	Fahrrichtungssch.FR Fahrrichtung Vorwärts REDUNDANT
440	6	1	0	1	0		RIxRueckwartsFR	Fahrrichtungssch.FR Fahrrichtung Rückwärts REDUNDANT
440	7	1	0	1	0		RIxEntpannenFR	Leuchtdrucktaste Entpannung FR REDUNDANT
440	8	1	0	1	0		RIxTuerOffenFR	Taste Türe offen REDUNDANT
440	9	1	0	1	0		RIxManoeverFR	Manövertaste REDUNDANT
440	10	1	0	1	0		RIxFestBrEIN_FR	Leuchtdrucktaste Feststellbremse EIN FR REDUNDANT
440	11	1	0	1	0		RIxFestBrAUS_FR	Leuchtdrucktaste Feststellbremse AUS FR REDUNDANT
440	12	1	0	1	0		RIxBremseloseFR	Taste Bremse lose Bremsprobe REDUNDANT
440	13	1	0	1	0		RIxBremsefestFR	Taste Bremse fest Bremsprobe REDUNDANT
440	14	1	0	1	0		RIxWarnsignalEinFR	Taste Warnsignal EIN FR REDUNDANT
440	15	1	0	1	0		RIxEvakuierenFR	Leuchtdrucktaste &quot;evakuieren&quot; REDUNDANT
440	16	1	0	1	0		RIxHochtonFR	Pfeife Hochton REDUNDANT
440	17	1	0	1	0		RIxTieftonFR	Pfeife Tiefton REDUNDANT
440	18	1	0	1	0		RIxTuerVerrFR	Leuchtdrucktaste Türverriegelung FR REDUNDANT
440	19	1	0	1	0		RIxTuerEntrgLFR	Leuchtdrucktaste Türentriegelung links FR REDUNDANT
440	20	1	0	1	0		RIxTuerEntrgRFR	Leuchtdrucktaste Türentriegelung rechts FR REDUNDANT
440	21	1	0	1	0		RIxSandenFR	Leuchtdrucktaste Sander REDUNDANT
440	22	1	0	1	0		RIxKupplSbelegt	mechanisch gekuppelt REDUNDANT
440	23	1	0	1	0		RIxNotbrTasteFR	Leuchtdrucktaste Notbremse REDUNDANT
440	24	1	0	1	0		RIxBBATaLMNFR	Redundant Taster Löschdüse FR inaktiv
440	25	1	0	1	0		RIxAbtrenVSoll	Abtrennung VSoll Regelung REDUNDANT
440	26	1	0	1	0		RIxVSollInc	Redundant Stellung &quot;+&quot; VSoll-Hebel
440	27	1	0	1	0		RIxVSollDec	Redundant Stellung &quot;-&quot; VSoll-Hebel
440	28	1	0	1	0		RIxVSollNull_NOT	Redundant Stellung &quot;0&quot; VSollHebel invertiert
440	29	1	0	1	0		RIxVsollBestaetigen	Redundant V Soll bestätigen
440	30	1	0	1	0		RIxNothahnFR	Nothahn FR
440	31	1	0	1	0		RIxRueckspiegel	Fusschalter Rückspiegel
441	0	1	0	1	0		IxNotBremsAB	Notbremsschalter elektrisch
441	1	1	0	1	0		IxFehlerKonvHeiz	Fehler Konvektionsheizkörper
441	2	1	0	1	0		IxLuftTuerOK	Lüfter Türen in Betrieb
441	3	1	0	1	0		IxLuefterUebergangOK	Lüfter Wagenübergang in Betreib
441	4	1	0	1	0		IxSchlagPanto	Schlagschutz Panto (CAN1 = D) (CAN2 = CH)
441	5	1	0	1	0		IxUmluftOK	Umluftheizer OK
441	6	1	0	1	0		IxDruckHilfsKpr	Druckschalter Hilfskompressorsteuerung
441	7	1	0	1	0		IxHaltanford_AB_od_ETCSKeinAbgl	Zusätzliche Haltanforderungstaster Wagen A/B oder ETCS kein Abgleich
441	8	1	0	1	0		IxLSKonvHeizungen	LS Sammelmeldung Konvektionsheizungen
441	9	1	0	1	0		IxLSHeizregister	LS Sammelmeldung Heizregister
441	10	1	0	1	0		IxLSKlimaFGR	LS Rückmeldung 3x400 V Klimaanlage FGR
441	11	1	0	1	0		IxLSMonitore	LS Rückmeldung Monitore
441	12	1	0	1	0		IxUebTempKonvHeizAB_od_Switch	Uebertemperatur Konvektionsheizkörper (NEGIERT) (CAN1: Wagen A, CAN2: Wagen B) oder Rückmeldung Switch
441	13	1	0	1	0		IxUmluftT1T7OK	Keine Uebertemperatur Umluft T1/T7
441	14	1	0	1	0		IxUmluftT2T8OK	Keine Uebertemperatur Umluft T2/T8
441	15	1	0	1	0		IxLuftWagUebOK	Keine Uebertemperatur Wagenübergang
442	0	1	0	1	0		IxWCSumStoer_od_Zust1WNBA	WC_Summenstörung (Nur CAN 1) oder Zustandsbit 1 WNBA  (Nur CAN 2)
442	1	1	0	1	0		IxWC_SOS_od_Zust2WNBA	WC_SOS_Signal (Nur CAN 1) oder Zustandsbit 2 WNBA  (Nur CAN 2)
442	2	1	0	1	0		IxBiotank80voll_od_BrandWNBA	Biotank 80% Voll (Nur CAN 1) oder Brandalarm WNBA (Nur CAN 2)
442	3	1	0	1	0		IxLSHeizmattWNBA	LS Rückmeldung Heizmatten WNBA (nur CAN 2)
442	4	1	0	1	0		IxErdschlAL2	Erdschlusserfassung AL2 (Nur CAN 1)
442	5	1	0	1	0		RIxNotBremsCD	Notbremsschalter elektrisch REDUNDANT (CAN1 CAN2)
442	6	1	0	1	0		RIxDrBrZylAchs57	Bremszylinderdruck Achse (7=CAN1 5=CAN2) REDUNDANT
442	7	1	0	1	0		RIxDrBrZylAchs68	Bremszylinderdruck Achse (8=CAN1 6=CAN2) REDUNDANT
442	8	1	0	1	0		IxCodierungWNBABit0	Codierung Bit 0 WNBA
442	9	1	0	1	0		IxCodierungWNBABit1	Codierung Bit 1 WNBA
442	10	1	0	1	0		IxCodierungWNBABit2	Codierung Bit 2 WNBA
442	11	1	0	1	0		IxCodierungWNBABit3	Codierung Bit 3 WNBA
442	12	1	0	1	0		IxRauchmeld80Proz	Rauchmelder 80 Prozent verschmutzt
442	15	1	0	1	0		IxSimulation	Eingang für Simulation Modell
443	0	1	0	1	0		IxAbsperLBLDG1	Kontakt Absperrhahn Luftbremse LDG1
443	1	1	0	1	0		IxAbsperSL_2	Kontakt Absperrhahn Speiseleitung 2
443	2	1	0	1	0		IxAbsperSL_1	Kontakt Absperrhahn Speiseleitung 1
443	3	1	0	1	0		IxAbsperHL_2	Kontakt Absperrhahn Hauptleitung 2
443	4	1	0	1	0		IxAbsperHL_1	Kontakt Absperrhahn Hauptleitung 1
443	5	1	0	1	0		IxAbsper7StVent	Kontakt Absperrhahn 7-Stufen-Ventil
443	6	1	0	1	0		IxAbsperBremse	Kontakt Absperrhanhn Bremse
443	7	1	0	1	0		RIxDrBrZylAchs9	Bremszylinderdruck Achse 9 REDUNDANT
443	8	1	0	1	0		RIxDrBrZylAchs10	Bremszylinderdruck Achse 10 REDUNDANT
443	9	1	0	1	0		RIxAbsperLBLDG2	Kontakt Absperrhahn Luftbremse LDG2 REDUNDANT
443	10	1	0	1	0		IxNachspeisung	Nachspeisung HL aktiv  (E278)
443	11	1	0	1	0		IxFrischwasser20	Frischwassertank 20 Prozent voll
443	13	1	0	1	0		IxBBAReady	Brandbekämpfungsanlage Betriebsbereit Relaiskontakt 1
443	14	1	0	1	0		IxBBAError	Brandbekämpfungsanlage Störung Relaiskontakt 2
443	15	1	0	1	0		IxBBAAlarm	Brandbekämpfungsanlage Alarm Relaiskontakt 3
444	0	32	0	1	0		FZPF_IdwStationsnr	Stationsnummer für Schiebetritt
444	32	8	0	1	0		FZPF_IbLinienNr	Liniennummer (L1, L3, L3)
444	40	8	0	1	0		FZPF_IbLaufricht	Laufrichtung (0=geradeZugNr, 1=unger.ZugNr)
444	49	1	0	1	0		FZPF_xLastmanagement	Lastmanagement gefordert
445	0	8	0	1	0		DB_bSollPosWagAL	Tritt Soll-Position Wagen A Links
445	8	8	0	1	0		DB_bSollPosWagBL	Tritt Soll-Position Wagen B Links
445	16	8	0	1	0		DB_bSollPosWagCL	Tritt Soll-Position Wagen C Links
445	24	8	0	1	0		DB_bSollPosWagDL	Tritt Soll-Position Wagen D Links
445	32	8	0	1	0		DB_bSollPosWagEL	Tritt Soll-Position Wagen E Links
445	40	8	0	1	0		DB_bSollPosWagFL	Tritt Soll-Position Wagen F Links
446	0	1	0	1	0		DP_xSig2232	Display Werkstattmenue : Fahrgastnotbremsueberbrueckung ueberbruecken
446	1	1	0	1	0		DP_xSig2220	Display Werkstattmenue Depotspeisung : Zuschalten Kompressor
446	2	1	0	1	0		DP_xSig2229	Display Werkstattmenue Depotspeisung : Zuschalten Fahrmotor Ventilation
446	3	1	0	1	0		DP_xSig2213	Display Werkstattmenue Depotspeisung : Zuschalten Klimaanlage 1
446	4	1	0	1	0		DP_xSig2214	Display Werkstattmenue Depotspeisung : Zuschalten Klimaanlage 2
446	5	1	0	1	0		DP_xSig2248	Display Werkstattmenue Depotspeisung : Zuschalten Oelpumpe
446	6	1	0	1	0		DP_xSig2012	Display Werkstattmenue Depotspeisung : Depotspeisung aktivieren
446	7	1	0	1	0		DP_xSig2036	Display Werkstattmenue Depotspeisung : Ventilationsbetrieb erst bei höheren SR Temp zulassen
446	8	1	0	1	0		DP_xSig2286	Display Werkstattmenue Depotspeisung : Zuschalten Kühlturm Ventilation
446	10	1	0	1	0		DP_xSig2295	Display Werkstattmenue Störstrommonitor : SSM Test-Modus CH Seite A
446	11	1	0	1	0		DP_xSig2297	Display Werkstattmenue Störstrommonitor : SSM Test-Modus 100Hz Seite A
446	12	1	0	1	0		DP_xSig2299	Display Werkstattmenue Störstrommonitor : SSM Test-Modus 42Hz Seite A
446	13	1	0	1	0		DP_xSig2313	Start Gleitschutztest
446	14	1	0	1	0		DP_xSig2334	Stop Gleitschutztest
446	15	1	0	1	0		DP_xSig2343	Uebertemperatur PIXI-Terminal
446	16	16	0	1	0		DP_wSig1953	Display Eingabe Zug/Lf-Nummer    : Übernahme Zugnummer von Eingabe am Display
446	42	1	0	1	0		DP_xSig2223	Wechsel Leuchtmittel der Dienstbeleuchtung
446	43	1	0	1	0		DP_xSig2340	Display Eingabe Tür-Summer Aus
446	44	1	0	1	0		DP_xSig2346	Überfuhr Fahrzeug 1 Vorwarnung EIN
446	45	1	0	1	0		DP_xSig2349	Überfuhr Fahrzeug 2 Vorwarnung EIN
446	46	1	0	1	0		DP_xSig2352	Überfuhr Fahrzeug 3 Vorwarnung EIN
446	47	1	0	1	0		DP_xSig2355	Überfuhr Fahrzeug 4 Vorwarnung EIN
446	48	1	0	1	0		DP_xSig2345	Überfuhr Fahrzeug 1 EIN
446	49	1	0	1	0		DP_xSig2344	Überfuhr Fahrzeug 1 AUS
446	50	1	0	1	0		DP_xSig2348	Überfuhr Fahrzeug 2 EIN
446	51	1	0	1	0		DP_xSig2347	Überfuhr Fahrzeug 2 AUS
446	52	1	0	1	0		DP_xSig2351	Überfuhr Fahrzeug 3 EIN
446	53	1	0	1	0		DP_xSig2350	Überfuhr Fahrzeug 3 AUS
446	54	1	0	1	0		DP_xSig2354	Überfuhr Fahrzeug 4 EIN
446	55	1	0	1	0		DP_xSig2353	Überfuhr Fahrzeug 4 AUS
446	56	1	0	1	0		DP_xSig2296	Display Werkstattmenue Störstrommonitor : SSM Test-Modus CH Seite B
446	57	1	0	1	0		DP_xSig2298	Display Werkstattmenue Störstrommonitor : SSM Test-Modus 100Hz Seite B
446	58	1	0	1	0		DP_xSig2300	Display Werkstattmenue Störstrommonitor : SSM Test-Modus 42Hz Seite B
446	59	1	0	1	0		DP_xSig1999	Display Befehl Rekuperation Aus
446	60	1	0	1	0		DP_xSig2302	Seitliche Konvektionsheizkörper Freigeben
446	61	1	0	1	0		DP_xSig2301	Seitliche Konvektionsheizkörper sperren.
446	62	1	0	1	0		DP_xSig2025	Display Diagnoseleitung nicht verbunden
446	63	1	0	1	0		DP_xSig2336	Neue Bereitstellzeit vom Display
503	0	32	0	1	0		dwInfoDisplayRDS1	Information Display an RDS
503	32	32	0	1	0		dwInfoDisplayRDS2	nformation Display an RDS
504	0	16	0	1	0		FZPF_IwDiagnose3	Diagnose 3. Word
504	8	8	0	1	0		FZPF_IbLifesignLow	Lebenszeichen Low
504	16	8	0	1	0		FZPF_IbLifesignHigh	Lebenszeichen High
504	16	16	0	1	0		FZPF_IwDiagnose4	Diagnose 4. Word
504	32	16	0	1	0		FZPF_IwDiagnose5	Diagnose 5. Word
504	48	16	0	1	0		FZPF_IwDiagnose6	Diagnose 6. Word
505	0	8	0	1	0		FZPF_IbStepExtendValueAL	Step extended value coach A left side
505	0	32	0	1	0		FZPF_IdwGPSLatitude	GPS Latitude
505	8	8	0	1	0		FZPF_IbStepExtendValueAR	Step extended value coach A right side
505	16	8	0	1	0		FZPF_IbStepExtendValueBL	Step extended value coach B left side
505	24	8	0	1	0		FZPF_IbStepExtendValueBR	Step extended value coach B right side
505	32	8	0	1	0		FZPF_IbStepExtendValueCL	Step extended value coach C left side
505	32	32	0	1	0		FZPF_IdwGPSLongitude	GPS Longitude
505	40	8	0	1	0		FZPF_IbStepExtendValueCR	Step extended value coach C right side
505	48	8	0	1	0		FZPF_IbStepExtendValueDL	Step extended value coach D left side
505	56	8	0	1	0		FZPF_IbStepExtendValueDR	Step extended value coach D right side
506	0	16	0	1	0		FIS_wSWVersion	Version der Software
506	16	16	0	1	0		FIS_wHWVersion	Version der Hardware
506	32	16	0	1	0		FIS_wDBVersion	Version der Datenbank
508	0	1	0	1	0		SR2_xMSRPEBBADCF	SR2 Motorstromrichter PEBB ADC Fehler
508	0	8	0	1	0		SR2_bCTRFault4Lo	Control Fehler 1 Byte Low
508	1	1	0	1	0		SR2_xMSRPEBBF	SR2 Motorstromrichter PEBB Fehler
508	2	1	0	1	0		SR2_xMSRPEBBErdF	SR2 Motorstromrichter PEBB Erdungsfehler
508	3	1	0	1	0		SR2_xVLUPEBBF	SR2 VLU PEBB Fehler
508	4	1	0	1	0		SR2_xVLUPEBBErdF	SR2 VLU PEBB Erdungsfehler
508	5	1	0	1	0		SR2_x4QSPEBBADCF	SR2 Netzstromrichter PEBB ADC Fehler
508	6	1	0	1	0		SR2_x4QSPEBBF	SR2 Netzstromrichter PEBB Fehler
508	7	1	0	1	0		SR2_x4QSPEBBErdF	SR2 Netzstromrichter PEBB Erdungsfehler
508	8	1	0	1	0		SR2_xHBUPEBBF	SR2 HBU PEBB Fehler
508	8	8	0	1	0		SR2_bCTRFault4Hi	Control Fehler 1 Byte High
508	9	1	0	1	0		SR2_xHBUPEBBErdF	SR2 HBU PEBB Erdungsfehler
508	16	1	0	1	0		SR2_xIPosAbweich	SR2 Netzstromrichter Strom positiven Unterschied A011-V611 &lt;-&gt; A013-V611
508	16	8	0	1	0		SR2_bWarning4Low	Warning 4 Byte Low
508	17	1	0	1	0		SR2_xINegAbweich	SR2 Netzstromrichter Strom negativen Unterschied A012-V611 &lt;-&gt; A014-V611
508	24	8	0	1	0		SR2_bWarning4Hig	Warning 4 Byte High
508	48	16	0	1	0		SR2_wdDf_Dt_Max	Maximal allowed frequency gradient (Vec signal unless rolling)
509	0	16	0	0.1	0	V	SR2_wUzk	DC Voltage 0...900 [V]
509	16	16	0	0.01	0	A	SR2_wIHBUAmpl	Current amplitude for HBU 0...150 [A]
509	32	16	1	0.01	0	A	SR2_wIBatt	Battery charging current -268...268 [A]
509	48	16	0	0.04	0	A	SR2_wIBattTot	Total Battery current 0...800 [A]
510	0	1	0	1	0		SR1_xMSRPEBBADCF	SR1 Motorstromrichter PEBB ADC Fehler
510	0	8	0	1	0		SR1_bCTRFault4Lo	Control Fehler 1 Byte Low
510	1	1	0	1	0		SR1_xMSRPEBBF	SR1 Motorstromrichter PEBB Fehler
510	2	1	0	1	0		SR1_xMSRPEBBErdF	SR1 Motorstromrichter PEBB Erdungsfehler
510	3	1	0	1	0		SR1_xVLUPEBBF	SR1 VLU PEBB Fehler
510	4	1	0	1	0		SR1_xVLUPEBBErdF	SR1 VLU PEBB Erdungsfehler
510	5	1	0	1	0		SR1_x4QSPEBBADCF	SR1 Netzstromrichter PEBB ADC Fehler
510	6	1	0	1	0		SR1_x4QSPEBBF	SR1 Netzstromrichter PEBB Fehler
510	7	1	0	1	0		SR1_x4QSPEBBErdF	SR1 Netzstromrichter PEBB Erdungsfehler
510	8	1	0	1	0		SR1_xHBUPEBBF	SR1 HBU PEBB Fehler
510	8	8	0	1	0		SR1_bCTRFault4Hi	Control Fehler 1 Byte High
510	9	1	0	1	0		SR1_xHBUPEBBErdF	SR1 HBU PEBB Erdungsfehler
510	16	1	0	1	0		SR1_xIPosAbweich	SR1 Netzstromrichter Strom positiven Unterschied A011-V611 &lt;-&gt; A013-V611
510	16	8	0	1	0		SR1_bWarning4Low	Warning 4 Byte Low
510	17	1	0	1	0		SR1_xINegAbweich	SR1 Netzstromrichter Strom negativen Unterschied A012-V611 &lt;-&gt; A014-V611
510	24	8	0	1	0		SR1_bWarning4Hig	Warning 4 Byte High
510	48	16	0	1	0		SR1_wdDf_Dt_Max	Maximal allowed frequency gradient (Vec signal unless rolling)
511	0	16	0	0.1	0	V	SR1_wUzk	DC Voltage 0...900 [V]
511	16	16	0	0.01	0	A	SR1_wIHBUAmpl	Current amplitude for HBU 0...150 [A]
511	32	16	1	0.01	0	A	SR1_wIBatt	Battery charging current -268...268 [A]
511	48	16	0	0.04	0	A	SR1_wIBattTot	Total Battery current 0...800 [A]
517	0	8	0	1	0		DP_bSig1858	Display Lupe Fahrzeug : Türen Plattform 1 Wagen A Fahrzeug 1
517	8	8	0	1	0		DP_bSig1862	Display Lupe Fahrzeug : Türen Plattform 2 Wagen A Fahrzeug 1
517	16	8	0	1	0		DP_bSig1866	Display Lupe Fahrzeug : Türen Plattform 3 Wagen D Fahrzeug 1
517	24	8	0	1	0		DP_bSig1870	Display Lupe Fahrzeug : Türen Plattform 4 Wagen D Fahrzeug 1
517	32	8	0	1	0		DP_bSig1874	Display Lupe Fahrzeug : Türen Plattform 5 Wagen C Fahrzeug 1
517	40	8	0	1	0		DP_bSig1878	Display Lupe Fahrzeug : Türen Plattform 6 Wagen C Fahrzeug 1
517	48	8	0	1	0		DP_bSig1882	Display Lupe Fahrzeug : Türen Plattform 7 Wagen B Fahrzeug 1
517	56	8	0	1	0		DP_bSig1886	Display Lupe Fahrzeug : Türen Plattform 8 Wagen B Fahrzeug 1
518	0	1	0	1	0		DP_xSig1964	Absperrhahn Luftbremse MDG1
518	1	1	0	1	0		DP_xSig1965	Absperrhahn Luftbremse MDG2
518	2	1	0	1	0		DP_xSig1966	Absperrhahn Notbremsventil Wagen A
518	3	1	0	1	0		DP_xSig1967	Absperrhahn Notbremsventil Wagen B
518	4	1	0	1	0		DP_xSig1970	Absperrhahn Abschlepphahn Wagen A
518	5	1	0	1	0		DP_xSig1971	Absperrhahn Abschlepphahn Wagen B
518	6	1	0	1	0		DP_xSig1955	Absperrhahn Bremse Wagen A
518	7	1	0	1	0		DP_xSig1956	Absperrhahn Bremse Wagen B
518	8	1	0	1	0		DP_xSig1962	Absperrhahn Luftbremse LDG1
518	9	1	0	1	0		DP_xSig1963	Absperrhahn Luftbremse LDG2
518	10	1	0	1	0		DP_xSig1957	Absperrhahn Bremse LDG
518	11	1	0	1	0		DP_xSig1968	Absperrhahn Speiseleitung 1
518	12	1	0	1	0		DP_xSig1969	Absperrhahn Speiseleitung 2
518	13	1	0	1	0		DP_xSig1960	Absperrhahn Hauptleitung 1
518	14	1	0	1	0		DP_xSig1961	Absperrhahn Hauptleitung 2
518	15	1	0	1	0		DP_xSig1954	Absperrhahn 7-Stufen-Ventil
518	16	16	1	0.01	0	°C	DP_wSig1924	Display Heizung/Lüftung/Kühlung : Aussentemperatur
518	32	16	1	0.01	0	°C	DP_wSig1943	Display Heizung/Lüftung/Kühlung : Temperatur Fahrgastraum A
518	48	16	1	0.01	0	°C	DP_wSig1944	Display Heizung/Lüftung/Kühlung : Temperatur Fahrgastraum B
519	0	16	0	1	0		DP_wSig1928	%FhzNbr Fahrzeugnummer
519	16	16	0	1	0		DP_wSig1929	Fahrzeugnummer eines geführten Fahrzeuges
519	32	8	0	1	0		DP_bSig1771	Nummer des geführten Fahrzeuges von welchem die Fahrzeugnummer stammt
519	40	8	0	1	0		DP_bSig1784	Gleitschutztest Rückmeldung 1. Byte
519	48	8	0	1	0		DP_bSig1785	Gleitschutztest Rückmeldung 2. Byte
519	56	8	0	1	0		DP_bSig1786	Gleitschutztest Inikator der Errormeldung
520	0	32	0	1	0	kWh	DP_dwSig1899	Energiebezug 15kV Betrieb in kWh
520	32	32	0	1	0	kWh	DP_dwSig1900	Energiebezug 25kV Betrieb in kWh
521	0	32	0	0.01666666661	0	Min	DP_dwSig1916	Betriebsstunden Kompressor
521	32	32	0	0.01666666661	0	Min	DP_dwSig1914	Betriebsstunden Hilfskompressor
525	0	16	0	1	0		ETCS_wVSollAnzeige	Out00..15:
525	16	16	0	1	0		ETCS_wVIstFLG	Out16..31:
525	32	1	0	1	0		ETCS_xVSollPunktAnzeigeBit0	Out32:
525	33	1	0	1	0		ETCS_xVSollPunktAnzeigeBit1	Out33:
525	34	1	0	1	0		ETCS_xVSollPunktAnzeigeBit2	Out34:
525	35	1	0	1	0		ETCS_xFzStatusFahren	Out35:
525	36	1	0	1	0		ETCS_xFzStatusRollen	Out36:
525	37	1	0	1	0		ETCS_xFzStatusBremsenElektr	Out37:
525	38	1	0	1	0		ETCS_xFzStatusBremsenPneum	Out38:
525	39	1	0	1	0		ETCS_xLampentest	Out39:
525	40	8	0	1	0		ETCS_bLebenszeichen	Out40..47:
525	48	16	0	1	0		ETCS_wZugLaenge	Out48..63:
526	0	16	0	1	0	Nm	SR1_wTqRef	Reference Torque for drive motors -4500...4500 [Nm]
526	16	16	0	1	0	Hz	SR1_wNmech	Mech. Speed. This signal is used in the motor control if the sensor is defect. -100...100 [Hz]
526	32	16	0	1	0		SR1_wDf_Dt_Max	Maximal allowed frequency gradient 0...20 [s^-2]
526	48	16	0	1	0	Hz	SR1_wHBUfreqRef	Reference frequency HBU 0...50 [Hz]
527	0	16	0	1	0		SR2_wTqRef	Reference Torque for drive motors -4500...4500 [Nm]
527	16	16	0	1	0		SR2_wNmech	Mech. Speed. This signal is used in the motor control if the sensor is defect. -100...100 [Hz]
527	32	16	0	1	0		SR2_wDf_Dt_Max	Maximal allowed frequency gradient 0...20 [s^-s]
527	48	16	0	1	0		SR2_wHBUfreqRef	Reference frequency HBU 0...50 [Hz]
528	0	16	0	1	0		TEL_wHLDruck	Hauptleitungsdruck
528	16	1	0	1	0		TEL_xWachsamkeit	Wachsamkeit Bedienelemente
528	16	16	0	1	0		TEL_wSignale1	Out16..31:
528	17	1	0	1	0		TEL_xFahrgNotbr	Fahrgast Notbremse
528	18	1	0	1	0		TEL_xFR1besetzt	Führerraum 1 besetzt
528	19	1	0	1	0		TEL_xFR2besetzt	Führerraum 2 besetzt
528	20	1	0	1	0		TEL_xFzggefuehrt	Fahrzeug geführt im Zugverband
528	21	1	0	1	0		TEL_xResetTagkm	Rücksetzen Tageskilometer
528	22	1	0	1	0		TEL_xFahrr1	Fahrrichtung 1
528	23	1	0	1	0		TEL_xFahrr2	Fahrrichtung 2
528	24	1	0	1	0		TEL_xTuerFreiLi	Ture Freigabe Links
528	25	1	0	1	0		TEL_xTuerFreiRe	Ture Freigabe Rechts
528	26	1	0	1	0		TEL_xTuerVerri	Ture verriegeln
528	27	1	0	1	0		TEL_xTestINTEGRA	INTEGRA Pruefung
528	28	1	0	1	0		TEL_xSchnellbrem	Schnellbremsung
528	29	1	0	1	0		TEL_xNBUe	Notbremsueberbrueckung
528	30	1	0	1	0		TEL_xZBHebel_0	Fahrschalter 0
528	31	1	0	1	0		TEL_xBrandalarm	Brandalarm
528	32	16	0	1	0		TEL_wZBSoll	Zug Bremskraft Sollwert
528	48	16	0	1	0		TEL_wVistFzg	Ist-Geschwindigkeit des Fahrzeugs
529	0	16	0	1	0		GSS426_wVist	Fahrzeug Istgeschwindigkeit
529	16	8	0	1	0		GSS426_3_Qb0	GSS 426.3 Digital Output
529	32	16	0	1	0		GSS426_wPWTRegEP	Stromregelung EP-Bremse
529	48	8	0	1	0		GSS426_QbMeldung0	GSS 426 Meldung 0
529	56	8	0	1	0		GSS426_QbMeldung1	GSS 426 Meldung 1
530	0	16	0	1	0		GSS424_wVist	Fahrzeug Istgeschwindigkeit
530	16	16	0	1	0		GSS424_wBrZylD56	Bremszylinderdruck (CAN1=5&amp;6 CAN2=7&amp;8)
530	32	8	0	1	0		GSS424_QbMeldung0	GSS 424 Meldung 0 Ausgang
530	40	8	0	1	0		GSS424_2_Qb0	Pos 424.2 Digital Output
530	48	8	0	1	0		GSS424_3_Qb0	GSS 424 Digital Output
531	0	16	0	1	0		GSS428_wVist	Fahrzeug Istgeschwindigkeit
531	16	16	0	1	0		GSS428_wBrZylD91	Bremszylinderdruck Achse 9 und 10
531	32	16	0	1	0		GSS428_wPWTRegEP	Stromregelung EP-Bremse (Pos 428.3)
531	48	8	0	1	0		GSS428_QbMeldung0	GSS 428 Meldung 0 Ausgang
531	56	8	0	1	0		GSS428_3_Qb0	GSS 428.3 Digital Outputs
533	0	1	0	1	0		KL1_xAus	Befehl AUS
533	0	8	0	1	0		KL1_bBetriebsart	Betriebsart zu den Klimarechnern
533	1	1	0	1	0		KL1_xParken	Befehl Park
533	2	1	0	1	0		KL1_xAutomatik	Befehl Automatik
533	3	1	0	1	0		KL1_xWaschen	Befehl Waschanlage
533	8	1	0	1	0		KL1_xLSHeizregisterOk	LS Heizregister FGR ist EIN
533	9	1	0	1	0		KL1_xSichKettEinstieg1Ok	Sicherheitskette Umluftheuzer Einstieg 1 ok
533	10	1	0	1	0		KL1_xSichKettEinstieg2Ok	Sicherheitskette Umluftheuzer Einstieg 2 ok
533	11	1	0	1	0		KL1_xSichKettWagenUebergangOk	Sicherheitskette Umluftheuzer Wagenübergang ok
533	12	1	0	1	0		KL1_xLSKonvFGROk	LS Konvektionsheizkörper Fahrgastraum ok
533	13	1	0	1	0		KL1_xSichThermNischenheizerOk	Sicherheitsthermostat Nischenheizer FR ok
533	14	1	0	1	0		KL1_xSichKettKonvHeizFGROk	Sicherheitskette Konvektionsheizkörper FGR ok
533	15	1	0	1	0		KL1_xLSKlimaFGROk	LS Klimaanlage FGR ist EIN
533	16	8	0	1	0		KL1_bIst_PosKlappeHeizKuehl	Rückmeldung Klappenposition FR Heizen/Kühlen
533	24	1	0	1	0		KL1_xDrehzBit0	Drehzahlstufe Aus
533	25	1	0	1	0		KL1_xDrehzBit1	Drehzahlstufe 1
533	26	1	0	1	0		KL1_xDrehzBit2	Drehzahlstufe 2
533	27	1	0	1	0		KL1_xDrehzBit3	Drehzahlstufe 3
533	28	1	0	1	0		KL1_xScheibHeiz	Scheibenheizung ist eingeschaltet
533	29	1	0	1	0		KL1_xFRbesetzt	FR besetzt zu den Klimarechnern
533	32	16	0	1	0		KL1_wTVorheiz	Vorheizzeit
533	48	1	0	1	0		KL1_x16Hz14kW	Zwangsabschaltung aufgrund fehlender Leistung 16.7Hz 14kW
533	48	8	0	1	0		KL1_bNotbetrieb	Notbetrieb Verbraucher
533	49	1	0	1	0		KL1_x16Hz25kW	Zwangsabschaltung aufgrund fehlender Leistung 16.7Hz 25kW
533	51	1	0	1	0		KL1_x50Hz5kVA	Zwangsabschaltung aufgrund fehlender Leistung 50Hz 5kVA
533	52	1	0	1	0		KL1_x50Hz10kVA	Zwangsabschaltung aufgrund fehlender Leistung 50Hz 10kVA
533	54	1	0	1	0		KL1_xUmluft	Umluft (Brand-Detektion)
533	55	1	0	1	0		KL1_xStartNVerd	Kein Zusschalten von Verdichtern
533	56	1	0	1	0		KL1_xKeinStillstand	Wird gesetzt bei v&gt;5km/h. Dient der Rückstellung des Vorheizbetriebes.
533	57	1	0	1	0		KL1_x400V16_7Ok	400V 16,7Hz OK
533	58	1	0	1	0		KL1_TuerenOffen	Türen offen
533	59	1	0	1	0		KL1_UmluftOK	Umluftheizer OK
533	60	1	0	1	0		KL1_UebTempKonv	Übertemperatur Konvektionsheizkörper
533	61	1	0	1	0		KL1_KonvektOK	Konvektionsheizkörper OK
533	62	1	0	1	0		KL1_Besetz66	Besetzungsgrad &lt;66%
533	63	1	0	1	0		KL1_Besetz33	Besetzungsgrad &lt;33%
534	0	1	0	1	0		KL2_xAus	Befehl AUS
534	0	8	0	1	0		KL2_bBetriebsart	Betriebsart zu den Klimarechnern
534	1	1	0	1	0		KL2_xParken	Befehl Park
534	2	1	0	1	0		KL2_xAutomatik	Befehl Automatik
534	3	1	0	1	0		KL2_xWaschen	Befehl Waschanlage
534	8	1	0	1	0		KL2_xLSHeizregisterOk	LS Heizregister FGR ist EIN
534	9	1	0	1	0		KL2_xSichKettEinstieg1Ok	Sicherheitskette Umluftheuzer Einstieg 1 ok
534	10	1	0	1	0		KL2_xSichKettEinstieg2Ok	Sicherheitskette Umluftheuzer Einstieg 2 ok
534	11	1	0	1	0		KL2_xSichKettWagenUebergangOk	Sicherheitskette Umluftheuzer Wagenübergang ok
534	12	1	0	1	0		KL2_xLSKonvFGROk	LS Konvektionsheizkörper Fahrgastraum ok
534	14	1	0	1	0		KL2_xSichKettKonvHeizFGROk	Sicherheitskette Konvektionsheizkörper FGR ok
534	15	1	0	1	0		KL2_xLSKlimaFGROk	LS Klimaanlage FGR ist EIN
534	32	16	0	1	0		KL2_wTVorheiz	Vorheizzeit
534	48	1	0	1	0		KL2_x16Hz14kW	Zwangsabschaltung aufgrund fehlender Leistung 16.7Hz 14kW
534	48	8	0	1	0		KL2_bNotbetrieb	Notbetrieb Verbraucher
534	49	1	0	1	0		KL2_x16Hz25kW	Zwangsabschaltung aufgrund fehlender Leistung 16.7Hz 25kW
534	51	1	0	1	0		KL2_x50Hz5kVA	Zwangsabschaltung aufgrund fehlender Leistung 50Hz 5kVA
534	52	1	0	1	0		KL2_x50Hz10kVA	Zwangsabschaltung aufgrund fehlender Leistung 50Hz 10kVA
534	54	1	0	1	0		KL2_xUmluft	Umluft (Brand-Detektion)
534	55	1	0	1	0		KL2_xStartNVerd	Kein Zusschalten von Verdichtern
534	56	1	0	1	0		KL2_xKeinStillstand	Wird gesetzt bei v&gt;5km/h. Dient der Rückstellung des Vorheizbetriebes.
534	57	1	0	1	0		KL2_x400V16_7Ok	400V 16,7Hz OK
534	58	1	0	1	0		KL2_TuerenOffen	Türen offen
534	59	1	0	1	0		KL2_UmluftOK	Umluftheizer OK
534	60	1	0	1	0		KL2_UebTempKonv	Übertemperatur Konvektionsheizkörper
534	61	1	0	1	0		KL2_KonvektOK	Konvektionsheizkörper OK
534	62	1	0	1	0		KL2_Besetz66	Besetzungsgrad &lt;66%
534	63	1	0	1	0		KL2_Besetz33	Besetzungsgrad &lt;33%
536	0	1	0	1	0		Tu12L_xFreigabe	Freigabe Befehl an Türe
536	0	8	0	1	0		Tu12L_bBefehl1	Out00..07: Byte 0
536	1	1	0	1	0		Tu12L_xFreigGege	Freigabe Befehl an Türe an Gegenseite
536	2	1	0	1	0		Tu12L_xNentrSper	Notentriegelung sperren (Zentralverriegelung)
536	4	1	0	1	0		Tu12L_xOhneTritt	Befehl Tritt nicht ausfahren
536	5	1	0	1	0		Tu12L_xModPara	Türe und Tritt sind im Parallelbetrieb
536	6	1	0	1	0		Tu12L_xResFehl	Fehler in der Türsteuerung wird resetiert
536	7	1	0	1	0		Tu12L_xOffenh	Türen offenhalten Behindertenwunsch
536	8	8	0	1	0		Tu12L_bTOpenIn	Offenhaltezeit Behindertentaster innen
536	16	8	0	1	0		Tu12L_bTOpenOut	Offenhaltezeit Behindertentaster aussen
536	24	8	0	1	0		Tu12L_bTOpen	Offenhaltezeit Türe
536	32	8	0	1	0		Tu12L_bTClose	Vorwarnzeit Zwangsschliessung
536	40	8	0	1	0		Tu12L_bFzgNummer	Fahrzeugnummer
536	48	8	0	1	0		Tu12L_bTOpenPutz	Offenhaltezeit Putzsteuerung
536	56	1	0	1	0		Tu12L_xUeberfurVorw	Überfuhr Vorwarnung: Aussentaster werden ignoriert.
536	56	8	0	1	0		Tu12L_bBefehl2	Out56..63: Byte 7
536	57	1	0	1	0		Tu12L_xTOeffnen	Tuer-Oeffnungsbefehl : Taste Freigabe laenger als 3 Sekunden gedrueckt
536	58	1	0	1	0		Tu12L_xLTReset	Tuer-Offenhaltung bei Leittechnik-Reset
536	59	1	0	1	0		Tu12L_xTritt100Prozent	Reinigungsmodus Schiebetritt 100% ausfahren.
537	0	1	0	1	0		Tu12R_xFreigabe	Freigabe Befehl an Türe
537	0	8	0	1	0		Tu12R_bBefehl1	Out00..07: Byte 0
537	1	1	0	1	0		Tu12R_xFreigGege	Freigabe Befehl an Türe an Gegenseite
537	2	1	0	1	0		Tu12R_xNentrSper	Notentriegelung sperren (Zentralverriegelung)
537	4	1	0	1	0		Tu12R_xOhneTritt	Befehl Tritt nicht ausfahren
537	5	1	0	1	0		Tu12R_xModPara	Türe und Tritt sind im Parallelbetrieb
537	6	1	0	1	0		Tu12R_xResFehl	Fehler in der Türsteuerung wird resetiert
537	7	1	0	1	0		Tu12R_xOffenh	Türen offenhalten Behindertenwunsch
537	8	8	0	1	0		Tu12R_bTOpenIn	Offenhaltezeit Behindertentaster innen
537	16	8	0	1	0		Tu12R_bTOpenOut	Offenhaltezeit Behindertentaster aussen
537	24	8	0	1	0		Tu12R_bTOpen	Offenhaltezeit Türe
537	32	8	0	1	0		Tu12R_bTClose	Vorwarnzeit Zwangsschliessung
537	40	8	0	1	0		Tu12R_bFzgNummer	Fahrzeugnummer
537	48	8	0	1	0		Tu12R_bTOpenPutz	Offenhaltezeit Putzsteuerung
537	56	1	0	1	0		Tu12R_xUeberfurVorw	Überfuhr Vorwarnung: Aussentaster werden ignoriert.
537	56	8	0	1	0		Tu12R_bBefehl2	Out56..63: Byte 7
537	57	1	0	1	0		Tu12R_xTOeffnen	Tuer-Oeffnungsbefehl : Taste Freigabe laenger als 3 Sekunden gedrueckt
537	58	1	0	1	0		Tu12R_xLTReset	Tuer-Offenhaltung bei Leittechnik-Reset
537	59	1	0	1	0		Tu12R_xTritt100Prozent	Reinigungsmodus Schiebetritt 100% ausfahren.
538	0	1	0	1	0		Tu34L_xFreigabe	Freigabe Befehl an Türe
538	0	8	0	1	0		Tu34L_bBefehl1	Out00..07: Byte 0
538	1	1	0	1	0		Tu34L_xFreigGege	Freigabe Befehl an Türe an Gegenseite
538	2	1	0	1	0		Tu34L_xNentrSper	Notentriegelung sperren (Zentralverriegelung)
538	4	1	0	1	0		Tu34L_xOhneTritt	Befehl Tritt nicht ausfahren
538	5	1	0	1	0		Tu34L_xModPara	Türe und Tritt sind im Parallelbetrieb
538	6	1	0	1	0		Tu34L_xResFehl	Fehler in der Türsteuerung wird resetiert
538	7	1	0	1	0		Tu34L_xOffenh	Türen offenhalten Behindertenwunsch
538	8	8	0	1	0		Tu34L_bTOpenIn	Offenhaltezeit Behindertentaster innen
538	16	8	0	1	0		Tu34L_bTOpenOut	Offenhaltezeit Behindertentaster aussen
538	24	8	0	1	0		Tu34L_bTOpen	Offenhaltezeit Türe
538	32	8	0	1	0		Tu34L_bTClose	Vorwarnzeit Zwangsschliessung
538	40	8	0	1	0		Tu34L_bFzgNummer	Fahrzeugnummer
538	48	8	0	1	0		Tu34L_bTOpenPutz	Offenhaltezeit Putzsteuerung
538	56	1	0	1	0		Tu34L_xUeberfurVorw	Überfuhr Vorwarnung: Aussentaster werden ignoriert.
538	56	8	0	1	0		Tu34L_bBefehl2	Out56..63: Byte 7
538	57	1	0	1	0		Tu34L_xTOeffnen	Tuer-Oeffnungsbefehl : Taste Freigabe laenger als 3 Sekunden gedrueckt
538	58	1	0	1	0		Tu34L_xLTReset	Tuer-Offenhaltung bei Leittechnik-Reset
538	59	1	0	1	0		Tu34L_xTritt100Prozent	Reinigungsmodus Schiebetritt 100% ausfahren.
539	0	1	0	1	0		Tu34R_xFreigabe	Freigabe Befehl an Türe
539	0	8	0	1	0		Tu34R_bBefehl1	Out00..07: Byte 0
539	1	1	0	1	0		Tu34R_xFreigGege	Freigabe Befehl an Türe an Gegenseite
539	2	1	0	1	0		Tu34R_xNentrSper	Notentriegelung sperren (Zentralverriegelung)
539	4	1	0	1	0		Tu34R_xOhneTritt	Befehl Tritt nicht ausfahren
539	5	1	0	1	0		Tu34R_xModPara	Türe und Tritt sind im Parallelbetrieb
539	6	1	0	1	0		Tu34R_xResFehl	Fehler in der Türsteuerung wird resetiert
539	7	1	0	1	0		Tu34R_xOffenh	Türen offenhalten Behindertenwunsch
539	8	8	0	1	0		Tu34R_bTOpenIn	Offenhaltezeit Behindertentaster innen
539	16	8	0	1	0		Tu34R_bTOpenOut	Offenhaltezeit Behindertentaster aussen
539	24	8	0	1	0		Tu34R_bTOpen	Offenhaltezeit Türe
539	32	8	0	1	0		Tu34R_bTClose	Vorwarnzeit Zwangsschliessung
539	40	8	0	1	0		Tu34R_bFzgNummer	Fahrzeugnummer
539	48	8	0	1	0		Tu34R_bTOpenPutz	Offenhaltezeit Putzsteuerung
539	56	1	0	1	0		Tu34R_xUeberfurVorw	Überfuhr Vorwarnung: Aussentaster werden ignoriert.
539	56	8	0	1	0		Tu34R_bBefehl2	Out56..63: Byte 7
539	57	1	0	1	0		Tu34R_xTOeffnen	Tuer-Oeffnungsbefehl : Taste Freigabe laenger als 3 Sekunden gedrueckt
539	58	1	0	1	0		Tu34R_xLTReset	Tuer-Offenhaltung bei Leittechnik-Reset
539	59	1	0	1	0		Tu34R_xTritt100Prozent	Reinigungsmodus Schiebetritt 100% ausfahren.
540	0	1	0	1	0		Tu56L_xFreigabe	Freigabe Befehl an Türe
540	0	8	0	1	0		Tu56L_bBefehl1	Out00..07: Byte 0
540	1	1	0	1	0		Tu56L_xFreigGege	Freigabe Befehl an Türe an Gegenseite
540	2	1	0	1	0		Tu56L_xNentrSper	Notentriegelung sperren (Zentralverriegelung)
540	4	1	0	1	0		Tu56L_xOhneTritt	Befehl Tritt nicht ausfahren
540	5	1	0	1	0		Tu56L_xModPara	Türe und Tritt sind im Parallelbetrieb
540	6	1	0	1	0		Tu56L_xResFehl	Fehler in der Türsteuerung wird resetiert
540	7	1	0	1	0		Tu56L_xOffenh	Türen offenhalten Behindertenwunsch
540	8	8	0	1	0		Tu56L_bTOpenIn	Offenhaltezeit Behindertentaster innen
540	16	8	0	1	0		Tu56L_bTOpenOut	Offenhaltezeit Behindertentaster aussen
540	24	8	0	1	0		Tu56L_bTOpen	Offenhaltezeit Türe
540	32	8	0	1	0		Tu56L_bTClose	Vorwarnzeit Zwangsschliessung
540	40	8	0	1	0		Tu56L_bFzgNummer	Fahrzeugnummer
540	48	8	0	1	0		Tu56L_bTOpenPutz	Offenhaltezeit Putzsteuerung
540	56	1	0	1	0		Tu56L_xUeberfurVorw	Überfuhr Vorwarnung: Aussentaster werden ignoriert.
540	56	8	0	1	0		Tu56L_bBefehl2	Out56..63: Byte 7
540	57	1	0	1	0		Tu56L_xTOeffnen	Tuer-Oeffnungsbefehl : Taste Freigabe laenger als 3 Sekunden gedrueckt
540	58	1	0	1	0		Tu56L_xLTReset	Tuer-Offenhaltung bei Leittechnik-Reset
540	59	1	0	1	0		Tu56L_xTritt100Prozent	Reinigungsmodus Schiebetritt 100% ausfahren.
541	0	1	0	1	0		Tu56R_xFreigabe	Freigabe Befehl an Türe
541	0	8	0	1	0		Tu56R_bBefehl1	Out00..07: Byte 0
541	1	1	0	1	0		Tu56R_xFreigGege	Freigabe Befehl an Türe an Gegenseite
541	2	1	0	1	0		Tu56R_xNentrSper	Notentriegelung sperren (Zentralverriegelung)
541	4	1	0	1	0		Tu56R_xOhneTritt	Befehl Tritt nicht ausfahren
541	5	1	0	1	0		Tu56R_xModPara	Türe und Tritt sind im Parallelbetrieb
541	6	1	0	1	0		Tu56R_xResFehl	Fehler in der Türsteuerung wird resetiert
541	7	1	0	1	0		Tu56R_xOffenh	Türen offenhalten Behindertenwunsch
541	8	8	0	1	0		Tu56R_bTOpenIn	Offenhaltezeit Behindertentaster innen
541	16	8	0	1	0		Tu56R_bTOpenOut	Offenhaltezeit Behindertentaster aussen
541	24	8	0	1	0		Tu56R_bTOpen	Offenhaltezeit Türe
541	32	8	0	1	0		Tu56R_bTClose	Vorwarnzeit Zwangsschliessung
541	40	8	0	1	0		Tu56R_bFzgNummer	Fahrzeugnummer
541	48	8	0	1	0		Tu56R_bTOpenPutz	Offenhaltezeit Putzsteuerung
541	56	1	0	1	0		Tu56R_xUeberfurVorw	Überfuhr Vorwarnung: Aussentaster werden ignoriert.
541	56	8	0	1	0		Tu56R_bBefehl2	Out56..63: Byte 7
541	57	1	0	1	0		Tu56R_xTOeffnen	Tuer-Oeffnungsbefehl : Taste Freigabe laenger als 3 Sekunden gedrueckt
541	58	1	0	1	0		Tu56R_xLTReset	Tuer-Offenhaltung bei Leittechnik-Reset
541	59	1	0	1	0		Tu56R_xTritt100Prozent	Reinigungsmodus Schiebetritt 100% ausfahren.
542	0	1	0	1	0		Tu78L_xFreigabe	Freigabe Befehl an Türe
542	0	8	0	1	0		Tu78L_bBefehl1	Out00..07: Byte 0
542	1	1	0	1	0		Tu78L_xFreigGege	Freigabe Befehl an Türe an Gegenseite
542	2	1	0	1	0		Tu78L_xNentrSper	Notentriegelung sperren (Zentralverriegelung)
542	4	1	0	1	0		Tu78L_xOhneTritt	Befehl Tritt nicht ausfahren
542	5	1	0	1	0		Tu78L_xModPara	Türe und Tritt sind im Parallelbetrieb
542	6	1	0	1	0		Tu78L_xResFehl	Fehler in der Türsteuerung wird resetiert
542	7	1	0	1	0		Tu78L_xOffenh	Türen offenhalten Behindertenwunsch
542	8	8	0	1	0		Tu78L_bTOpenIn	Offenhaltezeit Behindertentaster innen
542	16	8	0	1	0		Tu78L_bTOpenOut	Offenhaltezeit Behindertentaster aussen
542	24	8	0	1	0		Tu78L_bTOpen	Offenhaltezeit Türe
542	32	8	0	1	0		Tu78L_bTClose	Vorwarnzeit Zwangsschliessung
542	40	8	0	1	0		Tu78L_bFzgNummer	Fahrzeugnummer
542	48	8	0	1	0		Tu78L_bTOpenPutz	Offenhaltezeit Putzsteuerung
542	56	1	0	1	0		Tu78L_xUeberfurVorw	Überfuhr Vorwarnung: Aussentaster werden ignoriert.
542	56	8	0	1	0		Tu78L_bBefehl2	Out56..63: Byte 7
542	57	1	0	1	0		Tu78L_xTOeffnen	Tuer-Oeffnungsbefehl : Taste Freigabe laenger als 3 Sekunden gedrueckt
542	58	1	0	1	0		Tu78L_xLTReset	Tuer-Offenhaltung bei Leittechnik-Reset
542	59	1	0	1	0		Tu78L_xTritt100Prozent	Reinigungsmodus Schiebetritt 100% ausfahren.
543	0	1	0	1	0		Tu78R_xFreigabe	Freigabe Befehl an Türe
543	0	8	0	1	0		Tu78R_bBefehl1	Out00..07: Byte 0
543	1	1	0	1	0		Tu78R_xFreigGege	Freigabe Befehl an Türe an Gegenseite
543	2	1	0	1	0		Tu78R_xNentrSper	Notentriegelung sperren (Zentralverriegelung)
543	4	1	0	1	0		Tu78R_xOhneTritt	Befehl Tritt nicht ausfahren
543	5	1	0	1	0		Tu78R_xModPara	Türe und Tritt sind im Parallelbetrieb
543	6	1	0	1	0		Tu78R_xResFehl	Fehler in der Türsteuerung wird resetiert
543	7	1	0	1	0		Tu78R_xOffenh	Türen offenhalten Behindertenwunsch
543	8	8	0	1	0		Tu78R_bTOpenIn	Offenhaltezeit Behindertentaster innen
543	16	8	0	1	0		Tu78R_bTOpenOut	Offenhaltezeit Behindertentaster aussen
543	24	8	0	1	0		Tu78R_bTOpen	Offenhaltezeit Türe
543	32	8	0	1	0		Tu78R_bTClose	Vorwarnzeit Zwangsschliessung
543	40	8	0	1	0		Tu78R_bFzgNummer	Fahrzeugnummer
543	48	8	0	1	0		Tu78R_bTOpenPutz	Offenhaltezeit Putzsteuerung
543	56	1	0	1	0		Tu78R_xUeberfurVorw	Überfuhr Vorwarnung: Aussentaster werden ignoriert.
543	56	8	0	1	0		Tu78R_bBefehl2	Out56..63: Byte 7
543	57	1	0	1	0		Tu78R_xTOeffnen	Tuer-Oeffnungsbefehl : Taste Freigabe laenger als 3 Sekunden gedrueckt
543	58	1	0	1	0		Tu78R_xLTReset	Tuer-Offenhaltung bei Leittechnik-Reset
543	59	1	0	1	0		Tu78R_xTritt100Prozent	Reinigungsmodus Schiebetritt 100% ausfahren.
548	0	1	0	1	0		FIS_xFR1Besetzt	Führerstand 1 aktiv
548	1	1	0	1	0		FIS_xFR2Besetzt	Führerstand 2 aktiv
548	2	1	0	1	0		FIS_xParkstell	Parkstellung
548	3	1	0	1	0		FIS_xManoever	Manöver (Signal ist nur auf den führenden Fz)
548	4	1	0	1	0		FIS_xUeberfuhr	Überfuhr
548	5	1	0	1	0		FIS_xUeberfVorw	Überfuhr Vorwarnung
548	6	1	0	1	0		FIS_xFahrricht1_od_NotsprFreig	Fahrrichtung (Vaudois) oder Freigabe Notsprechstellen (TPF)
548	7	1	0	1	0		FIS_xFahrricht2	
548	8	1	0	1	0		FIS_xHaltAnford	Halt Anforderung
548	9	1	0	1	0		FIS_xTFreigLi	Türvorwahl links, (auf EW1 bezogen)
548	10	1	0	1	0		FIS_xTFreigRe	Türvorwahl rechts, (auf EW1 bezogen)
548	11	1	0	1	0		FIS_xTVerriegelt	alle Türen geschlossen
548	12	1	0	1	0		FIS_xStillstand	Stillstand (v&lt;0.5km/h)
548	13	1	0	1	0		FIS_xZugbusOK	CAN Zugbus gültig getauft
548	14	1	0	1	0		FIS_xSparmod	Lastabwurf (Sparmodus)
548	15	1	0	1	0		FIS_xShutDown	Lastabwurf (Shut Down)
548	16	1	0	1	0		FIS_xUICBit1	Zugzusammenstellung Eigene UIC Taufnummer
548	16	8	0	1	0		FIS_bUICAnzF	
548	17	1	0	1	0		FIS_xUICBit2	Zugzusammenstellung Eigene UIC Taufnummer
548	18	1	0	1	0		FIS_xUICBit3	Zugzusammenstellung Eigene UIC Taufnummer
548	19	1	0	1	0		FIS_xUICBit4	Zugzusammenstellung Eigene UIC Taufnummer
548	20	1	0	1	0		FIS_xAnzFBit1	Zugzusammenstellung Anzahl Fahrzeuge
548	21	1	0	1	0		FIS_xAnzFBit2	Zugzusammenstellung Anzahl Fahrzeuge
548	22	1	0	1	0		FIS_xAnzFBit3	Zugzusammenstellung Anzahl Fahrzeuge
548	23	1	0	1	0		FIS_xAnzFBit4	Zugzusammenstellung Anzahl Fahrzeuge
548	24	1	0	1	0		FIS_xFz1TypBit1_od_Ausricht_Fz1	Fahrzeug 1 Typ (Flirt / nicht Flirt)  oder TPF : Ausrichtung Fahrzeug 1
548	25	1	0	1	0		FIS_xFz1TypBit2_od_Ausricht_Fz1	Fahrzeug 1 Typ (Flirt / nicht Flirt)  oder TPF : Ausrichtung Fahrzeug 1
548	26	1	0	1	0		FIS_xFz2TypBit1_od_Ausricht_Fz2	Fahrzeug 2 Typ (Flirt / nicht Flirt)  oder TPF : Ausrichtung Fahrzeug 2
548	27	1	0	1	0		FIS_xFz2TypBit2_od_Ausricht_Fz2	Fahrzeug 2 Typ (Flirt / nicht Flirt)  oder TPF : Ausrichtung Fahrzeug 2
548	28	1	0	1	0		FIS_xFz3TypBit1_od_Ausricht_Fz3	Fahrzeug 3 Typ (Flirt / nicht Flirt)  oder TPF : Ausrichtung Fahrzeug 3
548	29	1	0	1	0		FIS_xFz3TypBit2_od_Ausricht_Fz3	Fahrzeug 3 Typ (Flirt / nicht Flirt)  oder TPF : Ausrichtung Fahrzeug 3
548	30	1	0	1	0		FIS_xFz4TypBit1_od_Ausricht_Fz4	Fahrzeug 4 Typ (Flirt / nicht Flirt)  oder TPF : Ausrichtung Fahrzeug 4
548	31	1	0	1	0		FIS_xFz4TypBit2_od_Ausricht_Fz4	Fahrzeug 4 Typ (Flirt / nicht Flirt)  oder TPF : Ausrichtung Fahrzeug 4
548	32	1	0	1	0		FIS_xLandCH_od_LandBit0	Landeswahl, CH, D, F, I
548	33	1	0	1	0		FIS_xLandD_od_LandBit1	Landeswahl, CH, D, F, I
548	34	1	0	1	0		FIS_xLandF_od_LandBit2	Landeswahl, CH, D, F, I
548	35	1	0	1	0		FIS_xLandI_od_LandBit3	Landeswahl, CH, D, F, I
548	36	1	0	1	0		FIS_xEnergiespar	Energiesparmodus Fahrzeug
548	37	1	0	1	0		FIS_xNBA	Meldung Notbremsalarmierung
548	40	1	0	1	0		FIS_xNotereignis_A	Notereignis Wagen A
548	40	8	0	1	0		FIS_bNotereignis	Notereignis
548	41	1	0	1	0		FIS_xNotereignis_B	Notereignis Wagen B
548	42	1	0	1	0		FIS_xNotereignis_C	Notereignis Wagen C
548	43	1	0	1	0		FIS_xNotereignis_D	Notereignis Wagen D
548	48	16	0	1	0		FIS_wGeschw	Aktuelle Geschwindigkeit
552	0	1	0	1	0		WC_xWCReset	Reset der WC Steuerung
552	1	1	0	1	0		WC_xWCEntleerungunterdrueckt	WC Entleerung unterdrückt
552	16	16	0	1	0		WC_wAistFz	Beschleunigung des Fahrzeuges
552	32	8	0	1	0		WC_bOptions	1: Dowald / 2: TuerMechamisch / 3: Grauwasser / 4:Bio / 5: HeizAusBesetzt / 6: Zentralschweiz / 7: Alssace_TILO / 8: Verzögerung Summenfehler
559	0	1	0	1	0		QxBinOutput1_47	OUT_00
559	1	1	0	1	0		QxBinOutput2_47	OUT_01
559	2	1	0	1	0		QxBinOutput3_47	OUT_02
559	3	1	0	1	0		QxBinOutput4_47	OUT_03
559	4	1	0	1	0		QxBinOutput5_47	OUT_04
559	5	1	0	1	0		QxBinOutput6_47	OUT_05
559	6	1	0	1	0		QxBinOutput7_47	OUT_06
559	7	1	0	1	0		QxBinOutput8_47	OUT_07
560	0	1	0	1	0		QxLTAus	Relais Speisung Leittechnik AUS
560	1	1	0	1	0		QxPfeifeistEin	Pfeife gedrückt (NUR CAN 2)
560	2	1	0	1	0		QxHW_FLG_FLG	FLG-FLG HW-Ueberwachung
560	3	1	0	1	0		QxHSHilfrelais	Hilfsrelais Hauptschalter
560	4	1	0	1	0		QxHSEin	Hauptschalter EIN
560	5	1	0	1	0		QxSummerTief	Summer Tiefton Führerraum
560	6	1	0	1	0		QxNBUeRel	Relais Notbremsüberbrückung
560	7	1	0	1	0		QxSummerHoch	Summer Hochton Führerraum
560	8	1	0	1	0		QxCCTV_AFZ_od_SpeichTELOC	Speisung CCTV AFZ oder Speicherblockierung TELOC 1500ce
560	9	1	0	1	0		QxUmschEn_od_CCTV_AFZ	Umschaltung Energiezähler oder Speisung CCTV AFZ (Vaudois 2. Serie)
560	10	1	0	1	0		QxFedSpEPVenti	EP-Ventil Federspeicher
560	11	1	0	1	0		QxLMResetLT	Meldelampe Reset Leittechnik
560	12	1	0	1	0		QxSpeisEthernet	Speisung Ethernet Switches (Nur CAN1) / Zugfunk VACMA Alarme (nur CAN2)
560	13	1	0	1	0		QxSpeisDilax_FIS	Speisung Dilax (CAN1); Speisung FIS (CAN 2)
560	14	1	0	1	0		QxSpeisVideoUbw_SpeichTELOC	Speisung Videoüberwachung (CAN1); Meldelampe Speicherblockierung Teloc (CAN2)
560	15	1	0	1	0		QxSchnellbrFLG_or_SichSteu_DIFF	Hilfsrelais Schnellbremsauslösung FLG oder Sicherheitssteuerung  (letzteres bei differenzierter Schnellbremsauslösung FLG und Sicherheitssteuerung)
561	0	1	0	1	0		RQxLTAus	Relais Speisung Leittechnik AUS REDUNDANT
561	1	1	0	1	0		RQxPfeifeistEin	Pfeife gedrückt REDUNDANT (NUR CAN 1)
561	2	1	0	1	0		RQxHW_FLG_FLG	FLG-FLG HW-Ueberwachung REDUNDANT
561	3	1	0	1	0		RQxHSHilfrelais	Hilfsrelais Hauptschalter REDUNDANT
561	4	1	0	1	0		RQxHSEin	Hauptschalter EIN REDUNDANT
561	5	1	0	1	0		RQxSummerTief	Summer Tiefton Führerraum REDUNDANT
561	6	1	0	1	0		RQxSchnellbremsFLG_od_KIS	Ansteuerung Schnellbrems-Relais FLG  (bei differenzierter Schnellbremsauslösung FLG und Sicherheitssteuerung) oder Speisung KIS (Vaudois 2. Serie)
561	7	1	0	1	0		RQxSummerHoch	Summer Hochton Führerraum REDUNDANT
561	8	1	0	1	0		RQxIndusiNK03	Signal NK03 Indusi; REDUNDANT (CAN1)
561	9	1	0	1	0		RQxUmschEn	Umschaltung Energiezähler Redundant
561	10	1	0	1	0		RQxFedSpEPVenti	EP-Ventil Federspeicher REDUNDANT
561	11	1	0	1	0		RQxLMBBAAlarm	Brandbekämpfungsanlage Alarm REDUNDANT
561	12	1	0	1	0		RQxLMPark	Leuchtmelder Parkstellung
561	13	1	0	1	0		RQxLMMGBremsFR	Leuchtmelder MG-Bremse (REDUNDANT)
561	14	1	0	1	0		RQxLMResetLT	Meldelampe Reset Leittechnik REDUNDANT
561	15	1	0	1	0		RQxSchnellbrFLG_or_SichSteu	Hilfsrelais Schnellbremsauslösung FLG oder Sicherheitssteuerung REDUNDANT  (letzteres bei differenzierter Schnellbremsauslösung FLG und Sicherheitssteuerung)
562	0	1	0	1	0		QxZSS15kVEIN	Zugsammelschine 15kV EIN
562	1	1	0	1	0		QxZSS25kVEIN	Zugsammelschine 25kV EIN
562	2	1	0	1	0		QxDepotSpZuschal	Depotspeisung zuschalten
562	3	1	0	1	0		QxDepSpVorlaZK	Depotspeisung Vorladungszwischenkreis
562	4	1	0	1	0		QxTrennSR1	Trennung Stromrichter 1
562	5	1	0	1	0		QxKprSchuetz	Schütz Kompressor
562	6	1	0	1	0		QxTrennSR2	Trennung Stromrichter 2
562	7	1	0	1	0		QxSR1BattLad_od_HeizungMGB_LDG	Umschaltung Batterieladung auf SR1 oder Heizung Magnetschienenbremse LDG
562	8	1	0	1	0		QxSchuetzHBU1	Schütz HBU 1
562	9	1	0	1	0		QxSchuetzHBU2	Schütz HBU 2
562	10	1	0	1	0		QxLaengsKupHBU1	Schütz 1 Laengskupplung HBU
562	11	1	0	1	0		QxLaengsKupHBU2	Schütz 2 Laengskupplung HBU
562	12	1	0	1	0		QxSR3FreqVar	Schütz SR3 Frequenzvariabel
562	13	1	0	1	0		QxTrafoOlPumpe	Trafo Ölpumpe EIN
562	14	1	0	1	0		QxTroecknVentil	Ventil Lufttröckner
562	16	1	0	1	0		QxSSMBit1	Störstrommonitor Systemwahl Bit 1
562	17	1	0	1	0		QxSSMBit2	Störstrommonitor Systemwahl Bit 2
562	18	1	0	1	0		QxSSMBit3	Störstrommonitor Systemwahl Bit 3
562	19	1	0	1	0		QxSSMTest100Hz	Störstrommonitor Self-Test 100Hz
562	20	1	0	1	0		QxSSMTest42Hz	Störstrommonitor Self-Test 42Hz
562	21	1	0	1	0		QxTrennCMD25kV	Trenner CMD 25kV
562	22	1	0	1	0		QxTrennCMD15kV	Trenner CMD 15kV
562	23	1	0	1	0		QxSpeisDilaxAus	Speisung Dilax aus
562	24	1	0	1	0		QxKlimaKlappeAufFR	Luftklappensteuerung Klima FR Auf
562	25	1	0	1	0		QxKlimaKlappeZuFR	Luftklappensteuerung Klima FR Zu
562	26	1	0	1	0		QxVentiFahrmotor	Schütz Venti Fahrmotor
562	27	1	0	1	0		QxVentiKuehlturm	Schütz Venti Kühlturm
562	28	1	0	1	0		QxSanderHeizung	Schütz Sanderheizung
562	31	1	0	1	0		QxIndusiNK03	Signal NK03 Indusi
563	0	1	0	1	0		RQxTrafoOlPumpe	Trafo Ölpumpe EIN REDUNDANT
563	1	1	0	1	0		RQxKprSchuetz	Schütz Kompressor REDUNDANT
563	3	1	0	1	0		RQxTroecknVentl	Ventil Lufttroeckner REDUNDANT
563	5	1	0	1	0		RQxSSMBit1	Störstrommonitor Systemwahl Bit 1 REDUNDANT
563	6	1	0	1	0		RQxSSMBit2	Störstrommonitor Systemwahl Bit 2 REDUNDANT
563	7	1	0	1	0		RQxSSMBit3	Störstrommonitor Systemwahl Bit 3 REDUNDANT
563	8	1	0	1	0		RQxSchuetzHBU1	Schütz HBU SR1 REDUNDANT
563	9	1	0	1	0		RQxSchuetzHBU2	Schütz HBU SR2 REDUNDANT
563	10	1	0	1	0		RQxLaengsKupHBU1	Schütz Längskupplung 1
563	11	1	0	1	0		RQxLaengsKupHBU2	Schütz Längskupplung 2
563	12	1	0	1	0		RQxSR3FreqVar	Schütz SR3 Frequenzvariabel
563	13	1	0	1	0		RQxVentiFahrmotor	Schütz Ventilator Fahrmotor
563	14	1	0	1	0		RQxVentiKuehlturm	Schütz Ventilator Kühlturm
564	0	1	0	1	0		QxNotBelchtung	Schütz Notbeleuchtung
564	1	1	0	1	0		QxMGBrUeberTaste	MG-Bremse Direktansteuerung Taste (CAN1 = LDG1) (CAN2 = LDG2)
564	2	1	0	1	0		RQxPantoEPVentil	EP-Ventil Stromabnehmer REDUNDANT (CAN1=CH) (CAN2=D)
564	3	1	0	1	0		RQxHilfsKompEIN	Hilfskompressor ein REDUNDANT
564	4	1	0	1	0		RQxNBAtest	Notbremsalarmierung test redundant
564	5	1	0	1	0		QqTuFrBA	keine Tuerfreigabe Platform (CAN1=Wagen B  CAN2=Wagen A)
564	6	1	0	1	0		QxTuFrL_B_A	Tuerfreigabe links (CAN1=Wagen B   CAN2=Wagen A)
564	7	1	0	1	0		QxTuFrR_B_A	Tuerfreigabe rechts (CAN1=Wagen B   CAN2=Wagen A)
565	5	1	0	1	0		RQxVentilHptLuft	Ventil Hauptluftbehaelter REDUNDANT
565	6	1	0	1	0		RQxRueckspiegel	Rückspiegel ausfahren
565	7	1	0	1	0		RQxTyphon	Ansteuerung Typhon
566	0	1	0	1	0		QxNischHeizFR	Konvektionsheizkörper Nische Führerraum
566	1	1	0	1	0		QxScheibUFR	Scheibenwischer unbesetzter Führerraum
566	2	1	0	1	0		QxLMKompr	Meldelampe Kompressor
566	3	1	0	1	0		QxLMBBAAlarm	Meldelampe Brandbekämpfungsanlage Alarm
566	4	1	0	1	0		QxUmschaltRel	Relais Umschaltung ZB Anzeige
566	6	1	0	1	0		QxLMZugstrennung	Meldelampe Zugstrennung
566	8	1	0	1	0		QxLMNotbrems	Meldelampe Notbremse FR
566	9	1	0	1	0		QxLMEvakuier	Meldelampe Evakuieren FR
566	10	1	0	1	0		QxLMWaschen	Meldelampe Waschstrasse FR
566	11	1	0	1	0		QxLMKlimaAus	Meldelampe Klima Aus
566	12	1	0	1	0		QxBattLadu	Batterieladung vorhanden FR
566	13	1	0	1	0		QxPruefSiSteu	Meldelampe Prüfung Sicherheitssteuerung FR
566	14	1	0	1	0		QxLMEntriegLi	Meldelampe entriegeln links FR
566	15	1	0	1	0		QxLMEntriegRe	Meldelampe entiregeln rechts FR
566	16	1	0	1	0		QxLMOffenhaltenFR	Leuchtmelder Offenhalten FR
566	17	1	0	1	0		QxDBel	Schütz Dienstbeleuchtung
566	18	1	0	1	0		QxZugschluss	Schütz Zugschluss
566	19	1	0	1	0		QxLMSchutzStreck	Meldelampe Schutzstrecke
566	20	1	0	1	0		QxRangier	Schütz Rangierbeleuchtung
566	21	1	0	1	0		QxWarnsignal_CH	Schütz Warnsignal Schweiz
566	24	1	0	1	0		QxLMSchleuderFR	Meldelampe Schleuderbremse FR
566	25	1	0	1	0		QxLMScheibhEINFR	Meldelampe Scheibenheizung EIN FR
566	26	1	0	1	0		QxKonvHeizFR	Konvektionsheizkörper FR
566	27	1	0	1	0		QxLMScheibhAUSFR	Meldelampe Scheibenheizung AUS FR
566	28	1	0	1	0		QxLMRollstuhlFR	Meldelampe Rollstuhl/Kinderwagen FR
566	29	1	0	1	0		QxLMHaltanforFR	Meldelampe Haltanforderung FR
566	30	1	0	1	0		QxEntkuppelFR	Entkupplungsbefehl Rückmeldung
566	31	1	0	1	0		QxKonvHeizOK	Keine Übertemperatur Konvektionsheizung
567	1	1	0	1	0		QxLMEntkupp12FR	Meldelampe Entkuppeln 1-2
567	2	1	0	1	0		QxLMEntkupp23FR	Meldelampe Entkuppeln 2-3
567	3	1	0	1	0		QxLMEntkupp34FR	Meldelampe Entkuppeln 3-4
567	4	1	0	1	0		QxLMZugbelFR	Meldelampe Zugbeleuchtung EIN/AUS FR
567	5	1	0	1	0		QxBremsefestFR	Rückmeldung fest Bremsprobe
567	6	1	0	1	0		QxBremseloseFR	Rückmeldung lose Bremsprobe
567	7	1	0	1	0		QxLM_HSAUS_FR	Hauptschalter Meldelampe FR
567	8	1	0	1	0		QxLMDBel1RotFR	Dienstbeleuchtung Signalisation FR
567	9	1	0	1	0		QxLMDBel1WeisFR	Rangierbeleuchtung Signalisation FR
567	10	1	0	1	0		QxLMSanden	Meldelampe Sanden
567	12	1	0	1	0		QxLMFestBrAUSFR	Meldelampe Feststellbremse AUS FR
567	13	1	0	1	0		QxLMFestBrEINFR	Meldelampe Feststellbremse EIN FR
567	14	1	0	1	0		QxLMStoerungFR	Meldelampe Störung FR
567	15	1	0	1	0		QxLMParkFR	Meldelampe Parkstellung FR
567	16	1	0	1	0		QxScheibheizFR	Schütz Scheibenheizung Front FR
567	17	1	0	1	0		QxScheibeSeitFR	Schütz Scheibenheizung Seite FR
567	18	1	0	1	0		QxScheibAbtauFR	Schütz Abtauen FR
567	19	1	0	1	0		QxLMMGBremsFR	Meldelampe Magnetschienenbremse FR
567	20	1	0	1	0		QxLMStoerVAnzFR	Störlampe V-Anzeige FR
567	23	1	0	1	0		QxLMEntpannFR	Meldelampe Entpannung FR
568	0	1	0	1	0		RQxLMNotbremsFR	Meldelampe Notbremse FR REDUNDANT
568	1	1	0	1	0		RQxLMStoerungFR	Meldelampe Störung FR REDUNDANT
568	2	1	0	1	0		RQxLMEntpannFR	Meldelampe Entpannung FR REDUNDANT
568	3	1	0	1	0		RQxLMZugstrenn	Meldelampe Zugstrennung REDUNDANT
568	4	1	0	1	0		RQxWarnsignal_CH	Schütz Warnsignal Schweiz REDUNDANT
568	5	1	0	1	0		RQxLMFestBAUSFR	Meldelampe Feststellbremse AUS FR REDUNDANT
568	6	1	0	1	0		RQxLMFestBEINFR	Meldelampe Feststellbremse EIN FR REDUNDANT
568	7	1	0	1	0		RQxLM_HSAUS_FR	Hauptschalter Meldelampe FR REDUNDANT
568	8	1	0	1	0		RQxBremsefestFR	Rückmeldung fest Bremsprobe
568	9	1	0	1	0		RQxBremseloseFR	Rückmeldung lose Bremsprobe
568	10	1	0	1	0		RQxDienstbelFR	Schütz Dienstbeleuchtung REDUNDANT
568	11	1	0	1	0		RQxRangierbelFR	Schütz Rangierbeleuchtung REDUNDANT
568	12	1	0	1	0		RQxZugschlFR	Schütz Zugschluss REDUNDANT
568	13	1	0	1	0		RQxLMTurFreiLFR	Meldelampe Türentriegelung links FR REDUNDANT
568	14	1	0	1	0		RQxLMTurFreiRFR	Meldelampe Türentriegelung rechts FR REDUNDANT
568	15	1	0	1	0		RQxLMHaltanfoFR	Meldelampe Haltanforderung FR REDUNDANT
569	0	1	0	1	0		QxBeleuchtung	Beleuchtung
569	1	1	0	1	0		QxPantoEPVentil	EP-Ventil Stromabnehmer (CAN1 = D) (CAN2 = CH)
569	2	1	0	1	0		QxMGBrV_Kontakt	MG-Bremse V Kontakt zu Druckschalter (CAN1 = LDG2) (CAN2 = LDG1)
569	3	1	0	1	0		QxTuFrL_A_B	Tuerfreigabe links (CAN1=Wagen A  CAN2=Wagen B)
569	4	1	0	1	0		QxTuFrR_A_B	Tuerfreigabe rechts (CAN1=Wagen A  CAN2=Wagen B)
569	5	1	0	1	0		QqTuFrAB	keine Tuerfreigabe Platform (CAN1=Wagen A  CAN2=Wagen B)
569	6	1	0	1	0		QxHKprEntlastung	Entlastung des Hilfskompressors beim Aufstart (Stromreduktion bei der Einschaltung des DC-Motors)
569	7	1	0	1	0		QxNBAtest	test Notbremsalarmierung
569	8	1	0	1	0		QxKonvHeizGr1	Konvektionsheizkörper ein Gruppe 1
569	9	1	0	1	0		QxUmluftTuer	Umluftheizer Türen
569	10	1	0	1	0		QxUmluftWagUeb	Umluftheizer Wagenübergang
569	11	1	0	1	0		QxHilfsKprEin	Hilfskompressor EIN
569	12	1	0	1	0		QxKonvHeizGr2	Konvektionsheizkörper ein Gruppe 2
569	13	1	0	1	0		QxKonvHeizGr3	Konvektionsheizkörper ein Gruppe 3
569	14	1	0	1	0		Qx400VOK	400 V OK
569	15	1	0	1	0		QxSchiebetuereOdRepeater	Schiebetüre 1. Klasse öffnen oder Repeater
569	16	1	0	1	0		QxHaltanforderungRegistriert_AB	Haltanforderung registriert Wagen A/B
570	0	1	0	1	0		RQxNotBelEin	Notbeleuchtung Ein REDUNDANT
570	1	1	0	1	0		RQxNotBelAus	Notbeleuchtung Aus REDUNDANT
570	2	1	0	1	0		RQxLaengKupZSSC	Längskupplung Zugsammelschiene REDUNDANT (Nur CAN 1)
570	3	1	0	1	0		QxWCEntleerungFrei	Freigabe WC entleerung
570	5	1	0	1	0		QqTuFrCD	Tuerfreigabe Platform (CAN1=Wagen C  CAN2=Wagen D)
570	6	1	0	1	0		QxTuFrL_C_D	Tuerfreigabe links (CAN1=Wagen C  CAN2=Wagen D)
570	7	1	0	1	0		QxTuFrR_C_D	Tuerfreigabe rechts (CAN1=Wagen C  CAN2=Wagen D)
571	0	1	0	1	0		QxNSpeisHLSlave	Relais Nachspeisung HL Slave
571	4	1	0	1	0		QxBBAFreigHeizma	Brandbekämpfungsanlage Freigabe Heizmatten Löschwassertank 1-3
571	5	1	0	1	0		QxSysTestBBA	Brandbekämpfungsanlage Systemtest
571	6	1	0	1	0		QxBBALMNA	Brandbekämpfungsanlage Löschsunterdrückung FR_A
571	7	1	0	1	0		QxBBALMNB	Brandbekämpfungsanlage Löschsunterdrückung FR_B
572	0	1	0	1	0		FZPF_QxFR1Aktiv	Führerraum 1 besetzt
572	1	1	0	1	0		FZPF_QxFR2Aktiv	Führerraum 2 besetzt
572	2	1	0	1	0		FZPF_QxParkEin	Parkstellung ein
572	3	1	0	1	0		FZPF_QxManoever	Manövertaste betätigt
572	4	1	0	1	0		FZPF_QxUeberfuhr	Ueberfuhr
572	5	1	0	1	0		FZPF_QxUeberfVorw	Ueberfuhr Vorwarnung
572	6	1	0	1	0		FZPF_QxFahrricht2	Fahrrichtung Rückwärts Richtung Führerraum 2
572	7	1	0	1	0		FZPF_QxFahrricht1	Fahrrichtung Vorwärts Richtung Führerraum 1
572	8	1	0	1	0		FZPF_QxHaltAnford	Haltanforderung
572	9	1	0	1	0		FZPF_QxTuerVorwLi	Tür Vorwahl Links
572	10	1	0	1	0		FZPF_QxTuerVorwRe	Tür Vorwahl Rechts
572	11	1	0	1	0		FZPF_QxTuerenZu	Alle Türen geschlossen
572	12	1	0	1	0		FZPF_QxStillstand	Stillstandssignal
572	13	1	0	1	0		FZPF_QxZugbusGetau	Meldung Zugbus getauft
572	14	1	0	1	0		FZPF_QxSparmodFZPF	Sparmodus FZPF (Lastabwurf)
572	15	1	0	1	0		FZPF_QxSparmodAppli	Sparmodus Applikation (Lastabwurf)
572	16	1	0	1	0		FZPF_QxShutDownFZPF	Shut Down FZPF (Lastabwurf)
572	17	1	0	1	0		FZPF_QxShutDownApp	Shut Down Applikation (Lastabwurf)
572	18	1	0	1	0		FZPF_QxNotbreAlarm	Betätigung der Fahrgastnotbremse
572	19	1	0	1	0		FZPF_QxNBUeAktiv	Notbremsüberbrückung aktiv
572	20	1	0	1	0		FZPF_QxBrandmeldung	Brandmeldung
572	21	1	0	1	0		FZPF_QxAussenanzAus	Aussenanzeigen Ausschalten
572	22	1	0	1	0		FZPF_QxZugBesetzt	Zug besetzt
572	32	8	0	1	0		FZPF_QbLandeswahl	Landeswahl
572	40	8	0	1	0		FZPF_QbTaufNrZugbus	Tauf Nummer Zugbus
572	48	8	0	1	0		FZPF_QbAnzFzgZugbus	Anzahl der Fahrzeuge am Zugbus
573	0	8	0	1	0		DB_bIstPosWagALi	Tritt Ist-Position Wagen A Links
573	8	8	0	1	0		DB_bIstPosWagARe	Tritt Ist-Position Wagen A Rechts
573	16	8	0	1	0		DB_bIstPosWagBLi	Tritt Ist-Position Wagen B Links
573	24	8	0	1	0		DB_bIstPosWagBRe	Tritt Ist-Position Wagen B Rechts
573	32	8	0	1	0		DB_bIstPosWagCLi	Tritt Ist-Position Wagen C Links
573	40	8	0	1	0		DB_bIstPosWagCRe	Tritt Ist-Position Wagen C Rechts
573	48	8	0	1	0		DB_bIstPosWagDLi	Tritt Ist-Position Wagen D Links
573	56	8	0	1	0		DB_bIstPosWagDRe	Tritt Ist-Position Wagen D Rechts
574	0	1	0	1	0		DP_xSig2262	%Powerfail Diagnose-Rechner : Leittechnik AUS, Sicherung offener Dateien
574	1	1	0	1	0		DP_xSig2202	Grundmenue und Prozesswerte :                                Zustand Hauptschalter Wagen A
574	2	1	0	1	0		DP_xSig2203	Grundmenue und Prozesswerte :                                Zustand Hauptschalter Wagen B
574	3	1	0	1	0		DP_xSig2315	Prozesswerte :                                                        Stillstand
574	4	1	0	1	0		DP_xSig2240	Prozesswerte :                                                        Notfahrt FR1
574	5	1	0	1	0		DP_xSig2241	Prozesswerte :                                                        Notfahrt FR2
574	6	1	0	1	0		DP_xSig2027	Display Zugsübersicht und Lupe Fahrzeug :                FR1 Besetz
574	7	1	0	1	0		DP_xSig2028	Display Zugsübersicht und Lupe Fahrzeug :                FR2 Besetz
574	8	1	0	1	0		DP_xSig2034	Flirt Vaudois 1. Serie
574	9	1	0	1	0		DP_xSig2035	Flirt Vaudois 2. Serie
574	10	1	0	1	0		DP_xSig2032	Flirt SOB 2. Serie
574	11	1	0	1	0		DP_xSig2033	Flirt TPF
574	12	1	0	1	0		DP_xSig2339	Fzg mit trocken Trafo
574	13	1	0	1	0		DP_xSig1974	Display Alarmsummer für (Störung Prio A, Abrüsten bei Parkstellung)
574	16	8	0	1	0	V	DP_bSig1756	Grundmenue und Prozesswerte und Hilfsbetriebe ;     Batteriespannung
574	24	8	0	1	0	km/h	DP_bSig1895	Display Prozesswerte                                     :     Fahrzeuggeschwindigkeit
574	32	16	1	1	0	%	DP_wSig1952	Display Grundmenue und Prozesswerte            :    Fahr/Bremskraft
574	56	1	0	1	0		DP_xSig2267	Befehl Rekuperation Aus wurde erkannt (Rückmeldung)
574	57	1	0	1	0		DP_xSig2002	Display Bremsprobe : Anzeige Bremsinterpretation nicht gem. Flirt III
574	58	1	0	1	0		DP_xSig2001	Display Bremsprobe : Anzeige Bremsinterpretation gem. Flirt III
574	59	1	0	1	0		DP_xSig2341	Display Werkstattmaske : Summer Tuere ist Aus
574	60	1	0	1	0		DP_xSig2004	Display Z/B-Anzeige : Bremsteuerung gem. Flirt III (neue Linerarität)
574	61	1	0	1	0		DP_xSig2005	Display Z/B-Anzeige : Bremsteuerung nicht gem. Flirt III (alte Linerarität)
575	0	8	0	1	0		Uhr_bInversVideo	00 = non inversé, 01 = inversé [-]
575	8	8	0	1	0		Uhr_bContraste	00 = Contraste minimum, FF = Contraste maximum [-]
575	16	8	0	1	0		Uhr_bLuminosite	00 = luminosité minimum, FF = luminosité maximum [-]
576	0	1	0	1	0		DDS_xSig1707	Anforderung Parkstellung fehlgeschlagen: Fahrzeug nicht im Stillstand
576	1	1	0	1	0		DDS_xSig0721	Anforderung Parkstellung fehlgeschlagen: Fahrrichtung eingelegt
576	2	1	0	1	0		DDS_xSig0726	Anforderung Parkstellung fehlgeschlagen: Federspeicher lose
576	3	1	0	1	0		DDS_xSig1303	Nicht alle Fahrzeuge in Parkstellung
576	4	1	0	1	0		DDS_xSig1434	Aufhebung Parkstellung: Speiseleitungsdruck zu tief
576	5	1	0	1	0		DDS_xSig1661	Aufhebung Parkstellung : Batteriespannung zu tief
576	6	1	0	1	0		DDS_xSig1314	Aufhebung Parkstellung : Hauptschalter-Auslösung
576	7	1	0	1	0		DDS_xSig1310	Fehler Parkstellung Fahrzeug 2
576	8	1	0	1	0		DDS_xSig1311	Fehler Parkstellung Fahrzeug 3
576	9	1	0	1	0		DDS_xSig1312	Fehler Parkstellung Fahrzeug 4
576	10	1	0	1	0		DDS_xSig1309	Kein Ausschalten der Parkstellung wegen nicht stattgefundener Taufe in Vielfachsteuerung
576	11	1	0	1	0		DDS_xSig1308	Kein Ausschalten der Parkstellung weil IBS-Schalter nicht auf Stellung Hauptschalter
576	12	1	0	1	0		DDS_xSig1375	Anforderung Parkstellung fehlgeschlagen : Maximale Anzahl von abgetrennten Federspeicher erreicht.
576	13	1	0	1	0		DDS_xSig1324	Keine Parkstelllung , da Panto abgetrennt
576	14	1	0	1	0		DDS_xSig0312	Automatische Entpannung in Parkstellung
576	15	1	0	1	0		DDS_xSig1377	Parkstellung : Fahrrichtungsschalter nicht in Nullstellung
576	16	1	0	1	0		DDS_xSig1376	Aufheben Parkstellung wegen HS Aus
576	17	1	0	1	0		DDS_xSig0170	Aufheben Parkstellung da Batterieladung ausgefallen ist
576	18	1	0	1	0		DDS_xSig1276	LS Umluftheizgeraete C/D
576	19	1	0	1	0		DDS_xSig1275	LS Umluftheizgeraete A/B
576	20	1	0	1	0		DDS_xSig1273	LS Schiebetüre 1. Klasse Wagen A
576	21	1	0	1	0		DDS_xSig1582	Störung Schiebetüre 1. Klasse Wagen A
576	22	1	0	1	0		DDS_LS_Monitore	LS Monitore
576	23	1	0	1	0		DDS_LS_Monitore_Vaudois2	LS Monitore
576	25	1	0	1	0		DDS_LS_FISVideoFZPF_Vaudois2	LS FIS Video FZPF
576	26	1	0	1	0		DDS_xSig1274	LS Schiebetüre 1. Klasse Wagen B
576	27	1	0	1	0		DDS_xSig1583	Störung Schiebetüre 1. Klasse Wagen B
576	28	1	0	1	0		DDS_xSig1323	Kein Einlegen Parkstellung wegen kürzlich stattgefundenem Kuppelereignis
576	40	1	0	1	0		DDS_SchnellbrParkFrance	Schnellbremsung in Parkstellung in Kompatibilität mit Flirt RABe 522
576	41	1	0	1	0		DDS_LS_FISVideo	LS FIS Video
576	42	1	0	1	0		DDS_LSSteckFR_HeizMGB	LS Steckdose 230 V FR und Heizung Magnetschienenbremse
576	43	1	0	1	0		DDS_xSig1313	Achtung: Nachspeisung auf FLIRT III mit HL-tief
576	44	1	0	1	0		DDS_xSig1427	Schnellbremsauslösung auf geführtem Fahrzeug
576	45	1	0	1	0		DDS_xSig1428	Schnellbremsauslösung durch Lf auf Fahrzeug 2
576	46	1	0	1	0		DDS_xSig1429	Schnellbremsauslösung durch Lf auf Fahrzeug 3
576	47	1	0	1	0		DDS_xSig1430	Schnellbremsauslösung durch Lf auf Fahrzeug 4
576	48	1	0	1	0		DDS_CMCHeizungKlimaFR	LS Klimagerät / Heizungen FR
576	49	1	0	1	0		DDS_LSSteckdosenTuere	LS Steckdose 230 V Türsäule
576	50	1	0	1	0		DDS_LSErdschlussZSS	LS Erdschlusserfassung ZSS 1x400V
576	51	1	0	1	0		DDS_LSPneumatik_GSS	LS Pneumatik / GSS
576	52	1	0	1	0		DDS_LSKupplung	LS Kupplung
576	53	1	0	1	0		DDS_LSSchnellbremsung	LS Schnellbremsung
576	54	1	0	1	0		DDS_LS_KIS	LS KIS
576	55	1	0	1	0		DDS_LS36V_FGR	LS 36 V Fahrgastraum
576	56	1	0	1	0		DDS_LS_FISVideoFZPF	LS FIS Video FZPF
576	57	1	0	1	0		DDS_LSKonvHeizungenAB	LS Konvektionsheizungen A/B
576	58	1	0	1	0		DDS_LSKonvHeizungenCD	LS Konvektionsheizungen C/D
576	59	1	0	1	0		DDS_LSHeizregisterAB	LS Heizregister A/B
576	60	1	0	1	0		DDS_LSHeizregisterCD	LS Heizregister C/D
576	61	1	0	1	0		DDS_LSKlimaFGR_AB	LS Klimaanlage FGR A/B
576	62	1	0	1	0		DDS_LSKlimaFGR_CD	LS Klimaanlage FGR C/D
576	63	1	0	1	0		DDS_LSHeizmatten	LS Heizmatten
577	0	1	0	1	0		DDS_xSig0980	Gruppenalarm 1 (Stromabnehmer) von Fahrzeug 3 , Abschaltung
577	1	1	0	1	0		DDS_xSig1002	Gruppenalarm 2 (Hauptstrom) von Fahrzeug 3 , Abschaltung
577	2	1	0	1	0		DDS_xSig1024	Gruppenalarm 3 (Stromrichter 1) von Fahrzeug 3 , Abschaltung
577	3	1	0	1	0		DDS_xSig1028	Gruppenalarm 4 (Stromrichter 2) von Fahrzeug 3 , Abschaltung
577	4	1	0	1	0		DDS_xSig1030	Gruppenalarm 5 (Stromrichter 3) von Fahrzeug 3 , Abschaltung
577	5	1	0	1	0		DDS_xSig1032	Gruppenalarm 6 (Stromrichter 4) von Fahrzeug 3 , Abschaltung
577	6	1	0	1	0		DDS_xSig1034	Gruppenalarm 7 (Pneumatik) von Fahrzeug 3 , Abschaltung
577	7	1	0	1	0		DDS_xSig1036	Gruppenalarm 8 (Reserve) von Fahrzeug 3 , Abschaltung
577	8	1	0	1	0		DDS_xSig1038	Gruppenalarm 9 (Hilfsbetriebe) von Fahrzeug 3 , Abschaltung
577	9	1	0	1	0		DDS_xSig0960	Gruppenalarm 10 (Bremsen) von Fahrzeug 3 , Abschaltung
577	10	1	0	1	0		DDS_xSig0962	Gruppenalarm 11 (Leittechnik) von Fahrzeug 3 , Abschaltung
577	11	1	0	1	0		DDS_xSig0964	Gruppenalarm 12 (Klimaanlage Wagen A, Endwagen 1) von Fahrzeug 3 , Abschaltung
577	12	1	0	1	0		DDS_xSig0966	Gruppenalarm 13 (Klimaanlage Wagen B, Endwagen 2) von Fahrzeug 3 , Abschaltung
577	13	1	0	1	0		DDS_xSig0968	Gruppenalarm 14 (Klimaanlage Wagen C, Mittelwagen) von Fahrzeug 3 , Abschaltung
577	14	1	0	1	0		DDS_xSig0970	Gruppenalarm 15 (Klimaanlage Wagen D) von Fahrzeug 3 , Abschaltung
577	15	1	0	1	0		DDS_xSig0972	Gruppenalarm 16 (Klimaanlage Wagen E) von Fahrzeug 3 , Abschaltung
577	16	1	0	1	0		DDS_xSig0974	Gruppenalarm 17 (Klimaanlage Wagen F) von Fahrzeug 3 , Abschaltung
577	17	1	0	1	0		DDS_xSig0976	Gruppenalarm 18 (Türen/Tritte Wagen A, Endwagen 1) von Fahrzeug 3 , Abschaltung
577	18	1	0	1	0		DDS_xSig0978	Gruppenalarm 19 (Türen/Tritte Wagen B, Endwagen 2) von Fahrzeug 3 , Abschaltung
577	19	1	0	1	0		DDS_xSig0982	Gruppenalarm 20 (Türen/Tritte Wagen C, Mittelwagen) von Fahrzeug 3 , Abschaltung
577	20	1	0	1	0		DDS_xSig0984	Gruppenalarm 21 (Türen/Tritte Wagen D) von Fahrzeug 3 , Abschaltung
577	21	1	0	1	0		DDS_xSig0986	Gruppenalarm 22 (Türen/Tritte Wagen E) von Fahrzeug 3 , Abschaltung
577	22	1	0	1	0		DDS_xSig0988	Gruppenalarm 23 (Türen/Tritte Wagen F) von Fahrzeug 3 , Abschaltung
577	23	1	0	1	0		DDS_xSig0990	Gruppenalarm 24 (WC)  von Fahrzeug 3 , Abschaltung
577	24	1	0	1	0		DDS_xSig1071	Gruppenalarm 1 (Stromabnehmer) von Fahrzeug 4 , Abschaltung
577	25	1	0	1	0		DDS_xSig1093	Gruppenalarm 2 (Hauptstrom) von Fahrzeug 4 , Abschaltung
577	26	1	0	1	0		DDS_xSig1115	Gruppenalarm 3 (Stromrichter 1) von Fahrzeug 4 , Abschaltung
577	27	1	0	1	0		DDS_xSig1119	Gruppenalarm 4 (Stromrichter 2) von Fahrzeug 4 , Abschaltung
577	28	1	0	1	0		DDS_xSig1121	Gruppenalarm 5 (Stromrichter 3) von Fahrzeug 4 , Abschaltung
577	29	1	0	1	0		DDS_xSig1123	Gruppenalarm 6 (Stromrichter 4) von Fahrzeug 4 , Abschaltung
577	30	1	0	1	0		DDS_xSig1125	Gruppenalarm 7 (Pneumatik) von Fahrzeug 4 , Abschaltung
577	31	1	0	1	0		DDS_xSig1127	Gruppenalarm 8 (Reserve) von Fahrzeug 4 , Abschaltung
577	32	1	0	1	0		DDS_xSig1129	Gruppenalarm 9 (Hilfsbetriebe) von Fahrzeug 4 , Abschaltung
577	33	1	0	1	0		DDS_xSig1051	Gruppenalarm 10 (Bremsen) von Fahrzeug 4 , Abschaltung
577	34	1	0	1	0		DDS_xSig1053	Gruppenalarm 11 (Leittechnik) von Fahrzeug 4 , Abschaltung
577	35	1	0	1	0		DDS_xSig1055	Gruppenalarm 12 (Klimaanlage Wagen A, Endwagen 1) von Fahrzeug 4 , Abschaltung
577	36	1	0	1	0		DDS_xSig1057	Gruppenalarm 13 (Klimaanlage Wagen B, Endwagen 2) von Fahrzeug 4 , Abschaltung
577	37	1	0	1	0		DDS_xSig1059	Gruppenalarm 14 (Klimaanlage Wagen C, Mittelwagen) von Fahrzeug 4 , Abschaltung
577	38	1	0	1	0		DDS_xSig1061	Gruppenalarm 15 (Klimaanlage Wagen D) von Fahrzeug 4 , Abschaltung
577	39	1	0	1	0		DDS_xSig1063	Gruppenalarm 16 (Klimaanlage Wagen E) von Fahrzeug 4 , Abschaltung
577	40	1	0	1	0		DDS_xSig1065	Gruppenalarm 17 (Klimaanlage Wagen F) von Fahrzeug 4 , Abschaltung
577	41	1	0	1	0		DDS_xSig1067	Gruppenalarm 18 (Türen/Tritte Wagen A, Endwagen 1) von Fahrzeug 4 , Abschaltung
577	42	1	0	1	0		DDS_xSig1069	Gruppenalarm 19 (Türen/Tritte Wagen B, Endwagen 2) von Fahrzeug 4 , Abschaltung
577	43	1	0	1	0		DDS_xSig1073	Gruppenalarm 20 (Türen/Tritte Wagen C, Mittelwagen) von Fahrzeug 4 , Abschaltung
577	44	1	0	1	0		DDS_xSig1075	Gruppenalarm 21 (Türen/Tritte Wagen D) von Fahrzeug 4 , Abschaltung
577	45	1	0	1	0		DDS_xSig1077	Gruppenalarm 22 (Türen/Tritte Wagen E) von Fahrzeug 4 , Abschaltung
577	46	1	0	1	0		DDS_xSig1079	Gruppenalarm 23 (Türen/Tritte Wagen F) von Fahrzeug 4 , Abschaltung
577	47	1	0	1	0		DDS_xSig1081	Gruppenalarm 24 (WC)  von Fahrzeug 4 , Abschaltung
577	48	1	0	1	0		DDS_xSig0860	Stoerung Scheibenbremse Fahrzeug 1
577	49	1	0	1	0		DDS_xSig0950	Stoerung Scheibenbremse Fahrzeug 2
577	50	1	0	1	0		DDS_xSig1041	Stoerung Scheibenbremse Fahrzeug 3
577	51	1	0	1	0		DDS_xSig1132	Stoerung Scheibenbremse Fahrzeug 4
577	52	1	0	1	0		DDS_xSig0863	Stoerung MG-Bremse Fahrzeug 1
577	53	1	0	1	0		DDS_xSig0953	Stoerung MG-Bremse Fahrzeug 2
577	54	1	0	1	0		DDS_xSig1044	Stoerung MG-Bremse Fahrzeug 3
577	55	1	0	1	0		DDS_xSig1135	Stoerung MG-Bremse Fahrzeug 4
577	56	1	0	1	0		DDS_xSig0861	Stoerung EP-Bremse Fahrzeug 1
577	57	1	0	1	0		DDS_xSig0951	Stoerung EP-Bremse Fahrzeug 2
577	58	1	0	1	0		DDS_xSig1042	Stoerung EP-Bremse Fahrzeug 3
577	59	1	0	1	0		DDS_xSig1133	Stoerung EP-Bremse Fahrzeug 4
578	1	1	0	1	0		DDS_xSig0955	Sammelstörung Fahrzeug 2
578	2	1	0	1	0		DDS_xSig1046	Sammelstörung Fahrzeug 3
578	3	1	0	1	0		DDS_xSig1137	Sammelstörung Fahrzeug 4
578	4	1	0	1	0		DDS_xSig0804	Abtrennungen Fahrzeug 1
578	5	1	0	1	0		DDS_xSig0866	Abtrennungen Fahrzeug 2
578	6	1	0	1	0		DDS_xSig0957	Abtrennungen Fahrzeug 3
578	7	1	0	1	0		DDS_xSig1048	Abtrennungen Fahrzeug 4
578	8	1	0	1	0		DDS_xSig1424	Fahrrichtungsschalter nicht in Fahrtrichtung
578	9	1	0	1	0		DDS_xSig0036	v-Soll Regelung Abgetrennt Seite 1
578	10	1	0	1	0		DDS_xSig0037	v-Soll Regelung Abgetrennt Seite 2
578	11	1	0	1	0		DDS_xSig0038	Abtrennung Schnellbremsung FLG Seite 1
578	12	1	0	1	0		DDS_xSig0039	Abtrennung Schnellbremsung FLG Seite 2
578	16	1	0	1	0		DDS_xSig1689	V-Messanlage ist abgetrennt
578	17	1	0	1	0		DDS_SIFAAbgetrennt	SIFA ist abgetrennt
578	18	1	0	1	0		DDS_ZUBAbgetrenntA	ZUB Seite A ist abgetrennt
578	19	1	0	1	0		DDS_ZUBAbgetrenntB	ZUB Seite B ist abgetrennt
578	20	1	0	1	0		DDS_IndusiAbgetrenntA	Indusi Seite A ist abgetrennt
578	21	1	0	1	0		DDS_IndusiAbgetrenntB	Indusi Seite B ist abgetrennt
578	22	1	0	1	0		DDS_SysWahlAbgetrenntA	Systemwahl Seite A ist abgetrennt
578	23	1	0	1	0		DDS_SysWahlAbgetrenntB	Systemwahl Seite B ist abgetrennt
578	24	1	0	1	0		DDS_xSig1246	Systemmerker Interne Batterie CPU FLG
578	25	1	0	1	0		DDS_xSig0195	Systemmerker Fehler batterie-gepufferter Speicher CPU FLG
578	26	1	0	1	0		DDS_xSig1700	Systemmerker CPU Verlust des Programms im RAM
578	27	1	0	1	0		DDS_xSig1674	Systemmerker Uebertemperatur CPU FLG
578	28	1	0	1	0		DDS_xSig1632	Task-Zykluszeit für längere Zeit über toleriertem Mass
579	0	1	0	1	0		DDS_xSig0098	Alarm Brandschutz Führerstand 1 Fz2
579	1	1	0	1	0		DDS_xSig0102	Alarm Brandschutz Führerstand 2 Fz2
579	2	1	0	1	0		DDS_xSig0084	Alarm Brandschutz Apparateraum 1 Fz2
579	3	1	0	1	0		DDS_xSig0088	Alarm Brandschutz Apparateraum 2 Fz2
579	4	1	0	1	0		DDS_xSig0106	Alarm Brandschutz Fahrgastraum A Fz2
579	5	1	0	1	0		DDS_xSig0110	Alarm Brandschutz Fahrgastraum B Fz2
579	6	1	0	1	0		DDS_xSig0114	Alarm Brandschutz Fahrgastraum C Fz2
579	7	1	0	1	0		DDS_xSig0118	Alarm Brandschutz Fahrgastraum D Fz2
579	8	1	0	1	0		DDS_xSig0149	Alarm Brandschutz Toilette Fz2
579	9	1	0	1	0		DDS_xSig0099	Alarm Brandschutz Führerstand 1 Fz3
579	10	1	0	1	0		DDS_xSig0103	Alarm Brandschutz Führerstand 2 Fz3
579	11	1	0	1	0		DDS_xSig0085	Alarm Brandschutz Apparateraum 1 Fz3
579	12	1	0	1	0		DDS_xSig0089	Alarm Brandschutz Apparateraum 2 Fz3
579	13	1	0	1	0		DDS_xSig0107	Alarm Brandschutz Fahrgastraum A Fz3
579	14	1	0	1	0		DDS_xSig0111	Alarm Brandschutz Fahrgastraum B Fz3
579	15	1	0	1	0		DDS_xSig0115	Alarm Brandschutz Fahrgastraum C Fz3
579	16	1	0	1	0		DDS_xSig0119	Alarm Brandschutz Fahrgastraum D Fz3
579	17	1	0	1	0		DDS_xSig0150	Alarm Brandschutz Toilette Fz3
579	18	1	0	1	0		DDS_xSig0100	Alarm Brandschutz Führerstand 1 Fz4
579	19	1	0	1	0		DDS_xSig0104	Alarm Brandschutz Führerstand 2 Fz4
579	20	1	0	1	0		DDS_xSig0086	Alarm Brandschutz Apparateraum 1 Fz4
579	21	1	0	1	0		DDS_xSig0090	Alarm Brandschutz Apparateraum 2 Fz4
579	22	1	0	1	0		DDS_xSig0108	Alarm Brandschutz Fahrgastraum A Fz4
579	23	1	0	1	0		DDS_xSig0112	Alarm Brandschutz Fahrgastraum B Fz4
579	24	1	0	1	0		DDS_xSig0116	Alarm Brandschutz Fahrgastraum C Fz4
579	25	1	0	1	0		DDS_xSig0120	Alarm Brandschutz Fahrgastraum D Fz4
579	26	1	0	1	0		DDS_xSig0151	Alarm Brandschutz Toilette Fz4
579	27	1	0	1	0		DDS_xSig0180	Störung Brandschutz Fz1
579	28	1	0	1	0		DDS_xSig0181	Störung Brandschutz Fz2
579	29	1	0	1	0		DDS_xSig0182	Störung Brandschutz Fz3
579	30	1	0	1	0		DDS_xSig0183	Störung Brandschutz Fz4
579	31	1	0	1	0		DDS_xSig0148	Alarm Brandschutz Toilette
579	32	1	0	1	0		DDS_xSig0184	Interface-Test Brandbekämpfungsanlage Fahrzeug 1 fehlgeschlagen
579	33	1	0	1	0		DDS_xSig0185	Interface-Test Brandbekämpfungsanlage Fahrzeug 2 fehlgeschlagen
579	34	1	0	1	0		DDS_xSig0186	Interface-Test Brandbekämpfungsanlage Fahrzeug 3 fehlgeschlagen
579	35	1	0	1	0		DDS_xSig0187	Interface-Test Brandbekämpfungsanlage Fahrzeug 4 fehlgeschlagen
579	36	1	0	1	0		DDS_xSig0176	Störung Brandschutz Fz1
579	37	1	0	1	0		DDS_xSig0177	Störung Brandschutz Fz2
579	38	1	0	1	0		DDS_xSig0178	Störung Brandschutz Fz3
579	39	1	0	1	0		DDS_xSig0179	Störung Brandschutz Fz4
579	40	1	0	1	0		DDS_xSig0097	Alarm Brandschutz Führerstand 1 Fz1
579	41	1	0	1	0		DDS_xSig0101	Alarm Brandschutz Führerstand 2 Fz1
579	42	1	0	1	0		DDS_xSig0083	Alarm Brandschutz Apparateraum 1 Fz1
579	43	1	0	1	0		DDS_xSig0087	Alarm Brandschutz Apparateraum 2 Fz1
579	44	1	0	1	0		DDS_xSig0105	Alarm Brandschutz Fahrgastraum A Fz1
579	45	1	0	1	0		DDS_xSig0109	Alarm Brandschutz Fahrgastraum B Fz1
579	46	1	0	1	0		DDS_xSig0113	Alarm Brandschutz Fahrgastraum C Fz1
579	47	1	0	1	0		DDS_xSig0117	Alarm Brandschutz Fahrgastraum D Fz1
579	48	1	0	1	0		DDS_xSig1399	Rauchmelder 80 Prozent verschmutzt
579	49	1	0	1	0		DDS_xSig0188	Kleine Störung Brandchutz (Prio C)
579	50	1	0	1	0		DDS_xSig0121	Alarm Brandschutz Fahrgastraum E Fz2
579	51	1	0	1	0		DDS_xSig0124	Alarm Brandschutz Fahrgastraum F Fz2
579	52	1	0	1	0		DDS_xSig0127	Alarm Brandschutz Fahrgastraum G Fz2
579	53	1	0	1	0		DDS_xSig0130	Alarm Brandschutz Fahrgastraum H Fz2
579	54	1	0	1	0		DDS_xSig0152	Alarm Brandschutz Toilette Wagen D Fz2
579	55	1	0	1	0		DDS_xSig0155	Alarm Brandschutz Toilette Wagen E Fz2
579	56	1	0	1	0		DDS_xSig0158	Alarm Brandschutz Toilette Wagen F Fz2
579	57	1	0	1	0		DDS_xSig0091	Alarm Brandschutz Apparateraum 3 Fz2
579	58	1	0	1	0		DDS_xSig0094	Alarm Brandschutz Apparateraum 4 Fz2
579	59	1	0	1	0		DDS_xSig0133	Alarm Brandschutz Stromrichter Wagen A Fz2
579	60	1	0	1	0		DDS_xSig0136	Alarm Brandschutz Stromrichter Wagen B Fz2
579	61	1	0	1	0		DDS_xSig0139	Alarm Brandschutz Stromrichter Wagen G Fz2
579	62	1	0	1	0		DDS_xSig0142	Alarm Brandschutz Stromrichter Wagen H Fz2
579	63	1	0	1	0		DDS_xSig0145	Alarm Brandschutz Schaffnerabteil Wagen G Fz2
580	32	1	0	1	0		DDS_xSig1207	Störung Türe 1 Fahrzeug 2
580	33	1	0	1	0		DDS_xSig1210	Störung Türe 2 Fahrzeug 2
580	34	1	0	1	0		DDS_xSig1213	Störung Türe 3 Fahrzeug 2
580	35	1	0	1	0		DDS_xSig1216	Störung Türe 4 Fahrzeug 2
580	36	1	0	1	0		DDS_xSig1219	Störung Türe 5 Fahrzeug 2
580	37	1	0	1	0		DDS_xSig1222	Störung Türe 6 Fahrzeug 2
580	40	1	0	1	0		DDS_xSig1158	Türe 1 Fahrzeug 2 abgetrennt
580	41	1	0	1	0		DDS_xSig1161	Türe 2 Fahrzeug 2 abgetrennt
580	42	1	0	1	0		DDS_xSig1164	Türe 3 Fahrzeug 2 abgetrennt
580	43	1	0	1	0		DDS_xSig1167	Türe 4 Fahrzeug 2 abgetrennt
580	44	1	0	1	0		DDS_xSig1170	Türe 5 Fahrzeug 2 abgetrennt
580	45	1	0	1	0		DDS_xSig1173	Türe 6 Fahrzeug 2 abgetrennt
580	48	1	0	1	0		DDS_xSig1189	Störung Tritt 1 Fahrzeug 2
580	49	1	0	1	0		DDS_xSig1192	Störung Tritt 2 Fahrzeug 2
580	50	1	0	1	0		DDS_xSig1195	Störung Tritt 3 Fahrzeug 2
580	51	1	0	1	0		DDS_xSig1198	Störung Tritt 4 Fahrzeug 2
580	52	1	0	1	0		DDS_xSig1201	Störung Tritt 5 Fahrzeug 2
580	53	1	0	1	0		DDS_xSig1204	Störung Tritt 6 Fahrzeug 2
580	56	1	0	1	0		DDS_xSig1140	Tritt 1 Fahrzeug 2 abgetrennt
580	57	1	0	1	0		DDS_xSig1143	Tritt 2 Fahrzeug 2 abgetrennt
580	58	1	0	1	0		DDS_xSig1146	Tritt 3 Fahrzeug 2 abgetrennt
580	59	1	0	1	0		DDS_xSig1149	Tritt 4 Fahrzeug 2 abgetrennt
580	60	1	0	1	0		DDS_xSig1152	Tritt 5 Fahrzeug 2 abgetrennt
580	61	1	0	1	0		DDS_xSig1155	Tritt 6 Fahrzeug 2 abgetrennt
581	0	1	0	1	0		DDS_xSig0230	Stoerung Dienstbeleuchtung LED  CH_SPITZE_NORM_3W
581	1	1	0	1	0		DDS_xSig0232	Stoerung Dienstbeleuchtung LED  CH_SPITZE_RANGIER_3W
581	2	1	0	1	0		DDS_xSig0231	Stoerung Dienstbeleuchtung LED  CH_SPITZE_PARK_BES_3W
581	3	1	0	1	0		DDS_xSig0225	Stoerung Dienstbeleuchtung LED  CH_BEIDS_PARK_UNBES_1W
581	4	1	0	1	0		DDS_xSig0224	Stoerung Dienstbeleuchtung LED  CH_BEIDES_ABRUEST_1W
581	5	1	0	1	0		DDS_xSig0229	Stoerung Dienstbeleuchtung LED  CH_SPITZE_FERNL_SW_UNTEN
581	6	1	0	1	0		DDS_xSig0228	Stoerung Dienstbeleuchtung LED  CH_SCHLUSS_RUECKLICHT_2R
581	7	1	0	1	0		DDS_xSig0226	Stoerung Dienstbeleuchtung LED  CH_BEIDS_WARNLICHT_3R
581	8	1	0	1	0		DDS_xSig0190	Stoerung Dienstbeleuchtung LED  BEIDS_DUNKEL
581	9	1	0	1	0		DDS_xSig1658	Taktsperre überbrückt
581	10	1	0	1	0		DDS_xSig1646	Taktsperre da kein FR besetzt
581	11	1	0	1	0		DDS_xSig1655	Taktsperre wegen Schnellbremsauslösung durch FLG (exkl. Z/B-Hebel)
581	12	1	0	1	0		DDS_xSig1656	Taktsperre wegen Schnellbremsauslösung durch Sicherheitssteuerung
581	13	1	0	1	0		DDS_xSig1654	Taktsperre wegen Schnellbremsauslösung (Fahrzeugleitebene)
581	14	1	0	1	0		DDS_xSig1657	Taktsperre wegen offenen Türen
581	15	1	0	1	0		DDS_xSig1648	Taktsperre wegen zu tiefem Hauptleitungsdruck
581	16	1	0	1	0		DDS_xSig0902	Fahrzeug 2: Gruppenalarm 25: Störung Stromrichter 1 Wagen G
581	17	1	0	1	0		DDS_xSig0901	Fahrzeug 2: Gruppenalarm 25: Abtrennung Stromrichter 1 Wagen G
581	18	1	0	1	0		DDS_xSig0904	Fahrzeug 2: Gruppenalarm 26: Störung Stromrichter 2 Wagen G
581	19	1	0	1	0		DDS_xSig0903	Fahrzeug 2: Gruppenalarm 26: Abtrennung Stromrichter 2 Wagen G
581	20	1	0	1	0		DDS_xSig0906	Fahrzeug 2: Gruppenalarm 27: Störung Stromrichter 1 Wagen H
581	21	1	0	1	0		DDS_xSig0905	Fahrzeug 2: Gruppenalarm 27: Abtrennung Stromrichter 1 Wagen H
581	22	1	0	1	0		DDS_xSig0908	Fahrzeug 2: Gruppenalarm 28: Störung Stromrichter 2 Wagen H
581	23	1	0	1	0		DDS_xSig0907	Fahrzeug 2: Gruppenalarm 28: Abtrennung Stromrichter 2 Wagen H
581	24	1	0	1	0		DDS_xSig0910	Fahrzeug 2: Gruppenalarm 29: Störung Klimaanlage Wagen G
581	25	1	0	1	0		DDS_xSig0909	Fahrzeug 2: Gruppenalarm 29: Abtrennung Klimaanlage Wagen G
581	26	1	0	1	0		DDS_xSig0914	Fahrzeug 2: Gruppenalarm 30: Störung Klimaanlage Wagen H
581	27	1	0	1	0		DDS_xSig0913	Fahrzeug 2: Gruppenalarm 30: Abtrennung Klimaanlage Wagen H
581	28	1	0	1	0		DDS_xSig0916	Fahrzeug 2: Gruppenalarm 31: Störung Türen Wagen G
581	29	1	0	1	0		DDS_xSig0915	Fahrzeug 2: Gruppenalarm 31: Abtrennung Türen Wagen G
581	30	1	0	1	0		DDS_xSig0918	Fahrzeug 2: Gruppenalarm 32: Störung Türen Wagen H
581	31	1	0	1	0		DDS_xSig0917	Fahrzeug 2: Gruppenalarm 32: Abtrennung Türen Wagen H
581	32	1	0	1	0		DDS_xSig0920	Fahrzeug 2: Gruppenalarm 33: Störung Batterieladung Wagen A
581	33	1	0	1	0		DDS_xSig0919	Fahrzeug 2: Gruppenalarm 33: Abtrennung Batterieladung Wagen A
581	34	1	0	1	0		DDS_xSig0922	Fahrzeug 2: Gruppenalarm 34: Störung Batterieladung Wagen B
581	35	1	0	1	0		DDS_xSig0921	Fahrzeug 2: Gruppenalarm 34: Abtrennung Batterieladung Wagen B
581	36	1	0	1	0		DDS_xSig0924	Fahrzeug 2: Gruppenalarm 35: Störung Batterieladung Wagen G
581	37	1	0	1	0		DDS_xSig0923	Fahrzeug 2: Gruppenalarm 35: Abtrennung Batterieladung Wagen G
581	38	1	0	1	0		DDS_xSig0926	Fahrzeug 2: Gruppenalarm 36: Störung Batterieladung Wagen H
581	39	1	0	1	0		DDS_xSig0925	Fahrzeug 2: Gruppenalarm 36: Abtrennung Batterieladung Wagen H
581	40	1	0	1	0		DDS_xSig0928	Fahrzeug 2: Gruppenalarm 37: Störung Klimaanlage FR A
581	41	1	0	1	0		DDS_xSig0927	Fahrzeug 2: Gruppenalarm 37: Abtrennung Klimaanlage FR A
581	42	1	0	1	0		DDS_xSig0930	Fahrzeug 2: Gruppenalarm 38: Störung Klimaanlage FR B
581	43	1	0	1	0		DDS_xSig0929	Fahrzeug 2: Gruppenalarm 38: Abtrennung Klimaanlage FR B
581	44	1	0	1	0		DDS_xSig0932	Out44:
581	45	1	0	1	0		DDS_xSig0931	Out45:
581	46	1	0	1	0		DDS_xSig0936	Out46:
581	47	1	0	1	0		DDS_xSig0935	Out47:
581	48	1	0	1	0		DDS_xSig0842	Fahrzeug 1: Gruppenalarm 33: Störung Batterieladung Wagen A
581	49	1	0	1	0		DDS_xSig0841	Fahrzeug 1: Gruppenalarm 33: Abtrennung Batterieladung Wagen A
581	50	1	0	1	0		DDS_xSig0844	Fahrzeug 1: Gruppenalarm 34: Störung Batterieladung Wagen B
581	51	1	0	1	0		DDS_xSig0843	Fahrzeug 1: Gruppenalarm 34: Abtrennung Batterieladung Wagen B
581	52	1	0	1	0		DDS_xSig0739	Fahrsperre: Halber 8-Teiler im Zugverband
581	53	1	0	1	0		DDS_xSig0227	Stoerung Dienstbeleuchtung LED  CH_SCHLUSS_RANGIER_1W
581	56	1	0	1	0		DDS_xSig1652	Taktsperre wegen Betätigung Nothahn (Zugleitebene)
581	57	1	0	1	0		DDS_xSig1651	Taktsperre wegen Betätigung Nothahn (Fahrzeugleitebene)
581	58	1	0	1	0		DDS_xSig1650	Taktsperre wegen fehlender gewählter Fahrrrichtung (Zugleitebene)
581	59	1	0	1	0		DDS_xSig1649	Taktsperre wegen fehlender gewählter Fahrrrichtung (Fahrzeugleitebene)
581	60	1	0	1	0		DDS_xSig1647	Taktsperre Anforderung durch geführtes Fahrzeug
581	61	1	0	1	0		DDS_xSig1653	Taktsperre wegen Schenllbremsung durch Bremshebel
581	62	1	0	1	0		DDS_xSig1283	LT-Reset mit Flirt III im Zugverband nicht ausführbar
581	63	1	0	1	0		DDS_xSig1315	Netzstrombegrenzung (max. 900A)
626	0	1	0	1	0		DDS_xSig0713	
626	1	1	0	1	0		DDS_xSig0623	
626	2	1	0	1	0		DDS_xSig0629	
626	3	1	0	1	0		DDS_xSig0635	
626	4	1	0	1	0		DDS_xSig0641	
626	5	1	0	1	0		DDS_xSig0647	
626	6	1	0	1	0		DDS_xSig0653	
626	7	1	0	1	0		DDS_xSig0659	
626	8	1	0	1	0		DDS_xSig0716	
626	9	1	0	1	0		DDS_xSig0626	
626	10	1	0	1	0		DDS_xSig0632	
626	11	1	0	1	0		DDS_xSig0638	
626	12	1	0	1	0		DDS_xSig0644	
626	13	1	0	1	0		DDS_xSig0650	
626	14	1	0	1	0		DDS_xSig0656	
626	15	1	0	1	0		DDS_xSig0662	
626	16	1	0	1	0		DDS_xSig0714	
626	17	1	0	1	0		DDS_xSig0624	
626	18	1	0	1	0		DDS_xSig0630	
626	19	1	0	1	0		DDS_xSig0636	
626	20	1	0	1	0		DDS_xSig0642	
626	21	1	0	1	0		DDS_xSig0648	
626	22	1	0	1	0		DDS_xSig0654	
626	23	1	0	1	0		DDS_xSig0660	
626	24	1	0	1	0		DDS_xSig0717	
626	25	1	0	1	0		DDS_xSig0627	
626	26	1	0	1	0		DDS_xSig0633	
626	27	1	0	1	0		DDS_xSig0639	
626	28	1	0	1	0		DDS_xSig0645	
626	29	1	0	1	0		DDS_xSig0651	
626	30	1	0	1	0		DDS_xSig0657	
626	31	1	0	1	0		DDS_xSig0663	
626	32	1	0	1	0		DDS_xSig0715	
626	33	1	0	1	0		DDS_xSig0625	
626	34	1	0	1	0		DDS_xSig0631	
626	35	1	0	1	0		DDS_xSig0637	
626	36	1	0	1	0		DDS_xSig0643	
626	37	1	0	1	0		DDS_xSig0649	
626	38	1	0	1	0		DDS_xSig0655	
626	39	1	0	1	0		DDS_xSig0661	
626	40	1	0	1	0		DDS_xSig0718	
626	41	1	0	1	0		DDS_xSig0628	
626	42	1	0	1	0		DDS_xSig0634	
626	43	1	0	1	0		DDS_xSig0640	
626	44	1	0	1	0		DDS_xSig0646	
626	45	1	0	1	0		DDS_xSig0652	
626	46	1	0	1	0		DDS_xSig0658	
626	47	1	0	1	0		DDS_xSig0664	
626	48	1	0	1	0		DDS_xSig0617	
626	49	1	0	1	0		DDS_xSig0527	
626	50	1	0	1	0		DDS_xSig0533	
626	51	1	0	1	0		DDS_xSig0539	
626	52	1	0	1	0		DDS_xSig0545	
626	53	1	0	1	0		DDS_xSig0551	
626	54	1	0	1	0		DDS_xSig0557	
626	55	1	0	1	0		DDS_xSig0563	
626	56	1	0	1	0		DDS_xSig0620	
626	57	1	0	1	0		DDS_xSig0530	
626	58	1	0	1	0		DDS_xSig0536	
626	59	1	0	1	0		DDS_xSig0542	
626	60	1	0	1	0		DDS_xSig0548	
626	61	1	0	1	0		DDS_xSig0554	
626	62	1	0	1	0		DDS_xSig0560	
626	63	1	0	1	0		DDS_xSig0566	
627	0	1	0	1	0		DDS_xSig0667	Störung Türe 1 Links Fahrzeug 4
627	1	1	0	1	0		DDS_xSig0670	Störung Türe 1 Rechts Fahrzeug 4
627	2	1	0	1	0		DDS_xSig0673	Störung Türe 2 Links Fahrzeug 4
627	3	1	0	1	0		DDS_xSig0676	Störung Türe 2 Rechts Fahrzeug 4
627	4	1	0	1	0		DDS_xSig0679	Störung Türe 3 Links Fahrzeug 4
627	5	1	0	1	0		DDS_xSig0682	Störung Türe 3 Rechts Fahrzeug 4
627	6	1	0	1	0		DDS_xSig0685	Störung Türe 4 Links Fahrzeug 4
627	7	1	0	1	0		DDS_xSig0688	Störung Türe 4 Rechts Fahrzeug 4
627	8	1	0	1	0		DDS_xSig0691	Störung Türe 5 Links Fahrzeug 4
627	9	1	0	1	0		DDS_xSig0694	Störung Türe 5 Rechts Fahrzeug 4
627	10	1	0	1	0		DDS_xSig0697	Störung Türe 6 Links Fahrzeug 4
627	11	1	0	1	0		DDS_xSig0700	Störung Türe 6 Rechts Fahrzeug 4
627	12	1	0	1	0		DDS_xSig0703	Störung Türe 7 Links Fahrzeug 4
627	13	1	0	1	0		DDS_xSig0706	Störung Türe 7 Rechts Fahrzeug 4
627	14	1	0	1	0		DDS_xSig0709	Störung Türe 8 Links Fahrzeug 4
627	15	1	0	1	0		DDS_xSig0712	Störung Türe 8 Rechts Fahrzeug 4
627	16	1	0	1	0		DDS_xSig0469	Türe 1 Links Fahrzeug 4 abgetrennt
627	17	1	0	1	0		DDS_xSig0472	Türe 1 Rechts Fahrzeug 4 abgetrennt
627	18	1	0	1	0		DDS_xSig0475	Türe 2 Links Fahrzeug 4 abgetrennt
627	19	1	0	1	0		DDS_xSig0478	Türe 2 Rechts Fahrzeug 4 abgetrennt
627	20	1	0	1	0		DDS_xSig0481	Türe 3 Links Fahrzeug 4 abgetrennt
627	21	1	0	1	0		DDS_xSig0484	Türe 3 Rechts Fahrzeug 4 abgetrennt
627	22	1	0	1	0		DDS_xSig0487	Türe 4 Links Fahrzeug 4 abgetrennt
627	23	1	0	1	0		DDS_xSig0490	Türe 4 Rechts Fahrzeug 4 abgetrennt
627	24	1	0	1	0		DDS_xSig0493	Türe 5 Links Fahrzeug 4 abgetrennt
627	25	1	0	1	0		DDS_xSig0496	Türe 5 Rechts Fahrzeug 4 abgetrennt
627	26	1	0	1	0		DDS_xSig0499	Türe 6 Links Fahrzeug 4 abgetrennt
627	27	1	0	1	0		DDS_xSig0502	Türe 6 Rechts Fahrzeug 4 abgetrennt
627	28	1	0	1	0		DDS_xSig0505	Türe 7 Links Fahrzeug 4 abgetrennt
627	29	1	0	1	0		DDS_xSig0508	Türe 7 Rechts Fahrzeug 4 abgetrennt
627	30	1	0	1	0		DDS_xSig0511	Türe 8 Links Fahrzeug 4 abgetrennt
627	31	1	0	1	0		DDS_xSig0514	Türe 8 Rechts Fahrzeug 4 abgetrennt
627	32	1	0	1	0		DDS_xSig0571	Störung Tritt 1 Links Fahrzeug 4
627	33	1	0	1	0		DDS_xSig0574	Störung Tritt 1 Rechts Fahrzeug 4
627	34	1	0	1	0		DDS_xSig0577	Störung Tritt 2 Links Fahrzeug 4
627	35	1	0	1	0		DDS_xSig0580	Störung Tritt 2 Rechts Fahrzeug 4
627	36	1	0	1	0		DDS_xSig0583	Störung Tritt 3 Links Fahrzeug 4
627	37	1	0	1	0		DDS_xSig0586	Störung Tritt 3 Rechts Fahrzeug 4
627	38	1	0	1	0		DDS_xSig0589	Störung Tritt 4 Links Fahrzeug 4
627	39	1	0	1	0		DDS_xSig0592	Störung Tritt 4 Rechts Fahrzeug 4
627	40	1	0	1	0		DDS_xSig0595	Störung Tritt 5 Links Fahrzeug 4
627	41	1	0	1	0		DDS_xSig0598	Störung Tritt 5 Rechts Fahrzeug 4
627	42	1	0	1	0		DDS_xSig0601	Störung Tritt 6 Links Fahrzeug 4
627	43	1	0	1	0		DDS_xSig0604	Störung Tritt 6 Rechts Fahrzeug 4
627	44	1	0	1	0		DDS_xSig0607	Störung Tritt 7 Links Fahrzeug 4
627	45	1	0	1	0		DDS_xSig0610	Störung Tritt 7 Rechts Fahrzeug 4
627	46	1	0	1	0		DDS_xSig0613	Störung Tritt 8 Links Fahrzeug 4
627	47	1	0	1	0		DDS_xSig0616	Störung Tritt 8 Rechts Fahrzeug 4
627	48	1	0	1	0		DDS_xSig0373	Tritt 1 Links Fahrzeug 4 abgetrennt
627	49	1	0	1	0		DDS_xSig0376	Tritt 1 Rechts Fahrzeug 4 abgetrennt
627	50	1	0	1	0		DDS_xSig0379	Tritt 2 Links Fahrzeug 4 abgetrennt
627	51	1	0	1	0		DDS_xSig0382	Tritt 2 Rechts Fahrzeug 4 abgetrennt
627	52	1	0	1	0		DDS_xSig0385	Tritt 3 Links Fahrzeug 4 abgetrennt
627	53	1	0	1	0		DDS_xSig0388	Tritt 3 Rechts Fahrzeug 4 abgetrennt
627	54	1	0	1	0		DDS_xSig0391	Tritt 4 Links Fahrzeug 4 abgetrennt
627	55	1	0	1	0		DDS_xSig0394	Tritt 4 Rechts Fahrzeug 4 abgetrennt
627	56	1	0	1	0		DDS_xSig0397	Tritt 5 Links Fahrzeug 4 abgetrennt
627	57	1	0	1	0		DDS_xSig0400	Tritt 5 Rechts Fahrzeug 4 abgetrennt
627	58	1	0	1	0		DDS_xSig0403	Tritt 6 Links Fahrzeug 4 abgetrennt
627	59	1	0	1	0		DDS_xSig0406	Tritt 6 Rechts Fahrzeug 4 abgetrennt
627	60	1	0	1	0		DDS_xSig0409	Tritt 7 Links Fahrzeug 4 abgetrennt
627	61	1	0	1	0		DDS_xSig0412	Tritt 7 Rechts Fahrzeug 4 abgetrennt
627	62	1	0	1	0		DDS_xSig0415	Tritt 8 Links Fahrzeug 4 abgetrennt
627	63	1	0	1	0		DDS_xSig0418	Tritt 8 Rechts Fahrzeug 4 abgetrennt
628	0	32	0	1	0		UMF_dwGPSLatitude	GPS Latitude (Breitengrad)
628	32	32	0	1	0		UMF_dwGPSLongitude	GPS Longitude (Längengrad)
629	0	1	0	1	0		DDS_xSig0276	ETCS Bremstest aktiv
629	1	1	0	1	0		DDS_xSig0277	ETCS Zugkraft-Unterdrückung
629	2	1	0	1	0		DDS_xSig0271	ETCS Betriebsbremse
629	3	1	0	1	0		DDS_xSig0272	ETCS Schnellbremsung
629	4	1	0	1	0		DDS_xSig0270	ETCS Abtrennung V-Soll-Vorgabe
629	5	1	0	1	0		DDS_xSig0273	ETCS Störung Fahrzeug 2
629	6	1	0	1	0		DDS_xSig0274	ETCS Störung Fahrzeug 3
629	7	1	0	1	0		DDS_xSig0275	ETCS Störung Fahrzeug 4
629	8	1	0	1	0		DDS_xSig0744	Fahrsperre : ETCS Abtrennung V-Soll-Vorgabe
629	9	1	0	1	0		DDS_xSig0745	Fahrsperre : ETCS Betriebsbremse
629	10	1	0	1	0		DDS_xSig1431	ETCS SKS 1 benötigt Unterhalt
629	11	1	0	1	0		DDS_xSig1432	ETCS SKS 2 benötigt Unterhalt
629	12	1	0	1	0		DDS_xSig1433	ETCS SKS Fehler
629	13	1	0	1	0		DDS_xSig1740	ETCS ZUB 262ce benötigt Unterhalt
629	14	1	0	1	0		DDS_xSig1739	ETCS ZUB 262ce Fehler Hardware
629	15	1	0	1	0		DDS_xSig0284	ETCS Fehler Datenfunk
629	16	1	0	1	0		DDS_xSig0306	ETCS ZUB 262ce abgetrennt
629	17	1	0	1	0		DDS_xSig1694	ETCS V-Soll-Reduktion
629	18	1	0	1	0		DDS_xSig0302	ETCS Fehler Software
629	19	1	0	1	0		DDS_xSig0305	ETCS benötigt Unterhalt
629	20	1	0	1	0		DDS_xSig0746	Fahrsperre ETCS Traktion Aus
629	21	1	0	1	0		DDS_xSig0303	ETCS Störung Unbesetzter FR Prio A
629	22	1	0	1	0		DDS_xSig0304	ETCS Störung Unbesetzter FR Prio B
629	23	1	0	1	0		DDS_xSig1687	V-Abgleich ETCS FLG findet statt
629	24	1	0	1	0		DDS_xSig0754	Fahrsperre Leittechnik Rebbot erforderlich
629	25	1	0	1	0		DDS_xSig1745	Zugsicherung Integra inaktiv : ausgeschaltet oder abgetrennt Seite 1
629	26	1	0	1	0		DDS_xSig1285	Schnellbremsauslösung durch Langsamgang Sicherheitssteuerung
629	27	1	0	1	0		DDS_xSig1468	Schnellbremsauslösung durch Schnellgang Sicherheitssteuerung
629	28	1	0	1	0		DDS_xSig1476	Sicherheitssteuerung mit Abtrennschalter {237.1} abgetrennt Seite 1
629	29	1	0	1	0		DDS_xSig1477	Sicherheitssteuerung mit Abtrennschalter {237.1} abgetrennt Seite 2
629	30	1	0	1	0		DDS_xSig1240	Sicherheitssteuerung : Prüftaste Halt Integra
629	31	1	0	1	0		DDS_xSig1637	Test Sicherheitssteuerung Schweiz aktiv
629	32	1	0	1	0		DDS_xSig1690	VSoll-Reduktion (infolge pneumatischer Abtrennung von Drehgestellen (Bremsreduktion))
629	33	1	0	1	0		DDS_xSig1691	VSoll-Ueberwachung : FR1 Abweichung Vsoll und Zeigerrueckfuehrung grösser als 15km/h
629	34	1	0	1	0		DDS_xSig1692	VSoll-Ueberwachung : FR2 Abweichung Vsoll und Zeigerrueckfuehrung grösser als 15km/h
629	35	1	0	1	0		DDS_xSig1746	Zugsicherung Integra inaktiv : ausgeschaltet oder abgetrennt Seite 2
629	36	1	0	1	0		DDS_xSig1696	Überwachung V ETCS, Störung V EVC
629	37	1	0	1	0		DDS_xSig1695	Überwachung V ETCS, Abweichung V EVC
629	38	1	0	1	0		DDS_xSig1697	Überwachung V ETCS, Sprung
629	40	1	0	1	0		DDS_xSig0278	ETCS Abtrennschalter betätigt
629	41	1	0	1	0		DDS_xSig0285	ETCS Fehler Hardware Prio A
629	42	1	0	1	0		DDS_xSig0286	ETCS Fehler Hardware Prio B
629	43	1	0	1	0		DDS_xSig1251	ETCS Fehler JRU
629	44	1	0	1	0		DDS_xSig0290	ETCS Fehler Loop
629	45	1	0	1	0		DDS_xSig0291	ETCS Fehler MVB
629	46	1	0	1	0		DDS_xSig0292	ETCS Fehler Odometrie
629	47	1	0	1	0		DDS_xSig0293	ETCS Anforderung Reset
629	48	1	0	1	0		DDS_xSig0279	ETCS DMI HW-Fehler
629	49	1	0	1	0		DDS_xSig0283	ETCS DMI benötigt Unterhalt
629	50	1	0	1	0		DDS_xSig0282	ETCS DMI Uebertemperatur
629	51	1	0	1	0		DDS_xSig0281	ETCS DMI Sound-Fehler
629	52	1	0	1	0		DDS_xSig0280	ETCS DMI Redundanz-Betrieb
629	53	1	0	1	0		DDS_xSig0287	ETCS JRU Störung PrioA
629	54	1	0	1	0		DDS_xSig0288	ETCS JRU Störung PrioB
629	55	1	0	1	0		DDS_xSig0289	ETCS JRU Störung PrioC
629	56	1	0	1	0		DDS_xSig0294	ETCS Schnellbremsung FR unbesetzt Seite A Fahrzeug 1
629	57	1	0	1	0		DDS_xSig0295	ETCS Schnellbremsung FR unbesetzt Seite A Fahrzeug 2
629	58	1	0	1	0		DDS_xSig0296	ETCS Schnellbremsung FR unbesetzt Seite A Fahrzeug 3
629	59	1	0	1	0		DDS_xSig0297	ETCS Schnellbremsung FR unbesetzt Seite A Fahrzeug 4
629	60	1	0	1	0		DDS_xSig0298	ETCS Schnellbremsung FR unbesetzt Seite B Fahrzeug 1
629	61	1	0	1	0		DDS_xSig0299	ETCS Schnellbremsung FR unbesetzt Seite B Fahrzeug 2
629	62	1	0	1	0		DDS_xSig0300	ETCS Schnellbremsung FR unbesetzt Seite B Fahrzeug 3
629	63	1	0	1	0		DDS_xSig0301	ETCS Schnellbremsung FR unbesetzt Seite B Fahrzeug 4
630	0	16	0	1	0	km/h	UMF_wVist	Ist-Geschwindigkeit Fahrzeug
630	16	16	1	0.01	0	kN	UMF_wZsollFzg	Zugkraft Sollwert
630	32	16	1	1	0	kN	UMF_wZistFzg	Zugkraft Istwert
630	48	16	1	1	0	%	UMF_wLfSollwert	ZB-Sollwert Lokführer
631	0	1	0	1	0		DDS_xSig1383	ZB-Hebel FR1 : Hilfskontakte Fahren und Bremsen gleichzeitig anstehend
631	1	1	0	1	0		DDS_xSig1384	ZB-Hebel FR2 : Hilfskontakte Fahren und Bremsen gleichzeitig anstehend
631	2	1	0	1	0		DDS_xSig1381	ZB-Hebel FR1 : Hilfskontakt und Potentiometerwert stimmen in Fahren nicht überein
631	3	1	0	1	0		DDS_xSig1379	ZB-Hebel FR1 : Hilfskontakt und Potentiometerwert stimmen in Bremsen nicht überein
631	4	1	0	1	0		DDS_xSig1382	ZB-Hebel FR2 : Hilfskontakt und Potentiometerwert stimmen in Fahren nicht überein
631	5	1	0	1	0		DDS_xSig1380	ZB-Hebel FR2 : Hilfskontakt und Potentiometerwert stimmen in Bremsen nicht überein
631	6	1	0	1	0		DDS_xSig1735	ZB-Hebel FR1/2 : Potentiometer ZB Hebel FR1/2 Unterbruch
631	7	1	0	1	0		DDS_xSig1737	ZB-Hebel FR1/2 : Potentiometer ZB Hebel (Redundant) FR1/2 Unterbruch
631	8	1	0	1	0		DDS_xSig1736	ZB-Hebel FR1/2 : Potentiometer ZB Hebel FR1/2 Kurzschluss
631	9	1	0	1	0		DDS_xSig1738	ZB-Hebel FR1/2 : Potentiometer ZB Hebel (Redundant) FR1/2 Kurzschluss
631	14	1	0	1	0		DDS_xSig1734	ZB-Hebel FR1/2 : Beide Potentiometer ZB Hebel FR1/2 weichen auseinander ab.
631	16	1	0	1	0		DDS_xSig1575	Störung Raddurchmesserkorrektur Achse (CAN1=1 CAN2=3)
631	17	1	0	1	0		DDS_xSig1576	Störung Raddurchmesserkorrektur Achse (CAN1=2 CAN2=4)
631	18	1	0	1	0		DDS_xSig1577	Störung Raddurchmesserkorrektur Achse (CAN1=5 CAN2=7)
631	19	1	0	1	0		DDS_xSig1578	Störung Raddurchmesserkorrektur Achse (CAN1=6 CAN2=8)
631	20	1	0	1	0		DDS_xSig1579	Störung Raddurchmesserkorrektur Achse 9
631	21	1	0	1	0		DDS_xSig1574	Störung Raddurchmesserkorrektur Achse 10
631	24	1	0	1	0		DDS_xSig1704	Vist Zeigerrückmeldung eigener CAN Bus Unterbruch
631	25	1	0	1	0		DDS_xSig1706	Vist Zeigerrückmeldung anderer CAN Bus Unterbruch
631	26	1	0	1	0		DDS_xSig1703	Vist Zeigerrückmeldung Störung eigener CAN Bus
631	27	1	0	1	0		DDS_xSig1705	Vist Zeigerrückmeldung Störung fremder CAN Bus
631	28	1	0	1	0		DDS_xSig0041	Achsableich muss durchgeführt werden
631	30	1	0	1	0		DDS_xSig1688	Geschwindigkeits-Beschränkung auf 90kmh in Notfahrt
631	31	1	0	1	0		DDS_xSig1710	Vsoll ist in Nullstellung : Ankuppelfahrt aktiv
632	0	16	0	1	0	A	DP_wSig1931	Display Hilfsbetriebe Allgemein : Batterieladestrom Wagen A
632	16	16	0	1	0	A	DP_wSig1932	Display Hilfsbetriebe Allgemein : Batterieladestrom Wagen B
632	32	8	0	1	0	Hz	DP_bSig1757	Display Hilfsbetriebe Allgemein : Frequenz Ventilation
632	47	1	0	1	0		DP_xSig2360	Steuerung Display-Anzeigen : Ventilation nicht in Betrieb
632	48	1	0	1	0		DP_xSig2269	Display Hilfsbetriebe Allgemein und Stromrichter : Betrieb Stromrichter 1 Wagen A
632	49	1	0	1	0		DP_xSig2276	Display Hilfsbetriebe Allgemein und Stromrichter : Betrieb Stromrichter 2 Wagen A
632	50	1	0	1	0		DP_xSig2272	Display Hilfsbetriebe Allgemein und Stromrichter : Betrieb Stromrichter 1 Wagen B
632	51	1	0	1	0		DP_xSig2280	Display Hilfsbetriebe Allgemein und Stromrichter : Betrieb Stromrichter 2 Wagen B
632	52	1	0	1	0		DP_xSig2270	Display Hilfsbetriebe Allgemein und Stromrichter : Störung Stromrichter 1 Wagen A
632	53	1	0	1	0		DP_xSig2277	Display Hilfsbetriebe Allgemein und Stromrichter : Störung Stromrichter 2 Wagen A
632	54	1	0	1	0		DP_xSig2273	Display Hilfsbetriebe Allgemein und Stromrichter : Störung Stromrichter 1 Wagen B
632	55	1	0	1	0		DP_xSig2281	Display Hilfsbetriebe Allgemein und Stromrichter : Störung Stromrichter 2 Wagen B
632	56	1	0	1	0		DP_xSig2221	Display Hilfsbetriebe Transformator : Störung Kühlung Trafo Wagen A
632	57	1	0	1	0		DP_xSig2222	Display Hilfsbetriebe Transformator : Störung Kühlung Trafo Wagen B
632	58	1	0	1	0		DP_xSig2249	Display Hilfsbetriebe Transformator : Oelniveau Trafo minimal Wagen A
632	59	1	0	1	0		DP_xSig2251	Display Hilfsbetriebe Transformator : Oelniveau Trafo maximal Wagen A
632	60	1	0	1	0		DP_xSig2250	Display Hilfsbetriebe Transformator : Oelniveau Trafo minimal Wagen B
632	61	1	0	1	0		DP_xSig2252	Display Hilfsbetriebe Transformator : Oelniveau Trafo maximal Wagen B
632	62	1	0	1	0		DP_xSig2233	Ueberbrueckung der Fahrgastnotbrems-Ueberbrueckung aktiv
633	0	32	0	1	0		FZPF_QdwFzgNummer	Fahrzeugnummer
633	32	8	0	1	0		FZPF_QbZugreihung	Zugreihung 1 = Reihung B-B-B-BA  2= Reigung AB-B-B-B
634	0	32	0	1	0		FIS_dwFz1Nummer	Fahrzeugnummer  Fz1
634	32	32	0	1	0		FIS_dwFz2Nummer	Fahrzeugnummer Fz2
635	0	32	0	1	0		TEL_dwLFNummer2_Low	Lokführernummer 2 (Codierung gem. Spezifikation), Low Double Word
635	32	32	0	1	0		TEL_dwLFNummer2_High	Lokführernummer 2 (Codierung gem. Spezifikation), High Double Word
636	0	32	0	1	0	kWh	DP_dwSig1904	Energieverbrauch HBU in kWh
636	32	32	0	1	0	kWh	DP_dwSig1903	Energieverbrauch 400V Heizung in kWh
637	16	16	0	0.1	0	kV	DP_wSig1950	Grundmenue und Prozesswerte und Hilfsbetriebe :       Primärspannung
637	32	16	0	1	0	s	DP_wSig1951	Rückmeldung Vorheizzeit an Display
637	48	1	0	1	0		DP_xSig2077	Überfuhr-Vorwarnung Fahrzeug 1
637	49	1	0	1	0		DP_xSig2107	Überfuhr-Vorwarnung Fahrzeug 2
637	50	1	0	1	0		DP_xSig2137	Überfuhr-Vorwarnung Fahrzeug 3
637	51	1	0	1	0		DP_xSig2167	Überfuhr-Vorwarnung Fahrzeug 4
638	0	1	0	1	0		DP_xSig2219	Display Werkstattmenue Depotspeisung : Kompressor aktiv
638	1	1	0	1	0		DP_xSig2204	Display Werkstattmenue Depotspeisung : Fehler Hauptschalter Ein
638	2	1	0	1	0		DP_xSig2261	Display Werkstattmenue Depotspeisung : Fehler Panto hoch
638	3	1	0	1	0		DP_xSig2275	Display Werkstattmenue Depotspeisung : Fehler SR2A aus
638	4	1	0	1	0		DP_xSig2013	Display Werkstattmenue Depotspeisung : Ladung Zwischenkreis
638	5	1	0	1	0		DP_xSig2014	Display Werkstattmenue Depotspeisung :Batterieladung aktiv
638	6	1	0	1	0		DP_xSig2356	Display Werkstattmenue Depotspeisung :Fehler Überlast
638	7	1	0	1	0		DP_xSig2231	Display Werkstattmenue Depotspeisung : Gesperrt
638	8	1	0	1	0		DP_xSig2291	Display Werkstattmenue Störstrommonitor : SSM Ein
638	9	1	0	1	0		DP_xSig2287	Display Werkstattmenue Störstrommonitor : SSM Aus
638	10	1	0	1	0		DP_xSig2289	Display Werkstattmenue Störstrommonitor : SSM Auslösung
638	11	1	0	1	0		DP_xSig2293	Display Werkstattmenue Störstrommonitor : SSM Störung
638	12	1	0	1	0		DP_xSig2279	Display Werkstattmenue Depotspeisung : Fehler SR2B aus
638	13	1	0	1	0		DP_xSig2258	Display Werkstattmenue Depotspeisung : Phasenfolge Seite A ok
638	14	1	0	1	0		DP_xSig2031	Display Werkstattmenue Depotspeisung : Fehler Vorladung
638	15	1	0	1	0		DP_xSig2023	Speichervorgang Betriebsdaten Zyklus fertig durchlaufen
638	16	1	0	1	0		DP_xSig2068	Display Fahrzeugübersicht : Parkstellung ist EIN Fahrzeug 1
638	17	1	0	1	0		DP_xSig2096	Display Fahrzeugübersicht : Parkstellung ist EIN Fahrzeug 2
638	18	1	0	1	0		DP_xSig2126	Display Fahrzeugübersicht : Parkstellung ist EIN Fahrzeug 3
638	19	1	0	1	0		DP_xSig2156	Display Fahrzeugübersicht : Parkstellung ist EIN Fahrzeug 4
638	20	1	0	1	0		DP_xSig2268	Display Reset Vorheizzeit
638	21	1	0	1	0		DP_xSig2228	Display Werkstattmenue Depotspeisung : Motorventilation aktiv
638	22	1	0	1	0		DP_xSig2309	Display Gleitschutztest : Sperrventil der ersten Achse wird erregt
638	23	1	0	1	0		DP_xSig2024	Display Gleitschutztest : Sperrventil der zweiten Achse wird erregt
638	24	1	0	1	0		DP_xSig2169	Display Gleitschutztest aktiv
638	25	1	0	1	0		DP_xSig2170	Display Gleitschutztest abgeschlossen
638	26	1	0	1	0		DP_xSig2011	Display Depotspeisung Uebertemperatur Stromrichter
638	27	1	0	1	0		DP_xSig2371	Zugstrennung
638	28	1	0	1	0		DP_xSig2364	Zug verloren
638	29	1	0	1	0		DP_xSig2030	Display Info Fahrsperre
638	30	1	0	1	0		DP_xSig1976	Out30:
638	31	1	0	1	0		DP_xSig1975	Out32:
638	32	16	0	1	0		DP_wSig1938	Software-Version FLG
638	48	1	0	1	0		DP_xSig2006	Out48:
638	49	1	0	1	0		DP_xSig2026	Ein FLG in Fahrzeugverband ausgefallen
638	50	1	0	1	0		DP_xSig2259	Display Werkstattmenue Depotspeisung : Phasenfolge Seite B ok
638	51	1	0	1	0		DP_xSig2015	Display Werkstattmenue Depotspeisung : Depotspeisung ist eingeschaltet
638	52	1	0	1	0		DP_xSig2285	Display Werkstattmenue Depotspeisung : Kühlturmventilation aktiv
638	53	1	0	1	0		DP_xSig2247	Display Werkstattmenue Depotspeisung : Oelpumpe aktiv
638	54	1	0	1	0		DP_xSig2215	Display Werkstattmenue Depotspeisung : KKG A oder B aktiv
638	55	1	0	1	0		DP_xSig2216	Display Werkstattmenue Depotspeisung : KKG C oder D aktiv
638	56	8	0	1	0		DP_bSig1774	Fahrzeug-Zähler für Übertragung SW-Version
639	0	8	0	1	0		DP_bSig1825	Display Lupe Fahrzeug : Türtritte Plattform 1 Wagen A Fahrzeug 1
639	8	8	0	1	0		DP_bSig1829	Display Lupe Fahrzeug : Türtritte Plattform 2 Wagen A Fahrzeug 1
639	16	8	0	1	0		DP_bSig1833	Display Lupe Fahrzeug : Türtritte Plattform 3 Wagen D Fahrzeug 1
639	24	8	0	1	0		DP_bSig1837	Display Lupe Fahrzeug : Türtritte Plattform 4 Wagen D Fahrzeug 1
639	32	8	0	1	0		DP_bSig1841	Display Lupe Fahrzeug : Türtritte Plattform 5 Wagen C Fahrzeug 1
639	40	8	0	1	0		DP_bSig1845	Display Lupe Fahrzeug : Türtritte Plattform 6 Wagen C Fahrzeug 1
639	48	8	0	1	0		DP_bSig1849	Display Lupe Fahrzeug : Türtritte Plattform 7 Wagen D Fahrzeug 1
639	56	8	0	1	0		DP_bSig1853	Display Lupe Fahrzeug : Türtritte Plattform 8 Wagen D Fahrzeug 1
653	0	1	0	1	0		ETCS_xDDS_DMI_HWFehler	In00:
653	0	8	0	1	0		ETCS_bDDS_Byte2	In00..07:
653	1	1	0	1	0		ETCS_xDDS_DMI_Unterhalt	In01:
653	2	1	0	1	0		ETCS_xDDS_DMI_Uebertemp	In02:
653	3	1	0	1	0		ETCS_xDDS_DMI_SoundFehler	In03:
653	4	1	0	1	0		ETCS_xDDS_DMI_RedundanzBetr	In04:
653	5	1	0	1	0		ETCS_xDDS_JRU_PrioA	In05:
653	6	1	0	1	0		ETCS_xDDS_JRU_PrioB	In06:
653	7	1	0	1	0		ETCS_xDDS_JRU_PrioC	In07:
653	8	1	0	1	0		ETCS_xTELOC_EVMLocked	JRU - EVM blockiert
653	9	1	0	1	0		ETCS_xTELOC_GPMLocked	JRU - GPM blockiert
653	10	1	0	1	0		ETCS_xTELOC_LTMLocked	JRU - LTM blockiert
653	11	1	0	1	0		ETCS_xTELOC_STMLocked	JRU - STM blockiert
653	12	1	0	1	0		ETCS_xStoeVistEVC	V ETCS ungültig wegen Störung Vist EVC
653	13	1	0	1	0		ETCS_xStoeAbweichung	V ETCS ungültig wegen Abweichung von V FLG
653	14	1	0	1	0		ETCS_xStoeSprung	V ETCS ungültig wegen Sprung
654	0	16	0	1	0	°C	SR1_wOil_Temp	Oil temperature transformator -200...200 [°C]
654	16	16	0	1	0	°C	SR1_wMotTemp	Motor temperature -200---200 [°C]
654	32	16	0	1	0	°C	SR1_wWaterInT	Water inlet temperature -200...200 [°C]
655	0	16	0	1	0	°C	SR2_wOil_Temp	Oil temperature transformator -200...200 [°C]
655	16	16	0	1	0	°C	SR2_wMotTemp	Motor temperature -200---200 [°C]
655	32	16	0	1	0	°C	SR2_wWaterInT	Water inlet temperature -200...200 [°C]
656	0	32	0	1	0		TEL_dkmStand	km Stand (Skalierung in 10m)
656	32	32	0	1	0		TEL_dTageskm	Tages km Stand (Skalierung 1m)
657	0	16	0	1	0		GSS426_2_Iw0	GSS 426.2 Analog Input 0
657	16	16	0	1	0		GSS426_2_Iw1	GSS 426.2 Analog Input 1
657	32	16	0	1	0		GSS426_2_Iw2	GSS 426.2 Analog Input 2
657	48	16	0	1	0		GSS426_2_Iw3	GSS 426.2 Analog Input 3
659	0	16	0	1	0		GSS428_1_Iw0	GSS 428.1 Analog Input 0
659	16	16	0	1	0		GSS428_1_Iw1	GSS 428.1 Analog Input 1
659	32	16	0	1	0		GSS428_1_Iw2	GSS 428.1 Analog Input 2
659	48	16	0	1	0		GSS428_1_Iw3	GSS 428.1 Analog Input 3
661	0	16	0	0.1	0	°C	KL1_wTempInFGR	Innentemperatur Fahrgastraum Istwert Endwagen A -40.0...+80.0
661	16	16	0	0.1	0	°C	KL1_wTempFST	Innentemperatur Führerstand Istwert Endwagen A -40.0...+80.0
661	32	16	0	0.1	0	°C	KL1_wAussentemp	Aussentemperatur Istwert -40.0...+80.0
662	0	16	0	0.1	0	°C	KL2_wTempInFGR	Innentemperatur Fahrgastraum Istwert Endwagen A -40.0...+80.0
662	32	16	0	0.1	0	°C	KL2_wAussentemp	Aussentemperatur Istwert -40.0...+80.0
664	0	1	0	1	0		Tr12L_xTriIn	Tritt ist eingefahren und verriegelt
664	0	8	0	1	0		Tr12L_bStatus	Statusbyte der Trittsteuerung
664	1	1	0	1	0		Tr12L_xTriOut	Tritt ist ausgefahren
664	2	1	0	1	0		Tr12L_xTriAbgt	Tritt ist abgetrennt
664	3	1	0	1	0		Tr12L_xTriKolli	Tritt 1L (A) od. Tritt 2L (B) hatte Kollision
664	4	1	0	1	0		Tr12L_xTriHind	Tritt 1L (A) od. Tritt 2L (B) fuhr auf Hindernis auf
664	5	1	0	1	0		Tr12L_xTriBela	Tritt ist belastet
664	8	8	0	1	0		Tr12L_bTriIstPos	Ist- Position des Trittes
664	32	8	0	1	0		Tr12L_bError	Fehlerbyte der Trittsteuerung
664	33	1	0	1	0		Tr12L_xMotorDef	Tritt 1L (A) od. Tritt 2L (B)  Motor oder Inkrementgeber defekt
664	34	1	0	1	0		Tr12L_xMotorBrHeiss	Tritt 1L (A) od. Tritt 2L (B)  Motorbrücke überhitzt
664	35	1	0	1	0		Tr12L_xMotorSchutz	Tritt 1L (A) od. Tritt 2L (B)  Schutz hat angesprochen. Einfahren mit maximaler Kraft war nicht möglich.
664	36	1	0	1	0		Tr12L_xVerrDef	Tritt 1L (A) od. Tritt 2L (B)  Verriegelungsschalter defekt
664	37	1	0	1	0		Tr12L_xTrittbelDef	Tritt 1L (A) od. Tritt 2L (B)  Sensor Trittbelastung defekt
664	38	1	0	1	0		Tr12L_xSensDef	Tritt 1L (A) od. Tritt 2L (B)  Sensorik (Intelligenz) defekt
665	0	1	0	1	0		Tr12R_xTriIn	Tritt ist eingefahren und verriegelt
665	0	8	0	1	0		Tr12R_bStatus	Statusbyte der Trittsteuerung
665	1	1	0	1	0		Tr12R_xTriOut	Tritt ist ausgefahren
665	2	1	0	1	0		Tr12R_xTriAbgt	Tritt ist abgetrennt
665	3	1	0	1	0		Tr12R_xTriKolli	Tritt 1R (A) od. Tritt 2R (B) hatte Kollision
665	4	1	0	1	0		Tr12R_xTriHind	Tritt 1R (A) od. Tritt 2R (B) fuhr auf Hindernis auf
665	5	1	0	1	0		Tr12R_xTriBela	Tritt ist belastet
665	8	8	0	1	0		Tr12R_bTriIstPos	Ist- Position des Trittes
665	32	8	0	1	0		Tr12R_bError	Fehlerbyte der Trittsteuerung
665	33	1	0	1	0		Tr12R_xMotorDef	Tritt 1R (A) od. Tritt 2R (B)  Motor oder Inkrementgeber defekt
665	34	1	0	1	0		Tr12R_xMotorBrHeiss	Tritt 1R (A) od. Tritt 2R (B)  Motorbrücke überhitzt
665	35	1	0	1	0		Tr12R_xMotorSchutz	Tritt 1R (A) od. Tritt 2R (B)  Schutz hat angesprochen. Einfahren mit maximaler Kraft war nicht möglich.
665	36	1	0	1	0		Tr12R_xVerrDef	Tritt 1R (A) od. Tritt 2R (B)  Verriegelungsschalter defekt
665	37	1	0	1	0		Tr12R_xTrittbelDef	Tritt 1R (A) od. Tritt 2R (B)  Sensor Trittbelastung defekt
665	38	1	0	1	0		Tr12R_xSensDef	Tritt 1R (A) od. Tritt 2R (B)  Sensorik (Intelligenz) defekt
666	0	1	0	1	0		Tr34L_xTriIn	Tritt ist eingefahren und verriegelt
666	0	8	0	1	0		Tr34L_bStatus	Statusbyte der Trittsteuerung
666	1	1	0	1	0		Tr34L_xTriOut	Tritt ist ausgefahren
666	2	1	0	1	0		Tr34L_xTriAbgt	Tritt ist abgetrennt
666	3	1	0	1	0		Tr34L_xTriKolli	Tritt 3L (A) od. Tritt 4L (B) hatte Kollision
666	4	1	0	1	0		Tr34L_xTriHind	Tritt 3L (A) od. Tritt 4L (B) fuhr auf Hindernis auf
666	5	1	0	1	0		Tr34L_xTriBela	Tritt ist belastet
666	8	8	0	1	0		Tr34L_bTriIstPos	Ist- Position des Trittes
666	32	8	0	1	0		Tr34L_bError	Fehlerbyte der Trittsteuerung
666	33	1	0	1	0		Tr34L_xMotorDef	Tritt 3L (A) od. Tritt 4L (B)  Motor oder Inkrementgeber defekt
666	34	1	0	1	0		Tr34L_xMotorBrHeiss	Tritt 3L (A) od. Tritt 4L (B)  Motorbrücke überhitzt
666	35	1	0	1	0		Tr34L_xMotorSchutz	Tritt 3L (A) od. Tritt 4L (B)  Schutz hat angesprochen. Einfahren mit maximaler Kraft war nicht möglich.
666	36	1	0	1	0		Tr34L_xVerrDef	Tritt 3L (A) od. Tritt 4L (B)  Verriegelungsschalter defekt
666	37	1	0	1	0		Tr34L_xTrittbelDef	Tritt 3L (A) od. Tritt 4L (B)  Sensor Trittbelastung defekt
666	38	1	0	1	0		Tr34L_xSensDef	Tritt 3L (A) od. Tritt 4L (B)  Sensorik (Intelligenz) defekt
667	0	1	0	1	0		Tr34R_xTriIn	Tritt ist eingefahren und verriegelt
667	0	8	0	1	0		Tr34R_bStatus	Statusbyte der Trittsteuerung
667	1	1	0	1	0		Tr34R_xTriOut	Tritt ist ausgefahren
667	2	1	0	1	0		Tr34R_xTriAbgt	Tritt ist abgetrennt
667	3	1	0	1	0		Tr34R_xTriKolli	Tritt 3R (A) od. Tritt 4R (B) hatte Kollision
667	4	1	0	1	0		Tr34R_xTriHind	Tritt 3R (A) od. Tritt 4R (B) fuhr auf Hindernis auf
667	5	1	0	1	0		Tr34R_xTriBela	Tritt ist belastet
667	8	8	0	1	0		Tr34R_bTriIstPos	Ist- Position des Trittes
667	32	8	0	1	0		Tr34R_bError	Fehlerbyte der Trittsteuerung
667	33	1	0	1	0		Tr34R_xMotorDef	Tritt 3R (A) od. Tritt 4R (B)  Motor oder Inkrementgeber defekt
667	34	1	0	1	0		Tr34R_xMotorBrHeiss	Tritt 3R (A) od. Tritt 4R (B)  Motorbrücke überhitzt
667	35	1	0	1	0		Tr34R_xMotorSchutz	Tritt 3R (A) od. Tritt 4R (B)  Schutz hat angesprochen. Einfahren mit maximaler Kraft war nicht möglich.
667	36	1	0	1	0		Tr34R_xVerrDef	Tritt 3R (A) od. Tritt 4R (B)  Verriegelungsschalter defekt
667	37	1	0	1	0		Tr34R_xTrittbelDef	Tritt 3R (A) od. Tritt 4R (B)  Sensor Trittbelastung defekt
667	38	1	0	1	0		Tr34R_xSensDef	Tritt 3R (A) od. Tritt 4R (B)  Sensorik (Intelligenz) defekt
668	0	1	0	1	0		Tr56L_xTriIn	Tritt ist eingefahren und verriegelt
668	0	8	0	1	0		Tr56L_bStatus	Statusbyte der Trittsteuerung
668	1	1	0	1	0		Tr56L_xTriOut	Tritt ist ausgefahren
668	2	1	0	1	0		Tr56L_xTriAbgt	Tritt ist abgetrennt
668	3	1	0	1	0		Tr56L_xTriKolli	Tritt 5L (A) od. Tritt 6L (B) hatte Kollision
668	4	1	0	1	0		Tr56L_xTriHind	Tritt 5L (A) od. Tritt 6L (B) fuhr auf Hindernis auf
668	5	1	0	1	0		Tr56L_xTriBela	Tritt ist belastet
668	8	8	0	1	0		Tr56L_bTriIstPos	Ist- Position des Trittes
668	32	8	0	1	0		Tr56L_bError	Fehlerbyte der Trittsteuerung
668	33	1	0	1	0		Tr56L_xMotorDef	Tritt 5L (A) od. Tritt 6L (B)  Motor oder Inkrementgeber defekt
668	34	1	0	1	0		Tr56L_xMotorBrHeiss	Tritt 5L (A) od. Tritt 6L (B)  Motorbrücke überhitzt
668	35	1	0	1	0		Tr56L_xMotorSchutz	Tritt 5L (A) od. Tritt 6L (B)  Schutz hat angesprochen. Einfahren mit maximaler Kraft war nicht möglich.
668	36	1	0	1	0		Tr56L_xVerrDef	Tritt 5L (A) od. Tritt 6L (B)  Verriegelungsschalter defekt
668	37	1	0	1	0		Tr56L_xTrittbelDef	Tritt 5L (A) od. Tritt 6L (B)  Sensor Trittbelastung defekt
668	38	1	0	1	0		Tr56L_xSensDef	Tritt 5L (A) od. Tritt 6L (B)  Sensorik (Intelligenz) defekt
669	0	1	0	1	0		Tr56R_xTriIn	Tritt ist eingefahren und verriegelt
669	0	8	0	1	0		Tr56R_bStatus	Statusbyte der Trittsteuerung
669	1	1	0	1	0		Tr56R_xTriOut	Tritt ist ausgefahren
669	2	1	0	1	0		Tr56R_xTriAbgt	Tritt ist abgetrennt
669	3	1	0	1	0		Tr56R_xTriKolli	Tritt 5R (A) od. Tritt 6R (B) hatte Kollision
669	4	1	0	1	0		Tr56R_xTriHind	Tritt 5R (A) od. Tritt 6R (B) fuhr auf Hindernis auf
669	5	1	0	1	0		Tr56R_xTriBela	Tritt ist belastet
669	8	8	0	1	0		Tr56R_bTriIstPos	Ist- Position des Trittes
669	32	8	0	1	0		Tr56R_bError	Fehlerbyte der Trittsteuerung
669	33	1	0	1	0		Tr56R_xMotorDef	Tritt 5R (A) od. Tritt 6R (B)  Motor oder Inkrementgeber defekt
669	34	1	0	1	0		Tr56R_xMotorBrHeiss	Tritt 5R (A) od. Tritt 6R (B)  Motorbrücke überhitzt
669	35	1	0	1	0		Tr56R_xMotorSchutz	Tritt 5R (A) od. Tritt 6R (B)  Schutz hat angesprochen. Einfahren mit maximaler Kraft war nicht möglich.
669	36	1	0	1	0		Tr56R_xVerrDef	Tritt 5R (A) od. Tritt 6R (B)  Verriegelungsschalter defekt
669	37	1	0	1	0		Tr56R_xTrittbelDef	Tritt 5R (A) od. Tritt 6R (B)  Sensor Trittbelastung defekt
669	38	1	0	1	0		Tr56R_xSensDef	Tritt 5R (A) od. Tritt 6R (B)  Sensorik (Intelligenz) defekt
670	0	1	0	1	0		Tr78L_xTriIn	Tritt ist eingefahren und verriegelt
670	0	8	0	1	0		Tr78L_bStatus	Statusbyte der Trittsteuerung
670	1	1	0	1	0		Tr78L_xTriOut	Tritt ist ausgefahren
670	2	1	0	1	0		Tr78L_xTriAbgt	Tritt ist abgetrennt
670	3	1	0	1	0		Tr78L_xTriKolli	Tritt 7L (A) od. Tritt 8L (B) hatte Kollision
670	4	1	0	1	0		Tr78L_xTriHind	Tritt 7L (A) od. Tritt 8L (B) fuhr auf Hindernis auf
670	5	1	0	1	0		Tr78L_xTriBela	Tritt ist belastet
670	8	8	0	1	0		Tr78L_bTriIstPos	Ist- Position des Trittes
670	32	8	0	1	0		Tr78L_bError	Fehlerbyte der Trittsteuerung
670	33	1	0	1	0		Tr78L_xMotorDef	Tritt 7L (A) od. Tritt 8L (B)  Motor oder Inkrementgeber defekt
670	34	1	0	1	0		Tr78L_xMotorBrHeiss	Tritt 7L (A) od. Tritt 8L (B)  Motorbrücke überhitzt
670	35	1	0	1	0		Tr78L_xMotorSchutz	Tritt 7L (A) od. Tritt 8L (B)  Schutz hat angesprochen. Einfahren mit maximaler Kraft war nicht möglich.
670	36	1	0	1	0		Tr78L_xVerrDef	Tritt 7L (A) od. Tritt 8L (B)  Verriegelungsschalter defekt
670	37	1	0	1	0		Tr78L_xTrittbelDef	Tritt 7L (A) od. Tritt 8L (B)  Sensor Trittbelastung defekt
670	38	1	0	1	0		Tr78L_xSensDef	Tritt 7L (A) od. Tritt 8L (B)  Sensorik (Intelligenz) defekt
671	0	1	0	1	0		Tr78R_xTriIn	Tritt ist eingefahren und verriegelt
671	0	8	0	1	0		Tr78R_bStatus	Statusbyte der Trittsteuerung
671	1	1	0	1	0		Tr78R_xTriOut	Tritt ist ausgefahren
671	2	1	0	1	0		Tr78R_xTriAbgt	Tritt ist abgetrennt
671	3	1	0	1	0		Tr78R_xTriKolli	Tritt 7R (A) od. Tritt 8R (B) hatte Kollision
671	4	1	0	1	0		Tr78R_xTriHind	Tritt 7R (A) od. Tritt 8R (B) fuhr auf Hindernis auf
671	5	1	0	1	0		Tr78R_xTriBela	Tritt ist belastet
671	8	8	0	1	0		Tr78R_bTriIstPos	Ist- Position des Trittes
671	32	8	0	1	0		Tr78R_bError	Fehlerbyte der Trittsteuerung
671	33	1	0	1	0		Tr78R_xMotorDef	Tritt 7R (A) od. Tritt 8R (B)  Motor oder Inkrementgeber defekt
671	34	1	0	1	0		Tr78R_xMotorBrHeiss	Tritt 7R (A) od. Tritt 8R (B)  Motorbrücke überhitzt
671	35	1	0	1	0		Tr78R_xMotorSchutz	Tritt 7R (A) od. Tritt 8R (B)  Schutz hat angesprochen. Einfahren mit maximaler Kraft war nicht möglich.
671	36	1	0	1	0		Tr78R_xVerrDef	Tritt 7R (A) od. Tritt 8R (B)  Verriegelungsschalter defekt
671	37	1	0	1	0		Tr78R_xTrittbelDef	Tritt 7R (A) od. Tritt 8R (B)  Sensor Trittbelastung defekt
671	38	1	0	1	0		Tr78R_xSensDef	Tritt 7R (A) od. Tritt 8R (B)  Sensorik (Intelligenz) defekt
676	0	1	0	1	0		FIS_xResetKmD	Rücksetzen Tageskilometerzähler
676	1	1	0	1	0		FIS_xEvent	Ereignis aktiv
676	2	1	0	1	0		FIS_xStopWin	Haltestellenfenster aktiv
676	3	1	0	1	0		FIS_xGPSOn	Automatische Ortung aktiv
676	4	1	0	1	0		FIS_xTimeMaster1	Zeitmaster FIS
676	5	1	0	1	0		FIS_xTimeMaster2	Zeitmaster APFZ
676	6	1	0	1	0		FIS_xHaltAufVerl	Haltestelle Halt auf Verlangen
676	8	8	0	1	0		FIS_bLinienNr	Liniennummer (L1, L3, L3)
676	16	8	0	1	0		FIS_bLaufricht	Laufrichtung (0=geradeZugNr, 1=unger.ZugNr)
676	32	8	0	1	0		FIS_bError1	In32..39:
676	32	16	0	1	0		FIS_wError1	
676	40	8	0	1	0		FIS_bError2	In40..47:
676	48	8	0	1	0		FIS_bError3	In48..55:
676	48	16	0	1	0		FIS_wError2	
676	56	8	0	1	0		FIS_bError4	In56..63:
680	0	16	0	1	0		WC_wRohrTemp	Rohr Temperatur
680	16	16	0	1	0		WC_wFrischTemp	Frischwasser Temperatur
680	32	16	0	1	0		WC_wRaumTemp	Raum Temperatur
680	48	16	0	1	0		WC_wVersion	WC Software Version
687	0	16	0	1	0		Iw_Kanal_1_47	IN_00
687	16	16	0	1	0		Iw_Kanal_2_47	IN_01
687	32	16	0	1	0		Iw_Kanal_3_47	IN_02
687	48	16	0	1	0		Iw_Kanal_4_47	IN_03
690	0	16	0	1	0		IwKlimaKlappeFR	Rückführung Klappenstellung Klima FR
690	16	16	0	1	0		IwDruckSRRuecklauf	Drucksonde Stromrichter Rücklauf
690	32	16	0	1	0		IwDruckSRVorlauf	Drucksonde Stromrichter Vorlauf
690	48	16	0	1	0		IwDruckLuftTrockner1	Drucksonde Lufttrockner 1 Kompressor
693	0	16	0	1	0		RIwSpgEPBremse	Spannungserfassung EP-Bremse REDUNDANT
693	16	16	0	1	0		RIwDrBrZylAchs13	Bremszylinderdruck Achse (3=CAN1 1=CAN2) REDUNDANT
693	32	16	0	1	0		RIwDrBrZylAchs24	Bremszylinderdruck Achse (4=CAN1 2=CAN2) REDUNDANT
693	48	16	0	1	0		RIwFedSpDruck12	Druckaufnehmer Federspeicher MDG (CAN1=2 CAN2=1) REDUNDANT
695	0	16	0	1	0		IwZBHebelFR	ZB-Schieber FR
695	16	16	0	1	0		IwLampenstrom1	Stromüberwachung Frontbeleuchtung
695	32	16	0	1	0		IwLampenstrom2	Stromüberwachung Frontbeleuchtung
695	48	16	0	1	0		IwSollTempFR	Schalter Heizung Kühlung
696	0	16	0	1	0		RIwZBHebelFR	ZB-Schieber REDUNDANT
699	0	16	0	1	0		IwDruckMGBrLDG1	Druckaufnehmer MG Bremse LDG1
699	16	16	0	1	0		IwPotiWCEntleer	Anschluss für Poti für geschwindigkeitsabhängige WC-Entleerung
700	0	32	0	1	0		FZPF_IdwSWVersion1	SW Version 1
700	32	1	0	1	0		FZPF_IxHalteStFenst	Haltestellenfenster aktiv
700	32	8	0	1	0		FZPF_IbStatusvFZPF	Status der Fahrzeugplattform
700	32	32	0	1	0		FZPF_IdwSWVersion2	SW Version 2
700	33	1	0	1	0		FZPF_IxAutomOrtAkt	Automatische Ortung aktiv
700	34	1	0	1	0		FZPF_IxUhrzeitGuelt	Uhrzeit gültig
700	35	1	0	1	0		FZPF_IxAppliOff	Speisungen der Applikationen ausschalten
700	37	1	0	1	0		FZPF_IxBereitstellAktiv	Bereitstellzeit aktiv
700	38	1	0	1	0		FZPF_IxFehler	APFZ Fehler
700	39	1	0	1	0		FZPF_IxEvent	APFZ Event
701	0	8	0	1	0		DB_bSollPosWagAR	Tritt Soll-Position Wagen A Rechts
701	8	8	0	1	0		DB_bSollPosWagBR	Tritt Soll-Position Wagen B Rechts
701	16	8	0	1	0		DB_bSollPosWagCR	Tritt Soll-Position Wagen C Rechts
701	24	8	0	1	0		DB_bSollPosWagDR	Tritt Soll-Position Wagen D Rechts
701	32	8	0	1	0		DB_bSollPosWagER	Tritt Soll-Position Wagen E Rechts
701	40	8	0	1	0		DB_bSollPosWagFR	Tritt Soll-Position Wagen F Rechts
702	0	16	0	1	0	°C	DP_wSig1941	Display Heizung/Lüftung/Klima : Sollwerttemperaturkorrektur Fahrgastraum
702	16	16	0	1	0	Minute	DP_wSig1942	Display Heizung/Lüftung/Klima : Vorheizzeit
702	56	8	0	1	0		DP_bSig1787	Indikator für Gleitschutztest
760	0	16	0	1	0		FZPF_IwDiagnose7	In00..15:
760	16	16	0	1	0		FZPF_IwDiagnose8	Diagnose 8. Word
760	32	16	0	1	0		FZPF_IwDiagnose9	Diagnose 9. Word
760	48	16	0	1	0		FZPF_IwDiagnose10	Diagnose 10. Word
761	0	8	0	1	0		FZPF_IbStepExtendValueEL	In00..07:
761	0	16	0	1	0		FZPF_IwGPSAltitude	GPS Altidude
761	8	8	0	1	0		FZPF_IbStepExtendValueER	In08..15:
761	16	8	0	1	0		FZPF_IbStepExtendValueFL	In16..23:
761	16	16	0	1	0		FZPF_IwGPSSpeed1	GPS Speed   1. Word
761	24	8	0	1	0		FZPF_IbStepExtendValueFR	In24..31:
761	32	16	0	1	0		FZPF_IwGPSSpeed2	GPS Speed   2. Word
761	40	1	0	1	0		FZPF_IxGPSorSTEP	Indication when FZPF tramsmits step-data not GPS-data
761	48	8	0	1	0		FZPF_IbGPSAnzSat	GPS Anzahl Satelitten
762	0	32	0	1	0		FIS_dwMsAfterMN	
762	32	16	0	1	0		FIS_wDays	
764	0	16	0	1	0		SR2_wMC_dfRollingMag	Magnitude of detectet Rolling Frequency in mechanical motor speed
764	16	16	0	1	0		SR2_SWVer	In16..31: Software Version
765	0	16	0	1	0	V	SR2_wUBatt	Battery voltage 0...60 [V]
765	16	1	0	1	0		SR2_xTrafoTempHi	SR2 Oeltemperatur Transformator Uebertemperatur 1
765	16	8	0	1	0		SR2_bWarning1Low	Warning 1 Byte Low
765	16	16	0	1	0		SR2_wWarnings1	
765	17	1	0	1	0		SR2_xTrafoCopTra	SR2 Transformator Traktionswicklung Uebertemperatur 1
765	18	1	0	1	0		SR2_xTrafoCopHV	SR2 Transformator Hochspannungswicklung Uebertemperatur 1
765	19	1	0	1	0		SR2_xTrafoCopZSS	SR2 Transformator 400V Wicklung Uebertemperatur 1
765	20	1	0	1	0		SR2_xNetzA11V611	SR2 Netzstromrichter Skiip A011 V611 Uebertemperatur
765	21	1	0	1	0		SR2_xNetzA12V611	SR2 Netzstromrichter Skiip A012 V611 Uebertemperatur
765	22	1	0	1	0		SR2_xNetzA13V611	SR2 Netzstromrichter Skiip A013 V611 Uebertemperatur
765	23	1	0	1	0		SR2_xNetzA14V611	SR2 Netzstromrichter Skiip A014 V611 Uebertemperatur
765	24	1	0	1	0		SR2_xIAbweichung	SR2 Netzstromrichter Strom Unterschied A011/A013  &lt;-&gt; A012/A14
765	24	8	0	1	0		SR2_bWarning1Hig	Warning 1 Byte High
765	25	1	0	1	0		SR2_xMSRA12V612	SR2 Motorstromrichter Skiip A012 V612 Uebertemperatur
765	26	1	0	1	0		SR2_xMSRA13V612	SR2 Motorstromrichter Skiip A013 V612 Uebertemperatur
765	27	1	0	1	0		SR2_xMSRA14V612	SR2 Motorstromrichter Skiip A014 V612 Uebertemperatur
765	28	1	0	1	0		SR2_xAbwMotStrom	SR2 Motor-Konverter Strom Unterschied
765	29	1	0	1	0		SR2_xTrafoTempDef	SR2 Trocken Trafo Temperatursensor defekt
765	30	1	0	1	0		SR2_xMotTempDef	SR2 Fahrmotor Temperatursensor defekt
765	32	1	0	1	0		SR2_xMotDCLinkDe	SR2 Motorstromrichter Uzk Abweichung
765	32	8	0	1	0		SR2_bWarning2Low	Warning 2 Byte Low
765	32	16	0	1	0		SR2_wWarnings2	
765	33	1	0	1	0		SR2_x4QSDCLinkDe	SR2 Netzstromrichter Uzk Abweichung
765	34	1	0	1	0		SR2_xVLUDCLinkDe	SR2 Voltage Limiter Unit Uzk Abweichung
765	35	1	0	1	0		SR2_xDCLink33Hz1	SR2 Zwischenkreis 33Hz Rippel zu gross 1
765	36	1	0	1	0		SR2_xFuseA011	SR2 Sicherung A011 defekt
765	37	1	0	1	0		SR2_xFuseA012	SR2 Sicherung A012 defekt
765	38	1	0	1	0		SR2_xFuseA013	SR2 Sicherung A013 defekt
765	39	1	0	1	0		SR2_xFuseA014	SR2 Sicherung A014 defekt
765	40	1	0	1	0		SR2_xFuseDiverse	SR2 Mehrere Sicherungen im Zwischenkreis defekt
765	40	8	0	1	0		SR2_bWarning2Hig	Warning 2 Byte High
765	41	1	0	1	0		SR2_xVLULoad	SR2 VLU Last zu gross
765	42	1	0	1	0		SR2_xHBUSkA03	SR2 Hilfsbetriebeumrichter Skiip A031 V785 Uebertemperatur
765	43	1	0	1	0		SR2_xBatLadUTe1	SR2 Batterieladung Uebertemperatur 1
765	44	1	0	1	0		SR2_xBatLadUTe2	SR2 Batterieladung Uebertemperatur 2
765	45	1	0	1	0		SR2_xBatTempHigh	SR2 Uebertemperatur Batterie
765	46	1	0	1	0		SR2_xBatCharFaul	SR2 Batterieladung Fehler
765	47	1	0	1	0		SR2_xBatCharPF	SR2 Batterieladung Power Fail
765	48	1	0	1	0		SR2_xTracSafe	SR2 Traction Safe Signal aktiv
765	48	8	0	1	0		SR2_bWarning3Low	Warning 3 Byte Low
765	48	16	0	1	0		SR2_wWarnings3	
765	49	1	0	1	0		SR2_xPowLinkPEC	SR2 Powerlink PEC-PEC Watchdog
765	50	1	0	1	0		SR2_xFrameErrPEC	SR2 Powerlink PEC-PEC Frame Error
765	51	1	0	1	0		SR2_xRemDLPEBB	SR2 Remote Download 4QS MSR PEBB fehlerhaft
765	52	1	0	1	0		SR2_xRemDLComb	SR2 Remote Download Combi fehlerhaft
765	53	1	0	1	0		SR2_xFscdWD	SR2 Fscd Link Watchdog
765	54	1	0	1	0		SR2_xLineConvSyncErr	SR2 Netzstromrichter Synchronisation Fehler
765	56	1	0	1	0		SR2_xHSPfad	SR2 Stromrichter kann Hauptschalter nicht oeffnen
765	56	8	0	1	0		SR2_bWarning3Hig	Warning 3 Byte High
765	57	1	0	1	0		SR2_xHSPlaus	SR2 Hauptschalter Plausibilitaet
765	58	1	0	1	0		SR2_xTrennerPlau	SR2 Plausibilitaet Stromrichter Trenner
765	59	1	0	1	0		SR2_xVorladPlau	SR2 Plausibilitaet Stromrichter Vorladeschuetz
765	60	1	0	1	0		SR2_xSchrankVent	SR2 Ventilator SR Schrank gestoert
765	61	1	0	1	0		SR2_xSchrVentTem	SR2 Ventilator SR Schrank Uebertemperatur
765	62	1	0	1	0		SR2_xCPUTemp	SR2 Mikroprozessor Uebertemperatur
765	63	1	0	1	0		SR2_xDSp_CoolOff	SR2 Kein Signal CoolingOK im Depoteinspeisung-Modus
766	0	16	0	1	0		SR1_wMC_dfRollingMag	Magnitude of detectet Rolling Frequency in mechanical motor speed
766	16	16	0	1	0		SR1_wSWVer	In16..31: Software Version
767	0	16	0	1	0	V	SR1_wUBatt	Battery voltage 0...60 [V]
767	16	1	0	1	0		SR1_xTrafoTempHi	SR1 Oeltemperatur Transformator Uebertemperatur 1
767	16	8	0	1	0		SR1_bWarning1Low	Warning 1 Byte Low
767	16	16	0	1	0		SR1_wWarnings1	
767	17	1	0	1	0		SR1_xTrafoCopTra	SR1 Transformator Traktionswicklung Uebertemperatur 1
767	18	1	0	1	0		SR1_xTrafoCopHV	SR1 Transformator Hochspannungswicklung Uebertemperatur 1
767	19	1	0	1	0		SR1_xTrafoCopZSS	SR1 Transformator 400V Wicklung Uebertemperatur 1
767	20	1	0	1	0		SR1_xNetzA11V611	SR1 Netzstromrichter Skiip A011 V611 Uebertemperatur
767	21	1	0	1	0		SR1_xNetzA12V611	SR1 Netzstromrichter Skiip A012 V611 Uebertemperatur
767	22	1	0	1	0		SR1_xNetzA13V611	SR1 Netzstromrichter Skiip A013 V611 Uebertemperatur
767	23	1	0	1	0		SR1_xNetzA14V611	SR1 Netzstromrichter Skiip A014 V611 Uebertemperatur
767	24	1	0	1	0		SR1_xIAbweichung	SR1 Netzstromrichter Strom Unterschied A011/A013  &lt;-&gt; A012/A14
767	24	8	0	1	0		SR1_bWarning1Hig	Warning 1 Byte High
767	25	1	0	1	0		SR1_xMSRA12V612	SR1 Motorstromrichter Skiip A012 V612 Uebertemperatur
767	26	1	0	1	0		SR1_xMSRA13V612	SR1 Motorstromrichter Skiip A013 V612 Uebertemperatur
767	27	1	0	1	0		SR1_xMSRA14V612	SR1 Motorstromrichter Skiip A014 V612 Uebertemperatur
767	28	1	0	1	0		SR1_xAbwMotStrom	SR1 Motor-Konverter Strom Unterschied
767	29	1	0	1	0		SR1_xTrafoTempDef	SR1 Trocken Trafo Temperatursensor defekt
767	30	1	0	1	0		SR1_xMotTempDef	SR1 Fahrmotor Temperatursensor defekt
767	32	1	0	1	0		SR1_xMotDCLinkDe	SR1 Motorstromrichter Uzk Abweichung
767	32	8	0	1	0		SR1_bWarning2Low	Warning 2 Byte Low
767	32	16	0	1	0		SR1_wWarnings2	
767	33	1	0	1	0		SR1_x4QSDCLinkDe	SR1 Netzstromrichter Uzk Abweichung
767	34	1	0	1	0		SR1_xVLUDCLinkDe	SR1 Voltage Limiter Unit Uzk Abweichung
767	35	1	0	1	0		SR1_xDCLink33Hz1	SR1 Zwischenkreis 33Hz Rippel zu gross 1
767	36	1	0	1	0		SR1_xFuseA011	SR1 Sicherung A011 defekt
767	37	1	0	1	0		SR1_xFuseA012	SR1 Sicherung A012 defekt
767	38	1	0	1	0		SR1_xFuseA013	SR1 Sicherung A013 defekt
767	39	1	0	1	0		SR1_xFuseA014	SR1 Sicherung A014 defekt
767	40	1	0	1	0		SR1_xFuseDiverse	SR1 Mehrere Sicherungen im Zwischenkreis defekt
767	40	8	0	1	0		SR1_bWarning2Hig	Warning 2 Byte High
767	41	1	0	1	0		SR1_xVLULoad	SR1 VLU Last zu gross
767	42	1	0	1	0		SR1_xHBUSkA03	SR1 Hilfsbetriebeumrichter Skiip A031 V785 Uebertemperatur
767	43	1	0	1	0		SR1_xBatLadUTe1	SR1 Batterieladung Uebertemperatur 1
767	44	1	0	1	0		SR1_xBatLadUTe2	SR1 Batterieladung Uebertemperatur 2
767	45	1	0	1	0		SR1_xBatTempHigh	SR1 Uebertemperatur Batterie
767	46	1	0	1	0		SR1_xBatCharFaul	SR1 Batterieladung Fehler
767	47	1	0	1	0		SR1_xBatCharPF	SR1 Batterieladung Power Fail
767	48	1	0	1	0		SR1_xTracSafe	SR1 Traction Safe Signal aktiv
767	48	8	0	1	0		SR1_bWarning3Low	Warning 3 Byte Low
767	48	16	0	1	0		SR1_wWarnings3	
767	49	1	0	1	0		SR1_xPowLinkPEC	SR1 Powerlink PEC-PEC Watchdog
767	50	1	0	1	0		SR1_xFrameErrPEC	SR1 Powerlink PEC-PEC Frame Error
767	51	1	0	1	0		SR1_xRemDLPEBB	SR1 Remote Download 4QS MSR PEBB fehlerhaft
767	52	1	0	1	0		SR1_xRemDLComb	SR1 Remote Download Combi fehlerhaft
767	53	1	0	1	0		SR1_xFscdWD	SR1 Fscd Link Watchdog
767	54	1	0	1	0		SR1_xWasserTemp	SR1 Kuehlwasser Uebertemperatur
767	56	1	0	1	0		SR1_xHSPfad	SR1 Stromrichter kann Hauptschalter nicht oeffnen
767	56	8	0	1	0		SR1_bWarning3Hig	Warning 3 Byte High
767	57	1	0	1	0		SR1_xHSPlaus	SR1 Hauptschalter Plausibilitaet
767	58	1	0	1	0		SR1_xTrennerPlau	SR1 Plausibilitaet Stromrichter Trenner
767	59	1	0	1	0		SR1_xVorladPlau	SR1 Plausibilitaet Stromrichter Vorladeschuetz
767	60	1	0	1	0		SR1_xSchrankVent	SR1 Ventilator SR Schrank gestoert
767	61	1	0	1	0		SR1_xSchrVentTem	SR1 Ventilator SR Schrank Uebertemperatur
767	62	1	0	1	0		SR1_xCPUTemp	SR1 Mikroprozessor Uebertemperatur
767	63	1	0	1	0		SR1_xDSp_CoolOff	SR1 Kein Signal CoolingOK im Depoteinspeisung-Modus
773	0	8	0	1	0		DP_bSig1859	Display Lupe Fahrzeug : Türen Plattform 1 Wagen A Fahrzeug 2
773	8	8	0	1	0		DP_bSig1863	Display Lupe Fahrzeug : Türen Plattform 2 Wagen A Fahrzeug 2
773	16	8	0	1	0		DP_bSig1867	Display Lupe Fahrzeug : Türen Plattform 3 Wagen D Fahrzeug 2
773	24	8	0	1	0		DP_bSig1871	Display Lupe Fahrzeug : Türen Plattform 4 Wagen D Fahrzeug 2
773	32	8	0	1	0		DP_bSig1875	Display Lupe Fahrzeug : Türen Plattform 5 Wagen C Fahrzeug 2
773	40	8	0	1	0		DP_bSig1879	Display Lupe Fahrzeug : Türen Plattform 6 Wagen C Fahrzeug 2
773	48	8	0	1	0		DP_bSig1883	Display Lupe Fahrzeug : Türen Plattform 7 Wagen B Fahrzeug 2
773	56	8	0	1	0		DP_bSig1887	Display Lupe Fahrzeug : Türen Plattform 8 Wagen B Fahrzeug 2
774	0	16	1	0.01	0	°C	DP_wSig1946	Display Heizung/Lüftung/Kühlung : Temperatur Fahrgastraum D
774	16	16	1	0.01	0	°C	DP_wSig1945	Display Heizung/Lüftung/Kühlung : Temperatur Fahrgastraum C
774	32	16	1	0.01	0	°C	DP_wSig1947	Display Heizung/Lüftung/Kühlung : Temperatur  Führerraum A
774	48	16	1	0.01	0	°C	DP_wSig1948	Display Heizung/Lüftung/Kühlung : Temperatur  Führerraum B
775	0	8	0	1	0		DP_bSig1772	Display Fahrzeug Indikator 1
775	8	1	0	1	0		DP_xSig2234	Notbremse Wagen A
775	8	8	0	1	0		DP_bSig1804	Notbremsen
775	9	1	0	1	0		DP_xSig2235	Notbremse Wagen B
775	10	1	0	1	0		DP_xSig2236	Notbremse Wagen C
775	11	1	0	1	0		DP_xSig2237	Notbremse Wagen D
775	12	1	0	1	0		DP_xSig2238	Notbremse Wagen E
775	13	1	0	1	0		DP_xSig2239	Notbremse Wagen F
775	16	8	0	1	0		DP_bSig1802	Zustand Mg-Bremsen
775	24	8	0	1	0		DP_bSig1760	Federspeicher gelöst 1
775	32	8	0	1	0		DP_bSig1761	Federspeicher gelöst 2
775	40	8	0	1	0		DP_bSig1809	Plausibilitätsstörung
775	48	8	0	1	0		DP_bSig1801	Lebenszeichen FLG
775	56	1	0	1	0		DP_xSig2069	Display Lupe Stoerung Hilfsbetriebe Fahrzeug 1
775	57	1	0	1	0		DP_xSig2097	Display Lupe Stoerung Hilfsbetriebe Fahrzeug 2
775	58	1	0	1	0		DP_xSig2127	Display Lupe Stoerung Hilfsbetriebe Fahrzeug 3
775	59	1	0	1	0		DP_xSig2157	Display Lupe Stoerung Hilfsbetriebe Fahrzeug 4
775	61	1	0	1	0		DP_xSig2310	Sprache Deutsch
775	62	1	0	1	0		DP_xSig2311	Sprache Französisch
775	63	1	0	1	0		DP_xSig2312	Sprache Italienisch
776	0	32	0	1	0	kWh	DP_dwSig1901	Energierückspeisung 15 kV Betrieb in kWh
776	32	32	0	1	0	kWh	DP_dwSig1902	Energierückspeisung 25kV Betrieb in kWh
777	0	32	0	1	0	-	DP_dwSig1910	HS Schaltspiele
777	32	32	0	1	0	-	DP_dwSig1911	Kuppelvorgänge
781	0	16	0	1	0		ETCS_wBremsProz	Out00..15:
781	16	1	0	1	0		ETCS_xFRBesetzt	Out16:
781	17	1	0	1	0		ETCS_xFahrrichtung	Out17:
781	18	1	0	1	0		ETCS_xUnterdrUeberwachVProz	Out18:
781	24	8	0	1	0		ETCS_bVMax	Out24..31:
782	0	16	0	1	0		SR1_wHBtoSR	Life-sign counter which counts periodically, from VeC to OPCoDe
782	16	1	0	1	0		SR1_xCoolingOK	Pressure drop  on converter cooling ok
782	16	16	0	1	0		SR1_wControlReg	Control word from VeC
782	17	1	0	1	0		SR1_xMotcon_On	Command to switch Motor Control on/off
782	18	1	0	1	0		SR1_xReset	Reset on NOSOFFor ESOFF
782	19	1	0	1	0		SR1_xStartup_On	System on/off
782	20	1	0	1	0		SR1_xNSR_On	4QS on/off
782	21	1	0	1	0		SR1_xSensDef	Position sensor is defect
782	22	1	0	1	0		SR1_xVCB_TestOpe	trips the VCB from VeC, for testing purpose
782	23	1	0	1	0		SR1_xVCB_isClose	VCB is closed
782	24	1	0	1	0		SR1_xSys_isMaste	VeC defines this system as master
782	25	1	0	1	0		SR1_xExtSupplyOn	External supply is connected to the converter and is switched on
782	26	1	0	1	0		SR1_xTriggerTR	Transientenrekorder auf dem SR triggern
782	29	1	0	1	0		SR1_xID_Conv2	Converter identification - converter 2
782	30	1	0	1	0		SR1_xID_WagB	Converter identification - wagon B
782	32	16	0	1	0		SR1_wTimeYear	Time Information from VeC to adjust PEC time
782	48	16	0	1	0		SR1_wTimeMonth	Time Information from VeC to adjust PEC time
783	0	16	0	1	0		SR2_wHBtoSR	Life-sign counter which counts periodically, from VeC to OPCoDe
783	16	1	0	1	0		SR2_xCoolingOK	Pressure drop  on converter cooling ok
783	16	16	0	1	0		SR2_wControlReg	Control word from VeC
783	17	1	0	1	0		SR2_xMotcon_On	Command to switch Motor Control on/off
783	18	1	0	1	0		SR2_xReset	Reset on NOSOFFor ESOFF
783	19	1	0	1	0		SR2_xStartup_On	System on/off
783	20	1	0	1	0		SR2_xNSR_On	4QS on/off
783	21	1	0	1	0		SR2_xSensDef	Position sensor is defect
783	22	1	0	1	0		SR2_xVCB_TestOpe	trips the VCB from VeC, for testing purpose
783	23	1	0	1	0		SR2_xVCB_isClose	VCB is closed
783	24	1	0	1	0		SR2_xSys_isMaste	VeC defines this system as master
783	25	1	0	1	0		SR2_xExtSupplyOn	External supply is connected to the converter and is switched on
783	26	1	0	1	0		SR2_xTriggerTR	Transientenrekorder auf dem SR triggern
783	29	1	0	1	0		SR2_xID_Conv2	Converter identification - converter 2
783	30	1	0	1	0		SR2_xID_WagB	Converter identification - wagon B
783	32	16	0	1	0		SR2_wTimeYear	Time Information from VeC to adjust PEC time
783	48	16	0	1	0		SR2_wTimeMonth	Time Information from VeC to adjust PEC time
784	0	32	0	1	0		TEL_dZugnummer	Zugsnummer
784	32	16	0	1	0		TEL_wRaddm_5_7	Raddurchmesser 7
784	48	16	0	1	0		TEL_wRaddm_6_8	Raddurchmesser 8
785	0	16	0	1	0		GSSA426_wVistSR1	Ist-Geschwindigkeit SR1
785	16	16	0	1	0		GSSA426_wVistSR2	Ist-Geschwindigkeit SR2
789	0	16	0	1	0		KL1_wTInnenSollF	Sollwert Innentemperatur Führerraum
789	16	16	0	1	0		KL1_wTempKorr	Sollwertkorrektur Innentemperatur Fahrgastraum
789	32	16	0	1	0		KL1_wUprimKorr	Verhältnis über Nennspannung
789	48	16	0	1	0		KL1_wAussentempE	Out48..63:
790	0	16	0	1	0		KL2_wTInnenSollF	Sollwert Innentemperatur Führerraum
790	16	16	0	1	0		KL2_wTempKorr	Sollwertkorrektur Innentemperatur Fahrgastraum
790	32	16	0	1	0		KL2_wUprimKorr	Verhältnis über Nennspannung
790	48	16	0	1	0		KL2_wAussentempE	Aussentemperatur der anderen Zugshälfte
792	0	1	0	1	0		Tr12L_xEinfMaxKraft	Einfahren mit maximaler Kraft
792	0	8	0	1	0		Tr12L_bBefehl	Befehlsbyte an Trittsteuerung
792	8	8	0	1	0		Tr12L_bAusfahrlaenge	1=0.5%=2.057mm. 100%=55mm+360mm=415mm
792	16	8	0	1	0		Tr12L_bMaxAusfahrVersuch	Maximale Ausfahrversuche Tritt
792	24	8	0	1	0		Tr12L_bMaxEinfahrVersuch	Maximale Einfahrversuche Tritt
793	0	1	0	1	0		Tr12R_xEinfMaxKraft	Einfahren mit maximaler Kraft
793	0	8	0	1	0		Tr12R_bBefehl	Befehlsbyte an Trittsteuerung
793	8	8	0	1	0		Tr12R_bAusfahrlaenge	1=0.5%=2.057mm. 100%=55mm+360mm=415mm
793	16	8	0	1	0		Tr12R_bMaxAusfahrVersuch	Maximale Ausfahrversuche Tritt
793	24	8	0	1	0		Tr12R_bMaxEinfahrVersuch	Maximale Einfahrversuche Tritt
794	0	1	0	1	0		Tr34L_xEinfMaxKraft	Einfahren mit maximaler Kraft
794	0	8	0	1	0		Tr34L_bBefehl	Befehlsbyte an Trittsteuerung
794	8	8	0	1	0		Tr34L_bAusfahrlaenge	1=0.5%=2.057mm. 100%=55mm+360mm=415mm
794	16	8	0	1	0		Tr34L_bMaxAusfahrVersuch	Maximale Ausfahrversuche Tritt
794	24	8	0	1	0		Tr34L_bMaxEinfahrVersuch	Maximale Einfahrversuche Tritt
795	0	1	0	1	0		Tr34R_xEinfMaxKraft	Einfahren mit maximaler Kraft
795	0	8	0	1	0		Tr34R_bBefehl	Befehlsbyte an Trittsteuerung
795	8	8	0	1	0		Tr34R_bAusfahrlaenge	1=0.5%=2.057mm. 100%=55mm+360mm=415mm
795	16	8	0	1	0		Tr34R_bMaxAusfahrVersuch	Maximale Ausfahrversuche Tritt
795	24	8	0	1	0		Tr34R_bMaxEinfahrVersuch	Maximale Einfahrversuche Tritt
796	0	1	0	1	0		Tr56L_xEinfMaxKraft	Einfahren mit maximaler Kraft
796	0	8	0	1	0		Tr56L_bBefehl	Befehlsbyte an Trittsteuerung
796	8	8	0	1	0		Tr56L_bAusfahrlaenge	1=0.5%=2.057mm. 100%=55mm+360mm=415mm
796	16	8	0	1	0		Tr56L_bMaxAusfahrVersuch	Maximale Ausfahrversuche Tritt
796	24	8	0	1	0		Tr56L_bMaxEinfahrVersuch	Maximale Einfahrversuche Tritt
797	0	1	0	1	0		Tr56R_xEinfMaxKraft	Einfahren mit maximaler Kraft
797	0	8	0	1	0		Tr56R_bBefehl	Befehlsbyte an Trittsteuerung
797	8	8	0	1	0		Tr56R_bAusfahrlaenge	1=0.5%=2.057mm. 100%=55mm+360mm=415mm
797	16	8	0	1	0		Tr56R_bMaxAusfahrVersuch	Maximale Ausfahrversuche Tritt
797	24	8	0	1	0		Tr56R_bMaxEinfahrVersuch	Maximale Einfahrversuche Tritt
798	0	1	0	1	0		Tr78L_xEinfMaxKraft	Einfahren mit maximaler Kraft
798	0	8	0	1	0		Tr78L_bBefehl	Befehlsbyte an Trittsteuerung
798	8	8	0	1	0		Tr78L_bAusfahrlaenge	1=0.5%=2.057mm. 100%=55mm+360mm=415mm
798	16	8	0	1	0		Tr78L_bMaxAusfahrVersuch	Maximale Ausfahrversuche Tritt
798	24	8	0	1	0		Tr78L_bMaxEinfahrVersuch	Maximale Einfahrversuche Tritt
799	0	1	0	1	0		Tr78R_xEinfMaxKraft	Einfahren mit maximaler Kraft
799	0	8	0	1	0		Tr78R_bBefehl	Befehlsbyte an Trittsteuerung
799	8	8	0	1	0		Tr78R_bAusfahrlaenge	1=0.5%=2.057mm. 100%=55mm+360mm=415mm
799	16	8	0	1	0		Tr78R_bMaxAusfahrVersuch	Maximale Ausfahrversuche Tritt
799	24	8	0	1	0		Tr78R_bMaxEinfahrVersuch	Maximale Einfahrversuche Tritt
804	0	32	0	1	0		FIS_dwMStadD	Tagesmeterstand
804	32	32	0	1	0		FIS_dwZugnummer	Zugnummer
815	0	16	0	1	0		QwOutput1_47	analoger Ausgang 1
815	16	16	0	1	0		QwOutput2_47	analoger Ausgang 2
815	32	16	0	1	0		QwOutput3_47	analoger Ausgang 3
815	48	16	0	1	0		QwOutput4_47	analoger Ausgang 4
816	0	16	0	1	0		QwVistRuckmdgFR1	Vist Zeigerrückmeldung FR_A (NUR CAN 2)
816	16	16	0	1	0		QwVistRuckmdgFR2	Vist Zeigerrückmeldung FR_B (NUR CAN 2)
821	0	16	0	1	0		RQwStrRegEPBrem	Stromregelung EP-Bremse REDUNDANT
822	0	16	0	1	0		QwVsollAnzeigFR	V-Soll Vorgabe Anzeigegerät
823	0	16	0	1	0		QwUprimFR	Anzeige Primärspannung (Voltmeter)
823	16	16	0	1	0		QwZBIstFR	Anzeige Zug Bremskraft (Zugkraft)
827	0	16	0	1	0		RQwStrRegEPBremC	Stromregelung EP-Bremse REDUNDANT
828	0	16	0	1	0		FZPF_QwVistAktuell	Aktuelle Geschwindigkeit [1/256 km/h]
828	16	16	0	1	0		FZPF_QwZugNummerW1	Zugnummer word 1
828	32	16	0	1	0		FZPF_QwZugNummerW2	Zugnummer word 2
829	0	8	0	1	0		DB_bIstPosWagELi	Tritt Ist-Position Wagen E Links
829	8	8	0	1	0		DB_bIstPosWagERe	Tritt Ist-Position Wagen E Rechts
829	16	8	0	1	0		DB_bIstPosWagFLi	Tritt Ist-Position Wagen F Links
829	24	8	0	1	0		DB_bIstPosWagFRe	Tritt Ist-Position Wagen F Rechts
829	32	32	0	1	0		DB_dwStationNr	Betriebspunkt aus dem FIS (nur FLG_B)
830	0	1	0	1	0		DP_xSig2076	Display Zugsübersicht    :    Ueberfuhr Fahrzeug 1
830	1	1	0	1	0		DP_xSig2106	Display Zugsübersicht    :    Ueberfuhr Fahrzeug 2
830	2	1	0	1	0		DP_xSig2136	Display Zugsübersicht    :    Ueberfuhr Fahrzeug 3
830	3	1	0	1	0		DP_xSig2166	Display Zugsübersicht    :    Ueberfuhr Fahrzeug 4
830	4	1	0	1	0		DP_xSig2078	Display Zugsübersicht und Lupe Fahrzeug : WC-Notruf Fahrzeug 1
830	5	1	0	1	0		DP_xSig2108	Display Zugsübersicht und Lupe Fahrzeug : WC-Notruf Fahrzeug 2
830	6	1	0	1	0		DP_xSig2138	Display Zugsübersicht und Lupe Fahrzeug : WC-Notruf Fahrzeug 3
830	7	1	0	1	0		DP_xSig2168	Display Zugsübersicht und Lupe Fahrzeug : WC-Notruf Fahrzeug 4
830	8	1	0	1	0		DP_xSig2075	Display Zugsübersicht : Sammelstörung Fahrzeug 1
830	9	1	0	1	0		DP_xSig2105	Display Zugsübersicht : Sammelstörung Fahrzeug 2
830	10	1	0	1	0		DP_xSig2135	Display Zugsübersicht : Sammelstörung Fahrzeug 3
830	11	1	0	1	0		DP_xSig2165	Display Zugsübersicht : Sammelstörung Fahrzeug 4
830	12	1	0	1	0		DP_xSig2303	Display Zugsübersicht und Lupe Fahrzeug : Zugsrichtung Fahrzeug 1 in Vergleich zu Masterfahrzeug
830	13	1	0	1	0		DP_xSig2304	Display Zugsübersicht und Lupe Fahrzeug : Zugsrichtung Fahrzeug 2 in Vergleich zu Masterfahrzeug
830	14	1	0	1	0		DP_xSig2305	Display Zugsübersicht und Lupe Fahrzeug : Zugsrichtung Fahrzeug 3 in Vergleich zu Masterfahrzeug
830	15	1	0	1	0		DP_xSig2306	Display Zugsübersicht und Lupe Fahrzeug : Zugsrichtung Fahrzeug 4 in Vergleich zu Masterfahrzeug
830	16	1	0	1	0		DP_xSig2053	Display Lupe Fahrzeug : Zustand Stromrichter 1 Wagen A Fahrzeug 1
830	17	1	0	1	0		DP_xSig2054	Display Lupe Fahrzeug : Zustand Stromrichter 2 Wagen A Fahrzeug 1
830	18	1	0	1	0		DP_xSig2060	Display Lupe Fahrzeug : Zustand Stromrichter 1 Wagen B Fahrzeug 1
830	19	1	0	1	0		DP_xSig2061	Display Lupe Fahrzeug : Zustand Stromrichter 2 Wagen B Fahrzeug 1
830	20	1	0	1	0		DP_xSig2079	Display Lupe Fahrzeug : Zustand Stromrichter 1 Wagen A Fahrzeug 2
830	21	1	0	1	0		DP_xSig2080	Display Lupe Fahrzeug : Zustand Stromrichter 2 Wagen A Fahrzeug 2
830	22	1	0	1	0		DP_xSig2088	Display Lupe Fahrzeug : Zustand Stromrichter 1 Wagen B Fahrzeug 2
830	23	1	0	1	0		DP_xSig2089	Display Lupe Fahrzeug : Zustand Stromrichter 2 Wagen B Fahrzeug 2
830	24	1	0	1	0		DP_xSig2109	Display Lupe Fahrzeug : Zustand Stromrichter 1 Wagen A Fahrzeug 3
830	25	1	0	1	0		DP_xSig2110	Display Lupe Fahrzeug : Zustand Stromrichter 2 Wagen A Fahrzeug 3
830	26	1	0	1	0		DP_xSig2118	Display Lupe Fahrzeug : Zustand Stromrichter 1 Wagen B Fahrzeug 3
830	27	1	0	1	0		DP_xSig2119	Display Lupe Fahrzeug : Zustand Stromrichter 2 Wagen B Fahrzeug 3
830	28	1	0	1	0		DP_xSig2139	Display Lupe Fahrzeug : Zustand Stromrichter 1 Wagen A Fahrzeug 4
830	29	1	0	1	0		DP_xSig2140	Display Lupe Fahrzeug : Zustand Stromrichter 2 Wagen A Fahrzeug 4
830	30	1	0	1	0		DP_xSig2148	Display Lupe Fahrzeug : Zustand Stromrichter 1 Wagen B Fahrzeug 4
830	31	1	0	1	0		DP_xSig2149	Display Lupe Fahrzeug : Zustand Stromrichter 2 Wagen B Fahrzeug 4
830	32	8	0	1	0		DP_bSig1776	Display Zugsübersicht und Lupe Fahrzeug : Kennung Fahrzeug 1
830	40	8	0	1	0		DP_bSig1778	Display Zugsübersicht und Lupe Fahrzeug : Kennung Fahrzeug 2
830	48	8	0	1	0		DP_bSig1780	Display Zugsübersicht und Lupe Fahrzeug : Kennung Fahrzeug 3
830	56	8	0	1	0		DP_bSig1782	Display Zugsübersicht und Lupe Fahrzeug : Kennung Fahrzeug 4
831	0	8	0	1	0		Uhr_bCommaChrono	Commande chronometre: 0 = marche, 1 = deverrouillage des portes, 2 = verrouillage des portes, 3 = fermeture des portes [-]
832	1	1	0	1	0		DDS_xSig1680	Überfuhrbetrieb eingeschaltet
832	2	1	0	1	0		DDS_xSig1681	Überfuhrbetrieb Vorbereiten eingeschaltet
832	4	1	0	1	0		DDS_xSig0216	CAN Bus kurzzeitig ausgefallen
832	5	1	0	1	0		DDS_xSig0222	Warnungs Limit auf dem CAN Bus erreicht
832	6	1	0	1	0		DDS_xSig0217	CRC-Fehler aufgetreten
832	7	1	0	1	0		DDS_xSig0218	Fehler Checksumme in einer Nachricht aufgetreten
832	8	1	0	1	0		DDS_xSig0315	Error des CAN Open Mas
832	9	1	0	1	0		DDS_xSig1296	Master sendet Reset an alle Slaves Konfiguraqtionsfehler
832	10	1	0	1	0		DDS_xSig1366	Ueberlauf in der Output Queue aufgetreten
832	11	1	0	1	0		DDS_xSig1365	Ueberlauf in der Input Queue aufgetreten
832	12	1	0	1	0		DDS_xSig0221	Bitfehler bei einer empfangenen Nachricht vom CAN Bus
832	13	1	0	1	0		DDS_xSig0219	Formatfehler bei einer empfangenen Nachricht vom CAN Bus
832	14	1	0	1	0		DDS_xSig0215	Gesendete Meldung wurde von keinem CAN Kontroller erkannt
832	15	1	0	1	0		DDS_xSig0220	Bit1 Error auf CAN Bitarbitrierung
832	16	1	0	1	0		DDS_xSig1286	Zugbusfehler : Lebenszeichen aus dem Fahrzeug 2 fehlt
832	17	1	0	1	0		DDS_xSig1287	Zugbusfehler : Lebenszeichen aus dem Fahrzeug 3 fehlt
832	18	1	0	1	0		DDS_xSig1288	Zugbusfehler : Lebenszeichen aus dem Fahrzeug 4 fehlt
832	19	1	0	1	0		DDS_xSig1617	Störung Kommunikation zum Zugbusverwalter
832	20	1	0	1	0		DDS_xSig1622	Verlust Zugbuskommunikation zu führendem Fahrzeug
832	21	1	0	1	0		DDS_xSig1750	Permanente Umschaltung auf redundanten Zugbus durch drehen des Notfahrtschalters
832	22	1	0	1	0		DDS_xSig1580	Störung Kommunikation zum Stromrichter 1
832	23	1	0	1	0		DDS_xSig1581	Störung Kommunikation zum Stromrichter 2
832	24	1	0	1	0		DDS_xSig1560	Störung Kommunikation zum GSS Pos 426
832	25	1	0	1	0		DDS_xSig1558	Störung Kommunikation zum Gleitschutzrechner LDG1_2
832	26	1	0	1	0		DDS_xSig1559	Störung Kommunikation zum Gleitschutzrechner LDG3
832	27	1	0	1	0		DDS_xSig1563	Störung Kommunikation zum Klimarechner Wagen AB
832	28	1	0	1	0		DDS_xSig1564	Störung Kommunikation zum Klimarechner Wagen CD
832	29	1	0	1	0		DDS_xSig1594	Störung Kommunikation zum Türrechner Türe 1/2 Links Wagen A
832	30	1	0	1	0		DDS_xSig1595	Störung Kommunikation zum Türrechner Türe 1/2 Rechts Wagen A
832	31	1	0	1	0		DDS_xSig1600	Störung Kommunikation zum Türrechner Türe 7/8 Links Wagen B
832	32	1	0	1	0		DDS_xSig1601	Störung Kommunikation zum Türrechner Türe 7/8 Rechts Wagen B
832	33	1	0	1	0		DDS_xSig1598	Störung Kommunikation zum Türrechner Türe 5/6 Links Wagen C
832	34	1	0	1	0		DDS_xSig1599	Störung Kommunikation zum Türrechner Türe 5/6 Rechts Wagen C
832	35	1	0	1	0		DDS_xSig1596	Störung Kommunikation zum Türrechner Türe 3/4 Links Wagen D
832	36	1	0	1	0		DDS_xSig1597	Störung Kommunikation zum Türrechner Türe 3/4 Rechts Wagen D
832	37	1	0	1	0		DDS_xSig0242	Störung Connection-Box  Meldung im führenden Fahrzeug
832	38	1	0	1	0		DDS_xSig0246	Störung Connection-Box  Meldung im geführten Fahrzeug
832	39	1	0	1	0		DDS_xSig1565	Störung Kommunikation zu WC-Steuerung
832	40	1	0	1	0		DDS_xSig0243	Fehler VST (Connection-Box) Fahrzeug 2
832	41	1	0	1	0		DDS_xSig0244	Fehler VST (Connection-Box) Fahrzeug 3
832	42	1	0	1	0		DDS_xSig0245	Fehler VST (Connection-Box) Fahrzeug 4
832	43	1	0	1	0		DDS_xSig1557	Störung Kommunikation zur FZPF
832	44	1	0	1	0		DDS_xSig1555	Störung Kommunikation zum MVB-Koppler ETCS
832	45	1	0	1	0		DDS_xSig1550	Störung Kommunikation zum Display
832	46	1	0	1	0		DDS_xSig1556	Störung Kommunikation zum FIS System
832	47	1	0	1	0		DDS_xSig1614	Störung Kommunikation zur Uhr
832	48	1	0	1	0		DDS_xSig1534	Störung Kommunikation zum DDC 417
832	49	1	0	1	0		DDS_xSig1542	Störung Kommunikation zum DDC 429
832	50	1	0	1	0		DDS_xSig1535	Störung Kommunikation zum DDC 418
832	51	1	0	1	0		DDS_xSig1536	Störung Kommunikation zum DDC 420
832	52	1	0	1	0		DDS_xSig1537	Störung Kommunikation zum DDC 421
832	53	1	0	1	0		DDS_xSig1538	Störung Kommunikation zum DDC 422
832	54	1	0	1	0		DDS_xSig1539	Störung Kommunikation zum DDC 423
832	55	1	0	1	0		DDS_xSig1540	Störung Kommunikation zum DDC 425
832	56	1	0	1	0		DDS_xSig1541	Störung Kommunikation zum DDC 427
832	57	1	0	1	0		DDS_xSig1543	Störung Kommunikation zum DDC 432
832	58	1	0	1	0		DDS_xSig1544	Störung Kommunikation zum DDC 433
832	59	1	0	1	0		DDS_xSig1545	Störung Kommunikation zum DDC 434
832	60	1	0	1	0		DDS_xSig1546	Störung Kommunikation zum Bridge 114
832	62	1	0	1	0		DDS_xSig1547	Störung Kommunikation zum Bridge 414
832	63	1	0	1	0		DDS_xSig1548	Störung Kommunikation zu einer Bridge im Fzg
833	0	1	0	1	0		DDS_xSig0828	Gruppenalarm 1 (Stromabnehmer) von Fahrzeug 1 , Stoerung
833	1	1	0	1	0		DDS_xSig0840	Gruppenalarm 2 (Hauptstrom) von Fahrzeug 1 , Stoerung
833	2	1	0	1	0		DDS_xSig0846	Gruppenalarm 3 (Stromrichter 1) von Fahrzeug 1 , Stoerung
833	3	1	0	1	0		DDS_xSig0848	Gruppenalarm 4 (Stromrichter 2) von Fahrzeug 1 , Stoerung
833	4	1	0	1	0		DDS_xSig0850	Gruppenalarm 5 (Stromrichter 3) von Fahrzeug 1 , Stoerung
833	5	1	0	1	0		DDS_xSig0852	Gruppenalarm 6 (Stromrichter 4) von Fahrzeug 1 , Stoerung
833	6	1	0	1	0		DDS_xSig0854	Gruppenalarm 7 (Pneumatik) von Fahrzeug 1 , Stoerung
833	7	1	0	1	0		DDS_xSig0856	Gruppenalarm 8 (Gleitschutz) von Fahrzeug 1 , Stoerung
833	8	1	0	1	0		DDS_xSig0858	Gruppenalarm 9 (Hilfsbetriebe) von Fahrzeug 1 , Stoerung
833	9	1	0	1	0		DDS_xSig0808	Gruppenalarm 10 (Bremsen) von Fahrzeug 1 , Stoerung
833	10	1	0	1	0		DDS_xSig0810	Gruppenalarm 11 (Leittechnik) von Fahrzeug 1 , Stoerung
833	11	1	0	1	0		DDS_xSig0812	Gruppenalarm 12 (Klimaanlage Wagen A, Endwagen 1) von Fahrzeug 1 , Stoerung
833	12	1	0	1	0		DDS_xSig0814	Gruppenalarm 13 (Klimaanlage Wagen B, Endwagen 2) von Fahrzeug 1 , Stoerung
833	13	1	0	1	0		DDS_xSig0816	Gruppenalarm 14 (Klimaanlage Wagen C, Mittelwagen) von Fahrzeug 1 , Stoerung
833	14	1	0	1	0		DDS_xSig0818	Gruppenalarm 15 (Klimaanlage Wagen D) von Fahrzeug 1 , Stoerung
833	15	1	0	1	0		DDS_xSig0820	Gruppenalarm 16 (Klimaanlage Wagen E) von Fahrzeug 1 , Stoerung
833	16	1	0	1	0		DDS_xSig0822	Gruppenalarm 17 (Klimaanlage Wagen F) von Fahrzeug 1 , Stoerung
833	17	1	0	1	0		DDS_xSig0824	Gruppenalarm 18 (Türen/Tritte Wagen A, Endwagen 1) von Fahrzeug 1 , Stoerung
833	18	1	0	1	0		DDS_xSig0826	Gruppenalarm 19 (Türen/Tritte Wagen B, Endwagen 2) von Fahrzeug 1 , Stoerung
833	19	1	0	1	0		DDS_xSig0830	Gruppenalarm 20 (Türen/Tritte Wagen C, Mittelwagen) von Fahrzeug 1 , Stoerung
833	20	1	0	1	0		DDS_xSig0832	Gruppenalarm 21 (Türen/Tritte Wagen D) von Fahrzeug 1 , Stoerung
833	21	1	0	1	0		DDS_xSig0834	Gruppenalarm 22 (Türen/Tritte Wagen E) von Fahrzeug 1 , Stoerung
833	22	1	0	1	0		DDS_xSig0836	Gruppenalarm 23 (Türen/Tritte Wagen F) von Fahrzeug 1 , Stoerung
833	23	1	0	1	0		DDS_xSig0838	Gruppenalarm 24 (WC)  von Fahrzeug 1 , Stoerung
833	24	1	0	1	0		DDS_xSig0890	Gruppenalarm 1 (Stromabnehmer) von Fahrzeug 2 , Stoerung
833	25	1	0	1	0		DDS_xSig0912	Gruppenalarm 2 (Hauptstrom) von Fahrzeug 2 , Stoerung
833	26	1	0	1	0		DDS_xSig0934	Gruppenalarm 3 (Stromrichter 1) von Fahrzeug 2 , Stoerung
833	27	1	0	1	0		DDS_xSig0938	Gruppenalarm 4 (Stromrichter 2) von Fahrzeug 2 , Stoerung
833	28	1	0	1	0		DDS_xSig0940	Gruppenalarm 5 (Stromrichter 3) von Fahrzeug 2 , Stoerung
833	29	1	0	1	0		DDS_xSig0942	Gruppenalarm 6 (Stromrichter 4) von Fahrzeug 2 , Stoerung
833	30	1	0	1	0		DDS_xSig0944	Gruppenalarm 7 (Pneumatik) von Fahrzeug 2 , Stoerung
833	31	1	0	1	0		DDS_xSig0946	Gruppenalarm 8 (Gleitschutz) von Fahrzeug 2 , Stoerung
833	32	1	0	1	0		DDS_xSig0948	Gruppenalarm 9 (Hilfsbetriebe) von Fahrzeug 2 , Stoerung
833	33	1	0	1	0		DDS_xSig0870	Gruppenalarm 10 (Bremsen) von Fahrzeug 2 , Stoerung
833	34	1	0	1	0		DDS_xSig0872	Gruppenalarm 11 (Leittechnik) von Fahrzeug 2 , Stoerung
833	35	1	0	1	0		DDS_xSig0874	Gruppenalarm 12 (Klimaanlage Wagen A, Endwagen 1) von Fahrzeug 2 , Stoerung
833	36	1	0	1	0		DDS_xSig0876	Gruppenalarm 13 (Klimaanlage Wagen B, Endwagen 2) von Fahrzeug 2 , Stoerung
833	37	1	0	1	0		DDS_xSig0878	Gruppenalarm 14 (Klimaanlage Wagen C, Mittelwagen) von Fahrzeug 2 , Stoerung
833	38	1	0	1	0		DDS_xSig0880	Gruppenalarm 15 (Klimaanlage Wagen D) von Fahrzeug 2 , Stoerung
833	39	1	0	1	0		DDS_xSig0882	Gruppenalarm 16 (Klimaanlage Wagen E) von Fahrzeug 2 , Stoerung
833	40	1	0	1	0		DDS_xSig0884	Gruppenalarm 17 (Klimaanlage Wagen F) von Fahrzeug 2 , Stoerung
833	41	1	0	1	0		DDS_xSig0886	Gruppenalarm 18 (Türen/Tritte Wagen A, Endwagen 1) von Fahrzeug 2 , Stoerung
833	42	1	0	1	0		DDS_xSig0888	Gruppenalarm 19 (Türen/Tritte Wagen B, Endwagen 2) von Fahrzeug 2 , Stoerung
833	43	1	0	1	0		DDS_xSig0892	Gruppenalarm 20 (Türen/Tritte Wagen C, Mittelwagen) von Fahrzeug 2 , Stoerung
833	44	1	0	1	0		DDS_xSig0894	Gruppenalarm 21 (Türen/Tritte Wagen D) von Fahrzeug 2 , Stoerung
833	45	1	0	1	0		DDS_xSig0896	Gruppenalarm 22 (Türen/Tritte Wagen E) von Fahrzeug 2 , Stoerung
833	46	1	0	1	0		DDS_xSig0898	Gruppenalarm 23 (Türen/Tritte Wagen F) von Fahrzeug 2 , Stoerung
833	47	1	0	1	0		DDS_xSig0900	Gruppenalarm 24 (WC)  von Fahrzeug 2 , Stoerung
834	0	1	0	1	0		DDS_xSig0174	Fehler Test NBA
834	1	1	0	1	0		DDS_xSig1305	Bei NBA Test, oder betätigter FGNB fehlt Signal über Zugbus
834	2	1	0	1	0		DDS_xSig1304	Bei NBA Test, oder betätigter FGNB fehlt Signal über Vst Leitung
834	3	1	0	1	0		DDS_xSig0521	Plaus Fahrgastnotbremse Wagen A
834	4	1	0	1	0		DDS_xSig0522	Plaus Fahrgastnotbremse Wagen B
834	5	1	0	1	0		DDS_xSig1307	Relais Notbremsüberbrückung Pos 285.3 schaltet nicht ein
834	6	1	0	1	0		DDS_xSig1306	Relais Notbremsüberbrückung Pos 285.3 schaltet nicht aus
834	8	1	0	1	0		DDS_xSig0523	Plaus Fahrgastnotbremse Wagen C
834	9	1	0	1	0		DDS_xSig0524	Plaus Fahrgastnotbremse Wagen D
834	10	1	0	1	0		DDS_xSig1393	Pruefung NBA laeuft
834	11	1	0	1	0		DDS_xSig1319	Ueberbrueckung der Fahrgastnotbremsueberbrueckung aktiv
834	13	1	0	1	0		DDS_xSig0175	Test NBA erfolgreich
834	14	1	0	1	0		DDS_xSig0859	Passagier-Notbremse Fahrzeug 1
834	15	1	0	1	0		DDS_xSig0949	Passagier-Notbremse Fahrzeug 2
834	16	1	0	1	0		DDS_xSig1040	Passagier-Notbremse Fahrzeug 3
834	17	1	0	1	0		DDS_xSig1131	Passagier-Notbremse Fahrzeug 4
834	32	1	0	1	0		DDS_xSig0021	Absperrhahn Luftbremse MDG1
834	33	1	0	1	0		DDS_xSig0022	Absperrhahn Luftbremse MDG2
834	34	1	0	1	0		DDS_xSig0023	Absperrhahn Notbremsventil Wagen A
834	35	1	0	1	0		DDS_xSig0024	Absperrhahn Notbremsventil Wagen B
834	38	1	0	1	0		DDS_xSig0012	Absperrhahn Bremse Wagen A
834	39	1	0	1	0		DDS_xSig0013	Absperrhahn Bremse Wagen B
834	40	1	0	1	0		DDS_xSig0019	Absperrhahn Luftbremse LDG1
834	41	1	0	1	0		DDS_xSig0020	Absperrhahn Luftbremse LDG2
834	42	1	0	1	0		DDS_xSig0014	Absperrhahn Bremse LDG
834	43	1	0	1	0		DDS_xSig0025	Absperrhahn Speiseleitung 1
834	44	1	0	1	0		DDS_xSig0026	Absperrhahn Speiseleitung 2
834	45	1	0	1	0		DDS_xSig0017	Absperrhahn Hauptleitung 1
834	46	1	0	1	0		DDS_xSig0018	Absperrhahn Hauptleitung 2
834	47	1	0	1	0		DDS_xSig0011	Absperrhahn 7-Stufen-Ventil
834	48	1	0	1	0		DDS_xSig0806	Beide Schnellbremsventile E243 abgetrennt Fahrzeug 1
834	49	1	0	1	0		DDS_xSig0868	Beide Schnellbremsventile E243 abgetrennt Fahrzeug 2
834	50	1	0	1	0		DDS_xSig0959	Beide Schnellbremsventile E243 abgetrennt Fahrzeug 3
834	51	1	0	1	0		DDS_xSig1050	Beide Schnellbremsventile E243 abgetrennt Fahrzeug 4
834	52	1	0	1	0		DDS_xSig1346	Nothahn betätigt
834	53	1	0	1	0		DDS_xSig1347	Nothahn betätigt , Fahrzeug 2
834	54	1	0	1	0		DDS_xSig1348	Nothahn betätigt , Fahrzeug 3
834	55	1	0	1	0		DDS_xSig1349	Nothahn betätigt , Fahrzeug 4
835	0	8	0	1	0		DDS_GSTestByte1	GSTest Resultate Byte1 : 1=Ax1 2=Ax2 3=Ax3 4=Ax4 5=Ax5 6=Ax6 Ax7=7 Ax8=8 Ax9=9 10=Ax10 15=Abbruch
835	8	8	0	1	0		DDS_GSTestByte2	GSTest Resultate Byte2 : Bit0=Stoerung Ventile Bit1= Stoerung Bremsdruck Bit3= Stoerung Gleitschutzüberwachung (Byte1!=15)
835	16	1	0	1	0		DDS_xSig0319	Stoerung Gleitschutz Fahrzeug 1
835	17	1	0	1	0		DDS_xSig0322	Stoerung Gleitschutz Fahrzeug 2
835	18	1	0	1	0		DDS_xSig0325	Stoerung Gleitschutz Fahrzeug 3
835	19	1	0	1	0		DDS_xSig0328	Stoerung Gleitschutz Fahrzeug 4
835	20	1	0	1	0		DDS_xSig1183	GS-Ueberwachung : MDG1-Gleitschutzventile wurden in Normalbetrieb während mehr als 10 Sekunden aktiv
835	22	1	0	1	0		DDS_xSig1181	GS-Ueberwachung : LDG1-Gleitschutzventile wurden in Normalbetrieb während mehr als 10 Sekunden aktiv
835	24	1	0	1	0		DDS_xSig1182	GS-Ueberwachung : LDG3-Gleitschutzventile wurden in Normalbetrieb während mehr als 10 Sekunden aktiv
835	25	1	0	1	0		DDS_xSig1184	Fehler Gleitschutztest , Detail siehe Umfelddaten
835	26	1	0	1	0		DDS_xSig1186	Startbedingungen für Gleitschutztest nicht erfüllt (Zugleitebene)
835	27	1	0	1	0		DDS_xSig1185	Abbruch Gleitschutztest (Zugleitebene)
835	28	1	0	1	0		DDS_xSig1187	Gleitschutztest abgeschlossen
835	29	1	0	1	0		DDS_xSig1188	Abbruch Gleitschutztest , Zeitüberschreitung
835	32	1	0	1	0		DDS_xSig1426	Rückrollschutz hat angesprochen
836	0	1	0	1	0		DDS_xSig1208	Störung Türe 1 Fahrzeug 3
836	1	1	0	1	0		DDS_xSig1211	Störung Türe 2 Fahrzeug 3
836	2	1	0	1	0		DDS_xSig1214	Störung Türe 3 Fahrzeug 3
836	3	1	0	1	0		DDS_xSig1217	Störung Türe 4 Fahrzeug 3
836	4	1	0	1	0		DDS_xSig1220	Störung Türe 5 Fahrzeug 3
836	5	1	0	1	0		DDS_xSig1223	Störung Türe 6 Fahrzeug 3
836	8	1	0	1	0		DDS_xSig1159	Türe 1 Fahrzeug 3 abgetrennt
836	9	1	0	1	0		DDS_xSig1162	Türe 2 Fahrzeug 3 abgetrennt
836	10	1	0	1	0		DDS_xSig1165	Türe 3 Fahrzeug 3 abgetrennt
836	11	1	0	1	0		DDS_xSig1168	Türe 4 Fahrzeug 3 abgetrennt
836	12	1	0	1	0		DDS_xSig1171	Türe 5 Fahrzeug 3 abgetrennt
836	13	1	0	1	0		DDS_xSig1174	Türe 6 Fahrzeug 3 abgetrennt
836	16	1	0	1	0		DDS_xSig1190	Störung Tritt 1 Fahrzeug 3
836	17	1	0	1	0		DDS_xSig1193	Störung Tritt 2 Fahrzeug 3
836	18	1	0	1	0		DDS_xSig1196	Störung Tritt 3 Fahrzeug 3
836	19	1	0	1	0		DDS_xSig1199	Störung Tritt 4 Fahrzeug 3
836	20	1	0	1	0		DDS_xSig1202	Störung Tritt 5 Fahrzeug 3
836	21	1	0	1	0		DDS_xSig1205	Störung Tritt 6 Fahrzeug 3
836	24	1	0	1	0		DDS_xSig1141	Tritt 1 Fahrzeug 3 abgetrennt
836	25	1	0	1	0		DDS_xSig1144	Tritt 2 Fahrzeug 3 abgetrennt
836	26	1	0	1	0		DDS_xSig1147	Tritt 3 Fahrzeug 3 abgetrennt
836	27	1	0	1	0		DDS_xSig1150	Tritt 4 Fahrzeug 3 abgetrennt
836	28	1	0	1	0		DDS_xSig1153	Tritt 5 Fahrzeug 3 abgetrennt
836	29	1	0	1	0		DDS_xSig1156	Tritt 6 Fahrzeug 3 abgetrennt
836	32	1	0	1	0		DDS_xSig1209	Störung Türe 1 Fahrzeug 4
836	33	1	0	1	0		DDS_xSig1212	Störung Türe 2 Fahrzeug 4
836	34	1	0	1	0		DDS_xSig1215	Störung Türe 3 Fahrzeug 4
836	35	1	0	1	0		DDS_xSig1218	Störung Türe 4 Fahrzeug 4
836	36	1	0	1	0		DDS_xSig1221	Störung Türe 5 Fahrzeug 4
836	37	1	0	1	0		DDS_xSig1224	Störung Türe 6 Fahrzeug 4
836	40	1	0	1	0		DDS_xSig1160	Türe 1 Fahrzeug 4 abgetrennt
836	41	1	0	1	0		DDS_xSig1163	Türe 2 Fahrzeug 4 abgetrennt
836	42	1	0	1	0		DDS_xSig1166	Türe 3 Fahrzeug 4 abgetrennt
836	43	1	0	1	0		DDS_xSig1169	Türe 4 Fahrzeug 4 abgetrennt
836	44	1	0	1	0		DDS_xSig1172	Türe 5 Fahrzeug 4 abgetrennt
836	45	1	0	1	0		DDS_xSig1175	Türe 6 Fahrzeug 4 abgetrennt
836	48	1	0	1	0		DDS_xSig1191	Störung Tritt 1 Fahrzeug 4
836	49	1	0	1	0		DDS_xSig1194	Störung Tritt 2 Fahrzeug 4
836	50	1	0	1	0		DDS_xSig1197	Störung Tritt 3 Fahrzeug 4
836	51	1	0	1	0		DDS_xSig1200	Störung Tritt 4 Fahrzeug 4
836	52	1	0	1	0		DDS_xSig1203	Störung Tritt 5 Fahrzeug 4
836	53	1	0	1	0		DDS_xSig1206	Störung Tritt 6 Fahrzeug 4
836	56	1	0	1	0		DDS_xSig1142	Tritt 1 Fahrzeug 4 abgetrennt
836	57	1	0	1	0		DDS_xSig1145	Tritt 2 Fahrzeug 4 abgetrennt
836	58	1	0	1	0		DDS_xSig1148	Tritt 3 Fahrzeug 4 abgetrennt
836	59	1	0	1	0		DDS_xSig1151	Tritt 4 Fahrzeug 4 abgetrennt
836	60	1	0	1	0		DDS_xSig1154	Tritt 5 Fahrzeug 4 abgetrennt
836	61	1	0	1	0		DDS_xSig1157	Tritt 6 Fahrzeug 4 abgetrennt
837	0	1	0	1	0		DDS_xSig1378	Nicht genügend feste Federspeicher für die Aktivierung der Parkstellung
837	1	1	0	1	0		DDS_xSig0756	Fahrsperre: MitschleifErkenn Türen aktiv
837	2	1	0	1	0		DDS_xSig0778	Fahrsperre: Max. Zuglaenge überschritten
837	3	1	0	1	0		DDS_xSig0757	Fahrsperre: Stromrchter nicht fahrbereit
837	4	1	0	1	0		DDS_xSig0759	Fahrsperre: Plausibilität Z/B-Hebel
837	5	1	0	1	0		DDS_xSig0257	Druckdifferenz Hauptleitungsdruck zw.. Fahrzeug 1 und Fahrzeug 2 (Ansperrhahn Kupplung zu)
837	6	1	0	1	0		DDS_xSig0258	Druckdifferenz Hauptleitungsdruck zw.. Fahrzeug 1 und Fahrzeug 3 (Ansperrhahn Kupplung zu)
837	7	1	0	1	0		DDS_xSig0259	Druckdifferenz Hauptleitungsdruck zw.. Fahrzeug 1 und Fahrzeug 4 (Ansperrhahn Kupplung zu)
837	8	1	0	1	0		DDS_xSig0260	Druckdifferenz Speiseleitungsdruck zw.. Fahrzeug 1 und Fahrzeug 2 (Ansperrhahn Kupplung zu)
837	9	1	0	1	0		DDS_xSig0261	Druckdifferenz Speiseleitungsdruck zw.. Fahrzeug 1 und Fahrzeug 3 (Ansperrhahn Kupplung zu)
837	10	1	0	1	0		DDS_xSig0262	Druckdifferenz Speiseleitungsdruck zw.. Fahrzeug 1 und Fahrzeug 4 (Ansperrhahn Kupplung zu)
837	11	1	0	1	0		DDS_xSig1267	Kupplung Fahrzeug 2 nicht in Mittenstellung fixiert
837	12	1	0	1	0		DDS_xSig1268	Kupplung Fahrzeug 3 nicht in Mittenstellung fixiert
837	13	1	0	1	0		DDS_xSig1269	Kupplung Fahrzeug 4 nicht in Mittenstellung fixiert
837	14	1	0	1	0		DDS_xSig1417	Rekuperation wurde ausgeschaltet
837	15	1	0	1	0		DDS_xSig1733	Aktiierung Waschstrasse nur im Stillstand möglich
837	16	1	0	1	0		DDS_xSig0993	Fahrzeug 3: Gruppenalarm 25
837	17	1	0	1	0		DDS_xSig0992	Fahrzeug 3: Gruppenalarm 25
837	18	1	0	1	0		DDS_xSig0995	Fahrzeug 3: Gruppenalarm 26
837	19	1	0	1	0		DDS_xSig0994	Fahrzeug 3: Gruppenalarm 26
837	20	1	0	1	0		DDS_xSig0997	Fahrzeug 3: Gruppenalarm 27
837	21	1	0	1	0		DDS_xSig0996	Fahrzeug 3: Gruppenalarm 27
837	22	1	0	1	0		DDS_xSig0999	Fahrzeug 3: Gruppenalarm 28
837	23	1	0	1	0		DDS_xSig0998	Fahrzeug 3: Gruppenalarm 28
837	24	1	0	1	0		DDS_xSig1001	
837	25	1	0	1	0		DDS_xSig1000	
837	26	1	0	1	0		DDS_xSig1005	
837	27	1	0	1	0		DDS_xSig1004	
837	28	1	0	1	0		DDS_xSig1007	
837	29	1	0	1	0		DDS_xSig1006	
837	30	1	0	1	0		DDS_xSig1009	
837	31	1	0	1	0		DDS_xSig1008	
837	32	1	0	1	0		DDS_xSig1011	
837	33	1	0	1	0		DDS_xSig1010	
837	34	1	0	1	0		DDS_xSig1013	
837	35	1	0	1	0		DDS_xSig1012	
837	36	1	0	1	0		DDS_xSig1015	
837	37	1	0	1	0		DDS_xSig1014	
837	38	1	0	1	0		DDS_xSig1017	
837	39	1	0	1	0		DDS_xSig1016	
837	40	1	0	1	0		DDS_xSig1019	
837	41	1	0	1	0		DDS_xSig1018	
837	42	1	0	1	0		DDS_xSig1021	
837	43	1	0	1	0		DDS_xSig1020	
837	44	1	0	1	0		DDS_xSig1023	
837	45	1	0	1	0		DDS_xSig1022	
837	46	1	0	1	0		DDS_xSig1027	
837	47	1	0	1	0		DDS_xSig1026	
837	48	1	0	1	0		DDS_xSig0213	System Bremssteuerungen inkompatibel  (FLIRT III mit FLIRT I/II alt)
837	49	1	0	1	0		DDS_xSig1663	Türverriegelung durch UIC-Schliessung (Flirt III)
837	50	1	0	1	0		DDS_xSig1299	Fahrzeug 1: MitschleifErkenn angesprochen
837	51	1	0	1	0		DDS_xSig1300	Fahrzeug 2: MitschleifErkenn angesprochen
837	52	1	0	1	0		DDS_xSig1301	Fahrzeug 3: MitschleifErkenn angesprochen
837	53	1	0	1	0		DDS_xSig1302	Fahrzeug 4: MitschleifErkenn angesprochen
837	54	1	0	1	0		DDS_xSig0040	Abgewählte Türen werden erst bei Wegnahme der Türfreigabe aktiv
837	55	1	0	1	0		DDS_xSig1298	Bremsung wegen Ansprechen MitschleifErkenn Türen
837	58	1	0	1	0		DDS_xSig0211	System Bremsanzeigen inkompatibel  (FLIRT III mit FLIRT I/II alt)
837	59	1	0	1	0		DDS_xSig0733	Fehler Taktfreigabe Neu-Fahrzeug 2 (Indiez für Abfall Signal Zugbesetzt in Connectionbox)
837	60	1	0	1	0		DDS_xSig0734	Fehler Taktfreigabe Neu-Fahrzeug 3 (Indiez für Abfall Signal Zugbesetzt in Connectionbox)
837	61	1	0	1	0		DDS_xSig0735	Fehler Taktfreigabe Neu-Fahrzeug 4 (Indiez für Abfall Signal Zugbesetzt in Connectionbox)
882	0	1	0	1	0		DDS_xSig0515	
882	1	1	0	1	0		DDS_xSig0425	
882	2	1	0	1	0		DDS_xSig0431	
882	3	1	0	1	0		DDS_xSig0437	
882	4	1	0	1	0		DDS_xSig0443	
882	5	1	0	1	0		DDS_xSig0449	
882	6	1	0	1	0		DDS_xSig0455	
882	7	1	0	1	0		DDS_xSig0461	
882	8	1	0	1	0		DDS_xSig0518	
882	9	1	0	1	0		DDS_xSig0428	
882	10	1	0	1	0		DDS_xSig0434	
882	11	1	0	1	0		DDS_xSig0440	
882	12	1	0	1	0		DDS_xSig0446	
882	13	1	0	1	0		DDS_xSig0452	
882	14	1	0	1	0		DDS_xSig0458	
882	15	1	0	1	0		DDS_xSig0464	
882	16	1	0	1	0		DDS_xSig0516	
882	17	1	0	1	0		DDS_xSig0426	
882	18	1	0	1	0		DDS_xSig0432	
882	19	1	0	1	0		DDS_xSig0438	
882	20	1	0	1	0		DDS_xSig0444	
882	21	1	0	1	0		DDS_xSig0450	
882	22	1	0	1	0		DDS_xSig0456	
882	23	1	0	1	0		DDS_xSig0462	
882	24	1	0	1	0		DDS_xSig0519	
882	25	1	0	1	0		DDS_xSig0429	
882	26	1	0	1	0		DDS_xSig0435	
882	27	1	0	1	0		DDS_xSig0441	
882	28	1	0	1	0		DDS_xSig0447	
882	29	1	0	1	0		DDS_xSig0453	
882	30	1	0	1	0		DDS_xSig0459	
882	31	1	0	1	0		DDS_xSig0465	
882	32	1	0	1	0		DDS_xSig0517	
882	33	1	0	1	0		DDS_xSig0427	
882	34	1	0	1	0		DDS_xSig0433	
882	35	1	0	1	0		DDS_xSig0439	
882	36	1	0	1	0		DDS_xSig0445	
882	37	1	0	1	0		DDS_xSig0451	
882	38	1	0	1	0		DDS_xSig0457	
882	39	1	0	1	0		DDS_xSig0463	
882	40	1	0	1	0		DDS_xSig0520	
882	41	1	0	1	0		DDS_xSig0430	
882	42	1	0	1	0		DDS_xSig0436	
882	43	1	0	1	0		DDS_xSig0442	
882	44	1	0	1	0		DDS_xSig0448	
882	45	1	0	1	0		DDS_xSig0454	
882	46	1	0	1	0		DDS_xSig0460	
882	47	1	0	1	0		DDS_xSig0466	
882	48	1	0	1	0		DDS_xSig0618	
882	49	1	0	1	0		DDS_xSig0528	
882	50	1	0	1	0		DDS_xSig0534	
882	51	1	0	1	0		DDS_xSig0540	
882	52	1	0	1	0		DDS_xSig0546	
882	53	1	0	1	0		DDS_xSig0552	
882	54	1	0	1	0		DDS_xSig0558	
882	55	1	0	1	0		DDS_xSig0564	
882	56	1	0	1	0		DDS_xSig0621	
882	57	1	0	1	0		DDS_xSig0531	
882	58	1	0	1	0		DDS_xSig0537	
882	59	1	0	1	0		DDS_xSig0543	
882	60	1	0	1	0		DDS_xSig0549	
882	61	1	0	1	0		DDS_xSig0555	
882	62	1	0	1	0		DDS_xSig0561	
882	63	1	0	1	0		DDS_xSig0567	
883	0	32	0	1	0		DP_dwSig1922	Out00..31:
883	32	8	0	1	0		DP_bSig1816	Out32..39:
884	0	1	0	1	0		DDS_xSig0122	Alarm Brandschutz Fahrgastraum E Fz3
884	1	1	0	1	0		DDS_xSig0125	Alarm Brandschutz Fahrgastraum F Fz3
884	2	1	0	1	0		DDS_xSig0128	Alarm Brandschutz Fahrgastraum G Fz3
884	3	1	0	1	0		DDS_xSig0131	Alarm Brandschutz Fahrgastraum H Fz3
884	4	1	0	1	0		DDS_xSig0153	Alarm Brandschutz WC Wagen D Fz3
884	5	1	0	1	0		DDS_xSig0156	Alarm Brandschutz WC Wagen E Fz3
884	6	1	0	1	0		DDS_xSig0159	Alarm Brandschutz WC Wagen F Fz3
884	7	1	0	1	0		DDS_xSig0092	Alarm Brandschutz Apparateraum 3 Fz3
884	8	1	0	1	0		DDS_xSig0095	Alarm Brandschutz Apparateraum 4 Fz3
884	9	1	0	1	0		DDS_xSig0134	Alarm Brandschutz Stromrichter Wagen A Fz3
884	10	1	0	1	0		DDS_xSig0137	Alarm Brandschutz Stromrichter Wagen B Fz3
884	11	1	0	1	0		DDS_xSig0140	Alarm Brandschutz Stromrichter Wagen G Fz3
884	12	1	0	1	0		DDS_xSig0143	Alarm Brandschutz Stromrichter Wagen H Fz3
884	13	1	0	1	0		DDS_xSig0146	Alarm Brandschutz Schaffnerabteil Wagen G Fz3
884	16	1	0	1	0		DDS_xSig0123	Alarm Brandschutz Fahrgastraum E Fz4
884	17	1	0	1	0		DDS_xSig0126	Alarm Brandschutz Fahrgastraum F Fz4
884	18	1	0	1	0		DDS_xSig0129	Alarm Brandschutz Fahrgastraum G Fz4
884	19	1	0	1	0		DDS_xSig0132	Alarm Brandschutz Fahrgastraum H Fz4
884	20	1	0	1	0		DDS_xSig0154	Alarm Brandschutz WC Wagen D Fz4
884	21	1	0	1	0		DDS_xSig0157	Alarm Brandschutz WC Wagen E Fz4
884	22	1	0	1	0		DDS_xSig0160	Alarm Brandschutz WC Wagen F Fz4
884	23	1	0	1	0		DDS_xSig0093	Alarm Brandschutz Apparateraum 3 Fz4
884	24	1	0	1	0		DDS_xSig0096	Alarm Brandschutz Apparateraum 4 Fz4
884	25	1	0	1	0		DDS_xSig0135	Alarm Brandschutz Stromrichter Wagen A Fz4
884	26	1	0	1	0		DDS_xSig0138	Alarm Brandschutz Stromrichter Wagen B Fz3
884	27	1	0	1	0		DDS_xSig0141	Alarm Brandschutz Stromrichter Wagen G Fz3
884	28	1	0	1	0		DDS_xSig0144	Alarm Brandschutz Stromrichter Wagen H Fz3
884	29	1	0	1	0		DDS_xSig0147	Alarm Brandschutz Schaffnerabteil Wagen G Fz4
884	31	1	0	1	0		DDS_xSig0210	Brandmassnahmen aktiv
884	32	1	0	1	0		DDS_xSig0056	Alarm Brandschutz Wagenuebergang A/D Fz2
884	33	1	0	1	0		DDS_xSig0059	Alarm Brandschutz Wagenuebergang B/C Fz2
884	34	1	0	1	0		DDS_xSig0071	Alarm Brandschutz Wagenuebergang E/F Fz2
884	35	1	0	1	0		DDS_xSig0065	Alarm Brandschutz Wagenuebergang D/F Fz2
884	36	1	0	1	0		DDS_xSig0074	Alarm Brandschutz Wagenuebergang F/H Fz2
884	37	1	0	1	0		DDS_xSig0080	Alarm Brandschutz Wagenuebergang H/G Fz2
884	38	1	0	1	0		DDS_xSig0077	Alarm Brandschutz Wagenuebergang G/E Fz2
884	39	1	0	1	0		DDS_xSig0068	Alarm Brandschutz Wagenuebergang E/C Fz2
884	40	1	0	1	0		DDS_xSig0062	Alarm Brandschutz Wagenuebergang C/D Fz2
884	41	1	0	1	0		DDS_xSig0057	Alarm Brandschutz Wagenuebergang A/D Fz3
884	42	1	0	1	0		DDS_xSig0060	Alarm Brandschutz Wagenuebergang B/C Fz3
884	43	1	0	1	0		DDS_xSig0072	Alarm Brandschutz Wagenuebergang E/F Fz3
884	44	1	0	1	0		DDS_xSig0066	Alarm Brandschutz Wagenuebergang D/F Fz3
884	45	1	0	1	0		DDS_xSig0075	Alarm Brandschutz Wagenuebergang F/H Fz3
884	46	1	0	1	0		DDS_xSig0081	Alarm Brandschutz Wagenuebergang H/G Fz3
884	47	1	0	1	0		DDS_xSig0078	Alarm Brandschutz Wagenuebergang G/E Fz3
884	48	1	0	1	0		DDS_xSig0069	Alarm Brandschutz Wagenuebergang E/C Fz3
884	49	1	0	1	0		DDS_xSig0063	Alarm Brandschutz Wagenuebergang C/D Fz3
884	50	1	0	1	0		DDS_xSig0058	Alarm Brandschutz Wagenuebergang A/D Fz4
884	51	1	0	1	0		DDS_xSig0061	Alarm Brandschutz Wagenuebergang B/C Fz4
884	52	1	0	1	0		DDS_xSig0073	Alarm Brandschutz Wagenuebergang E/F Fz4
884	53	1	0	1	0		DDS_xSig0067	Alarm Brandschutz Wagenuebergang D/F Fz4
884	54	1	0	1	0		DDS_xSig0076	Alarm Brandschutz Wagenuebergang F/H Fz4
884	55	1	0	1	0		DDS_xSig0082	Alarm Brandschutz Wagenuebergang H/G Fz4
884	56	1	0	1	0		DDS_xSig0079	Alarm Brandschutz Wagenuebergang G/E Fz4
884	57	1	0	1	0		DDS_xSig0070	Alarm Brandschutz Wagenuebergang E/C Fz4
884	58	1	0	1	0		DDS_xSig0064	Alarm Brandschutz Wagenuebergang C/D Fz4
884	59	1	0	1	0		DDS_xSig0189	Alarm Vorwarnung WC (irgendwo im Zug)
885	0	1	0	1	0		DDS_xSig0732	Panto hoch nicht möglich, wenn Depotspeisung vorhanden
885	1	1	0	1	0		DDS_DepotAktiv	Depotspeisung : Einschalten bei Phasenfolge falsch
885	2	1	0	1	0		DDS_xSig1317	Fehler Depotspeisung : Gesperrt &quot;Fehler Vorladung&quot;
885	3	1	0	1	0		DDS_xSig1238	Depotspeisung Fehler: Hauptschalter EIN
885	4	1	0	1	0		DDS_xSig0163	Depotspeisung aktiviert
885	6	1	0	1	0		DDS_xSig1294	Depotspeisung Motorventilation aktiviert
885	7	1	0	1	0		DDS_xSig1258	Depotspeisung Kompressor aktiviert
885	8	1	0	1	0		DDS_xSig1698	Klimaanlage 1 aktiviert
885	9	1	0	1	0		DDS_xSig1699	Klimaanlage 2 aktiviert
885	10	1	0	1	0		DDS_xSig1363	Ölpumpe aktiviert
885	11	1	0	1	0		DDS_xSig1682	Depotspeisung Überlast
885	12	1	0	1	0		DDS_xSig1374	Depotspeisung Fehler : Stromabnehmer oben
885	13	1	0	1	0		DDS_xSig0736	Depotspeisung Fehler : Vorladung
885	14	1	0	1	0		DDS_xSig1444	Depospeisung Fehler: Stromrichter 2 inaktiv
885	16	1	0	1	0		DDS_xSig1482	Sperrung Schütze infolge Erdschluss 400V SR1_A   (Text gem. Spezifikation HB)
885	17	1	0	1	0		DDS_xSig1484	Sperrung Schütze infolge Erdschluss 400V SR2_A   (Text gem. Spezifikation HB)
885	18	1	0	1	0		DDS_xSig1483	Sperrung Schütze infolge Erdschluss 400V SR1_B   (Text gem. Spezifikation HB)
885	19	1	0	1	0		DDS_xSig1485	Sperrung Schütze infolge Erdschluss 400V SR2_B   (Text gem. Spezifikation HB)
886	8	8	0	1	0	km/h	UMF_bVsoll	Sollgeschwindigkeit
886	16	8	0	0.1	0	bar	UMF_bHLDruck	Hauptleitungsdruck
886	32	16	0	0.1	0	kV	UMF_wUPrim	Umfelddaten: Primärspannung
886	48	8	0	0.1	0	bar	UMF_bSLDruck	Umfelddaten: Speiseleitungsdruck
886	56	8	0	1	0		UMF_bAnzahlFzg	Umfelddaten: Anzahl Fahrzeuge im Zugverband
887	14	1	0	1	0		DDS_xSig1338	Notentreigelte Tuere im Zugverband
887	15	1	0	1	0		DDS_xSig1608	Störung Türfreigabe Fahrzeug 2, Freigabe ohne Befehl  (Relais-Schaltung Connectionbox FLIRT III)
887	16	1	0	1	0		DDS_xSig1609	Störung Türfreigabe Fahrzeug 3, Freigabe ohne Befehl  (Relais-Schaltung Connectionbox FLIRT III)
887	17	1	0	1	0		DDS_xSig1610	Störung Türfreigabe Fahrzeug 4, Freigabe ohne Befehl  (Relais-Schaltung Connectionbox FLIRT III)
887	18	1	0	1	0		DDS_xSig1611	Störung Türfreigabe Fahrzeug 2, Freigabe auf falscher Seite  (Relais-Schaltung Connectionbox FLIRT III)
887	19	1	0	1	0		DDS_xSig1612	Störung Türfreigabe Fahrzeug 3, Freigabe auf falscher Seite  (Relais-Schaltung Connectionbox FLIRT III)
887	20	1	0	1	0		DDS_xSig1613	Störung Türfreigabe Fahrzeug 4, Freigabe auf falscher Seite  (Relais-Schaltung Connectionbox FLIRT III)
887	21	1	0	1	0		DDS_xSig1605	Störung Türfreigabe Links Fahrzeug 2 (Relais-Schaltung Connectionbox FLIRT III)
887	22	1	0	1	0		DDS_xSig1606	Störung Türfreigabe Links Fahrzeug 3 (Relais-Schaltung Connectionbox FLIRT III)
887	23	1	0	1	0		DDS_xSig1607	Störung Türfreigabe Links Fahrzeug 4 (Relais-Schaltung Connectionbox FLIRT III)
887	24	1	0	1	0		DDS_xSig1339	Notfahrt Fahrzeug 2
887	25	1	0	1	0		DDS_xSig1340	Notfahrt Fahrzeug 3
887	26	1	0	1	0		DDS_xSig1341	Notfahrt Fahrzeug 4
887	27	1	0	1	0		DDS_xSig1244	Antivalenzfehler eines redundant vorhandenen Eingangssignals
887	28	1	0	1	0		DDS_xSig1408	Umschaltung auf redundante Überwachung der Grünschleife Türen (Zustandsmeldungen auf CAN)
887	29	1	0	1	0		DDS_xSig1602	Störung Türfreigabe Links Fahrzeug 2 (Relais-Schaltung Connectionbox FLIRT III)
887	30	1	0	1	0		DDS_xSig1603	Störung Türfreigabe Links Fahrzeug 3 (Relais-Schaltung Connectionbox FLIRT III)
887	31	1	0	1	0		DDS_xSig1604	Störung Türfreigabe Links Fahrzeug 4 (Relais-Schaltung Connectionbox FLIRT III)
887	32	1	0	1	0		DDS_xSig1630	Ausfall Zugbuskoppler
887	33	1	0	1	0		DDS_xSig1629	Doppel-Ausfall Zugbuskoppler
887	34	1	0	1	0		DDS_xSig1321	Keine automatische Notfahrt, wenn Redundanz nicht gewährt
887	35	1	0	1	0		DDS_xSig1320	Keine automatische Notfahrt, wenn Notfahrt andere Zugshälfte
887	36	1	0	1	0		DDS_xSig1406	Redundanz von Modul 432 gewährleistet
887	37	1	0	1	0		DDS_xSig1331	Keine Redundanz von Modul 432
887	38	1	0	1	0		DDS_xSig1407	Redundanz von Modul 433 gewährleistet
887	39	1	0	1	0		DDS_xSig1332	Keine Redundanz von Modul 433
887	40	1	0	1	0		DDS_xSig1403	Redundanz von Modul 424 gewährleistet
887	41	1	0	1	0		DDS_xSig1328	Keine Redundanz von Modul 424
887	42	1	0	1	0		DDS_xSig1401	Redundanz von Modul 420 gewährleistet
887	43	1	0	1	0		DDS_xSig1326	Keine Redundanz von Modul 420
887	44	1	0	1	0		DDS_xSig1402	Redundanz von Modul 422 gewährleistet
887	45	1	0	1	0		DDS_xSig1327	Keine Redundanz von Modul 422
887	46	1	0	1	0		DDS_xSig1400	Redundanz von Modul 417 gewährleistet
887	47	1	0	1	0		DDS_xSig1325	Keine Redundanz von Modul 417
887	48	1	0	1	0		DDS_xSig1404	Redundanz von Modul 426 gewährleistet
887	49	1	0	1	0		DDS_xSig1329	Keine Redundanz von Modul 426
887	50	1	0	1	0		DDS_xSig1405	Redundanz von Modul 428 gewährleistet
887	51	1	0	1	0		DDS_xSig1330	Keine Redundanz von Modul 428
887	52	1	0	1	0		DDS_xSig1337	Keine Notfahrt bei Defekt grüner Leitung
887	53	1	0	1	0		DDS_xSig1177	Abfall Notfahrt bei Defekt grüner Leitung
887	54	1	0	1	0		DDS_xSig0173	Automatische Notfahrt FR1/2 eingerichtet
887	56	1	0	1	0		DDS_xSig1749	Fahrzeug-Taufe in Redundanz über Zugbuskoppler Seite A/B
887	58	1	0	1	0		DDS_xSig1295	Notfahrt FR1/2 mit Notfahrtschalter eingerichtet
887	60	1	0	1	0		DDS_xSig1342	Notfahrt auf besetztem Führerraum Seite 1
887	61	1	0	1	0		DDS_xSig1344	Notfahrt auf besetztem Führerraum Seite 2
887	62	1	0	1	0		DDS_xSig1343	Notfahrt auf unbesetztem Führerraum Seite 1:
887	63	1	0	1	0		DDS_xSig1345	Notfahrt auf unbesetztem Führerraum Seite 2
888	0	8	0	1	0		DP_bSig1811	Display Hilfsbetriebe Stromrichter : Betrieb HBU SR1 Wagen A
888	8	8	0	1	0		DP_bSig1813	Display Hilfsbetriebe Stromrichter : Betrieb HBU SR2 Wagen A
888	16	8	0	1	0		DP_bSig1812	Display Hilfsbetriebe Stromrichter : Betrieb HBU SR1 Wagen B
888	24	8	0	1	0		DP_bSig1814	Display Hilfsbetriebe Stromrichter : Betrieb HBU SR2 Wagen B
888	32	8	0	0.1	0	Bar	DP_bSig1763	Display Hilfsbetriebe Stromrichter : Druck Wasserpumpe Stromrichter Wagen A
888	40	8	0	0.1	0	Bar	DP_bSig1764	Display Hilfsbetriebe Stromrichter : Druck Wasserpumpe Stromrichter Wagen A
888	48	8	1	1	0	°C	DP_bSig1821	Display Hilfsbetriebe Stromrichter : Temperatur Stromrichter Wagen A (Maximum)
888	56	8	1	1	0	°C	DP_bSig1822	Display Hilfsbetriebe Stromrichter : Temperatur Stromrichter Wagen B (Maximum)
889	0	8	0	1	0		FZPF_QbFzg1Typ	Fahrzeug 1 Typ
889	8	8	0	1	0		FZPF_QbFzg2Typ	Fahrzeug 2 Typ
889	16	8	0	1	0		FZPF_QbFzg3Typ	Fahrzeug 3 Typ
889	24	8	0	1	0		FZPF_QbFzg4Typ	Fahrzeug 4 Typ
889	32	8	0	1	0		FZPF_QbFzg5Typ	Fahrzeug 5 Typ
889	40	8	0	1	0		FZPF_QbFzg6Typ	Fahrzeug 6 Typ
889	48	8	0	1	0		FZPF_QbFzg7Typ	Fahrzeug 7 Typ
889	56	8	0	1	0		FZPF_QbFzg8Typ	Fahrzeug 8 Typ
890	0	32	0	1	0		FIS_dwFz3Nummer	Fahrzeugnummer Fahrzeug 3
890	32	32	0	1	0		FIS_dwFz4Nummer	Fahrzeugnummer Fahrzeug 4
891	0	8	0	1	0		TEL_bStellungFBV	Stellung des Führernotbremshebels (Codierung gem. Spez)
891	16	16	0	1	0		TEL_wSLDruck	Speiseleitungsdruck
891	32	8	0	1	0		TEL_bBrandbereich	Brandbereich
891	40	8	0	1	0		TEL_bAnzahlSR	Anzahl taktende Stromrichter
891	48	16	0	1	0		TEL_wIPrimEingDC	Max. Strom Fahrleitungeingabe
892	0	32	0	0.01666666661	0	Min	DP_dwSig1917	Betriebsstunden Leittechnik Ein
892	32	32	0	0.01666666661	0	Min	DP_dwSig1918	Betriebsstunden Parkstellung Ein
893	0	16	0	1	0		DP_wSig1927	Inhalt des Emergency-Telegramm des betroffenen Knotens
893	18	1	0	1	0		DDS_xSig0307	Emergency Telegramm Speicherung
893	24	8	0	1	0		DP_bSig1770	Knotennummer produziert ein Emerency-Telegramm
893	32	8	0	1	0		DP_bSig1769	Selectron-Erweiterungsmodulsnummer produziert ein Emercency-Telegramm
893	40	1	0	1	0		DP_xSig2171	DDC: Genereller Fehler
893	41	1	0	1	0		DP_xSig2010	DDC: Stromfehler
893	42	1	0	1	0		DP_xSig2362	DDC: Spannungsfehler
893	43	1	0	1	0		DP_xSig2338	DDC: Temperaturfehler
893	44	1	0	1	0		DP_xSig2009	DDC: Kommunikationsfehler
893	45	1	0	1	0		DP_xSig2016	DDC: Geräte-Fehler
893	46	1	0	1	0		DP_xSig2230	DDC: Herstellerspezifischer Fehler
893	47	1	0	1	0		DP_xSig2307	DDC: Kurzschluss an den Ausgängen
893	48	1	0	1	0		DP_xSig2008	DDC: Kommunikationsfehler (CAN Warning Limit überschritten)
893	49	1	0	1	0		DP_xSig2253	DDC: CAN Overrun Error (CAN Datenverlust)
893	50	1	0	1	0		DP_xSig2335	DDC: Warning Limit Erweiterungsbus überschritten
893	51	1	0	1	0		DP_xSig2256	DDC: Spannungsversorgung hat Unterspannung
893	52	1	0	1	0		DP_xSig2254	DDC: Ausgänge im Fehlermode
893	53	1	0	1	0		DP_xSig2257	DDC: Externe Speisung der Ausgänge hat Unterspannung
893	54	1	0	1	0		DP_xSig2255	DDC: Overflow an analogem Eingang
893	55	1	0	1	0		DP_xSig2358	DDC: Underflow an analogem Eingang
893	56	1	0	1	0		DP_xSig2007	Länderwahlschalter auf Stellung CH
893	57	1	0	1	0		DP_xSig2029	Länderwahlschalter auf Stellung F
893	58	1	0	1	0		DP_xSig1958	Absperrhahn Federspeicher MDG1
893	59	1	0	1	0		DP_xSig1959	Absperrhahn Federspeicher MDG2
893	60	1	0	1	0		DDS_xSig0765	Fahrsperre Schlepphahn gedreht
893	61	1	0	1	0		DP_xSig2363	Notaus Zentralverriegelung betätigt
893	62	1	0	1	0		DDS_xSig0015	Absperrhahn Federspeicher MDG1
893	63	1	0	1	0		DDS_xSig0016	Absperrhahn Federspeicher MDG2
894	0	16	0	0.1	0		DP_wSig1939	Softwareversion Klimasteuerung 1
894	16	16	0	0.1	0		DP_wSig1940	Softwareversion Klimasteuerung 2
894	32	16	0	1	0		DP_wSig1934	Raddurchmesser
894	57	1	0	1	0		DP_xSig1972	Fehler Übernahme Achsdruchmesser
894	58	1	0	1	0		DP_xSig2308	Daten auf Display speichern, während Download
894	59	1	0	1	0		DP_xSig2000	Zug ist bereits besetzt
894	60	1	0	1	0		DP_xSig2314	Aufrüsten in bereits besetzten Fahrzeug erfolgt
894	61	1	0	1	0		DP_xSig2337	Taktsperre (Spezialanzeige Display)
895	0	8	0	1	0		DP_bSig1826	Display Lupe Fahrzeug : Türtritte Plattform 1 Wagen A Fahrzeug 2
895	8	8	0	1	0		DP_bSig1830	Display Lupe Fahrzeug : Türtritte Plattform 2 Wagen A Fahrzeug 2
895	16	8	0	1	0		DP_bSig1834	Display Lupe Fahrzeug : Türtritte Plattform 3 Wagen D Fahrzeug 2
895	24	8	0	1	0		DP_bSig1838	Display Lupe Fahrzeug : Türtritte Plattform 4 Wagen D Fahrzeug 2
895	32	8	0	1	0		DP_bSig1842	Display Lupe Fahrzeug : Türtritte Plattform 5 Wagen C Fahrzeug 2
895	40	8	0	1	0		DP_bSig1846	Display Lupe Fahrzeug : Türtritte Plattform 6 Wagen C Fahrzeug 2
895	48	8	0	1	0		DP_bSig1850	Display Lupe Fahrzeug : Türtritte Plattform 7 Wagen B Fahrzeug 2
895	56	8	0	1	0		DP_bSig1854	Display Lupe Fahrzeug : Türtritte Plattform 8 Wagen B Fahrzeug 2
910	0	16	1	0.01	0	Hz	SR1_wfreq_MC	Mechanical motor speed. The impulse signal from sensor is converted to speed and angle in the motor control -100.100 [Hz]
910	16	16	1	0.01	0	Hz	SR1_wfreq_GC	Grid frequency 0...60 [Hz]
910	32	16	1	0.024	0	kW	SR1_wPow_GC	Power used by the grid converter -750000...750000 [W]
910	48	16	1	0.0016	-7.105427358e-15	kW	SR1_wPowerHBU	Power used by the aux converter -50000...50000 [W]
911	0	16	1	0.01	0	Hz	SR2_wfreq_MC	Mechanical motor speed. The impulse signal from sensor is converted to speed and angle in the motor control -100.100 [Hz]
911	16	16	1	0.01	0	Hz	SR2_wfreq_GC	Grid frequency 0...60 [Hz]
911	32	16	1	0.024	0	kW	SR2_wPow_GC	Power used by the grid converter -750000...750000 [W]
911	48	16	1	0.0016	-7.105427358e-15	kW	SR2_wPowerHBU	Power used by the aux converter -50000...50000 [W]
912	0	16	0	1	0		TEL_wRaddm5_7toFLG	Raddurchmesser Handshake
912	16	16	0	1	0		TEL_wRaddm6_8toFLG	Raddurchmesser Handshake
912	32	1	0	1	0		TEL_xFatalError	TELOC : Schwerwiegender Fehler
912	32	16	0	1	0		TEL_wError1	In32..47:
912	32	32	0	1	0		TEL_wStatus_Code	Status / Fehler Code
912	33	1	0	1	0		TEL_xWarning	TELOC : Fehler (falscher oder fehlender Datensatz)
912	34	1	0	1	0		TEL_xSpeedSens	TELOC : Fehler in Geschwindigkeitserfassung
912	35	1	0	1	0		TEL_xBatteryCh	TELOC : Batterie wechseln
912	36	1	0	1	0		TEL_xShTrmMem	TELOC : Kurzzeitspeicher gesperrt
912	37	1	0	1	0		TEL_xLgTrmMem	TELOC : Langzeitspeicher gesperrt
912	38	1	0	1	0		TEL_xEvMem	TELOC : Ereignisspeicher gesperrt
912	39	1	0	1	0		TEL_xGenPurpMem	TELOC : Universeller Speicher gesperrt
912	41	1	0	1	0		TEL_xInform	TELOC : Information anstehend
912	42	1	0	1	0		TEL_xIntError	TELOC : Interner Fehler
912	43	1	0	1	0		TEL_xExtError	TELOC : Externer Fehler
912	44	1	0	1	0		TEL_xDownload	TELOC : Download Modus
912	45	1	0	1	0		TEL_xFLEXM1	TELOC : FLEXM 1 gesperrt
912	46	1	0	1	0		TEL_xFLEXM2	TELOC : FLEXM 2 gesperrt
912	47	1	0	1	0		TEL_xFLEXM3	TELOC : FLEXM 3 gesperrt
912	48	1	0	1	0		TEL_xFLEXM4	TELOC : FLEXM 4 gesperrt
912	48	16	0	1	0		TEL_wError2	In48..63:
912	49	1	0	1	0		TEL_xFLEXM5	TELOC : FLEXM 5 gesperrt
912	50	1	0	1	0		TEL_xFLEXM6	TELOC : FLEXM 6 gesperrt
912	51	1	0	1	0		TEL_xFLEXM7	TELOC : FLEXM 7 gesperrt
912	52	1	0	1	0		TEL_xFLEXM8	TELOC : FLEXM 8 gesperrt
913	0	16	0	1	0		GSS426_2_Iw4	GSS 426.2 Analog Input 4
913	16	16	0	1	0		GSS426_2_Iw5	GSS 426.2 Analog Input 5
913	32	16	0	1	0		GSS426_2_Iw6	GSS 426.2 Analog Input 6
913	48	16	0	1	0		GSS426_2_Iw7	GSS 426.2 Analog Input 7
915	0	16	0	1	0		GSS428_1_Iw5	GSS 428.1 Analog Input 5
915	16	16	0	1	0		GSS428_1_Iw6	GSS 428.1 Analog Input 6
917	0	1	0	1	0		KL1_xFehler101	KL1 Fehler 101 Therm. Überlast Zulüfter1 FGR
917	0	16	0	1	0		KL1_wStoerung1	WORD1 Zusammenfassung Störungen
917	1	1	0	1	0		KL1_xFehler192	KL1 Fehler 192 Klappenstellung Heizen/Kühlen FST nicht detektierbar.
917	2	1	0	1	0		KL1_xFehler103	KL1 Fehler 103 Motorschutzschalter Zulüfter FGR ausgelöst
917	3	1	0	1	0		KL1_xFehler111	KL1 Fehler 111 Thermische Überlast Zulüfter2 FGR
917	4	1	0	1	0		KL1_xFehler120	KL1 Fehler 120 Ansteuerung Zulüfter FST
917	5	1	0	1	0		KL1_xFehler121	KL1 Fehler 121 Thermische Überlast Zulüfter FST
917	6	1	0	1	0		KL1_xFehler143	KL1 Fehler 143 Motorschutzschalter Fortlüfter FGR ausgelöst
917	7	1	0	1	0		KL1_xFehler180	KL1 Fehler 180 Klappe Aussen-Umluft FGR keine Endposition
917	8	1	0	1	0		KL1_xFehler960	KL1 Fehler 960 Text noch unklar
917	9	1	0	1	0		KL1_xFehler190	KL1 Fehler 190 Text noch unklar
917	10	1	0	1	0		KL1_xFehler965	KL1 Fehler 191 Text noch unklar
917	11	1	0	1	0		KL1_xFehler210	KL1 Fehler 210 Verdichter1 FGR Kond. Druck zu hoch
917	12	1	0	1	0		KL1_xFehler230	KL1 Fehler 230 Verdichter2 FGR Kond. Druck zu hoch
917	13	1	0	1	0		KL1_xFehler261	KL1 Fehler 261 Thermische Überlast Verflüssigerlüfter FGR
917	14	1	0	1	0		KL1_xFehler263	KL1 Fehler 263 Motorschutz Verfl.lüfter FGR ausgelöst
917	15	1	0	1	0		KL1_xFehler200	KL1 Fehler 200 Ansteuerung Verdichter1 FGR
917	16	1	0	1	0		KL1_xFehler201	KL1 Fehler 201 Thermische Überlast Verdichter1 FGR
917	16	16	0	1	0		KL1_wStoerung2	WORD2 Zusammenfassung Störungen
917	17	1	0	1	0		KL1_xFehler203	KL1 Fehler 203 Motorschutzr Q2 Verdichter1 FGR ausgelöst
917	18	1	0	1	0		KL1_xFehler204	KL1 Fehler 204 Auslösung Hochdruck Verdichter1 FGR
917	19	1	0	1	0		KL1_xFehler205	KL1 Fehler 205 Auslösung Saugdruck Verdichter1 FGR
917	20	1	0	1	0		KL1_xFehler140	KL1 Ablüfter FGR Fehler Ansteuerung
917	21	1	0	1	0		KL1_xFehler220	KL1 Fehler 220 Ansteuerung Verdichter2 FGR
917	22	1	0	1	0		KL1_xFehler221	KL1 Fehler 221 Thermische Überlast Verdichter2 FGR
917	23	1	0	1	0		KL1_xFehler223	KL1 Fehler 223 Motorschutz Q3 Verdichter2 FGR ausgelöst
917	24	1	0	1	0		KL1_xFehler224	KL1 Fehler 224 Auslösung Hochdruck Verdichter2 FGR
917	25	1	0	1	0		KL1_xFehler225	KL1 Fehler 225 Auslösung Saugdruck Verdichter2 FGR
917	26	1	0	1	0		KL1_xFehler240	KL1 Fehler 240 Ansteuerung Verdichter FST
917	27	1	0	1	0		KL1_xFehler244	KL1 Fehler 244 Auslösung Hochdruck Verdichter FST
917	28	1	0	1	0		KL1_xFehler245	KL1 Fehler 245 Auslösung Saugdruck Verdichter FST
917	29	1	0	1	0		KL1_xFehler248	KL1 Fehler 248 Keine Kühlung FST
917	30	1	0	1	0		KL1_xFehler300	KL1 Fehler 300 Ansteuerung Sicherh. Heizregister FGR
917	31	1	0	1	0		KL1_xFehler301	KL1 Fehler 301 Thermische Überlast Heizregister FGR
917	32	1	0	1	0		KL1_xFehler305	KL1 Fehler 305 Kanal Übertemp. Heizregister FGR Stufe1
917	32	16	0	1	0		KL1_wStoerung3	WORD3 Zusammenfassung Störungen
917	33	1	0	1	0		KL1_xFehler306	KL1 Fehler 306 Keine Temp.erhöhung Kanal Heizregister FGR
917	34	1	0	1	0		KL1_xFehler320	KL1 Fehler 320 Ansteuerung Heizregister FST
917	35	1	0	1	0		KL1_xFehler321	KL1 Fehler 321 Thermische Überlast Heizregister FST
917	36	1	0	1	0		KL1_xFehler325	KL1 Fehler 325 Kanal Übertemp. Heizregister FST
917	37	1	0	1	0		KL1_xFehler326	KL1 Fehler 326 Keine Temp.erhöhung Kanal Heizregister FST
917	38	1	0	1	0		KL1_xFehler339	(deaktiviert: DDS vom FLG generiert) %ALARM KL1 Fehler 339 Ansteuerung Sicherheizkette Konv.heizer
917	39	1	0	1	0		KL1_xFehler340	KL1 Fehler 340 Überlast Konv.heizer
917	40	1	0	1	0		KL1_xFehler341	KL1 Fehler 341 Umluftheizer Schutzschalter ausgelöst
917	41	1	0	1	0		KL1_xFehler345	KL1 Fehler 345 Ansteuerung Konv.heizer FST
917	42	1	0	1	0		KL1_xFehler346	KL1 Fehler 346 Überlast Konv.Heizer FST
917	43	1	0	1	0		KL1_xFehler410	KL1 Fehler 410 Übertemperatur KKG FGR
917	44	1	0	1	0		KL1_xFehler182	KL1 Fehler 182 Klappe 2 Aussen-/Umluft FGR falsche Rückmeldung
917	45	1	0	1	0		KL1_xFehler150	KL1 Fehler 150 Ablüfter WC Fehler Ansteuerung
917	46	1	0	1	0		KL1_xFehler304	KL1 Fehler 304 Heizregister FGR Schutzschalter ausgelöst
917	47	1	0	1	0		KL1_xFehler811	KL1 Fehler811 Unzul. Lüfter-Drehzahl im besetzten FST
917	48	1	0	1	0		KL1_xFehler900	KL1 Fehler 900 Temperatursensor Fahrerstand2 NTC1
917	48	16	0	1	0		KL1_wStoerung4	WORD4 Zusammenfassung Störungen
917	49	1	0	1	0		KL1_xFehler905	KL1 Fehler 905 Zulufttemp.sensor Fahrerstand NTC2
917	50	1	0	1	0		KL1_xFehler910	KL1 Fehler 910 Temperatursensor Fahrerstand1 NTC3
917	51	1	0	1	0		KL1_xFehler915	KL1 Fehler 915 Rückmeldung Klappenposition FST
917	52	1	0	1	0		KL1_xFehler920	KL1 Fehler 920 Temperatursensor Fahrgastraum4 NTCS5
917	53	1	0	1	0		KL1_xFehler925	KL1 Fehler 925 Gerätetemp.sensor FGR NTCS6
917	54	1	0	1	0		KL1_xFehler930	KL1 Fehler 930 Ausssentemperatursensor NTCS7
917	55	1	0	1	0		KL1_xFehler935	KL1 Fehler 935 Mischlufttemp.sensor Fahrgastraum NTCS8
917	56	1	0	1	0		KL1_xFehler940	KL1 Fehler 940 Zulufttemp.sensor Fahrgastraum NTCS9
917	57	1	0	1	0		KL1_xFehler945	KL1 Fehler 945 Temperatursensor FGR1 NTCS10
917	58	1	0	1	0		KL1_xFehler950	KL1 Fehler 950 Temperatursensor FGR2 NTC11
917	59	1	0	1	0		KL1_xFehler955	KL1 Fehler 955 Temperatursensor FGR3 NTC12
917	60	1	0	1	0		KL1_xFehler980	KL1 Fehler 980 Drucksensor1 FGR
917	61	1	0	1	0		KL1_xFehler985	KL1 Fehler 985 Drucksensor2 FGR
917	62	1	0	1	0		KL1_xFehler315	KL1 Fehler 315 Kanal Übertemp. Heizregister FGR Stufe2
917	63	1	0	1	0		KL1_xFehler303	KL1 Fehler 303 Halbleiterrelais defekt
918	0	1	0	1	0		KL2_xFehler101	KL2 Fehler 101 Therm. Überlast Zulüfter1 FGR
918	0	16	0	1	0		KL2_wStoerung1	WORD1 Zusammenfassung Störungen
918	2	1	0	1	0		KL2_xFehler103	KL2 Fehler 103 Motorschutzschalter Zulüfter FGR ausgelöst
918	3	1	0	1	0		KL2_xFehler111	KL2 Fehler 111 Thermische Überlast Zulüfter2 FGR
918	6	1	0	1	0		KL2_xFehler143	KL2 Fehler 143 Motorschutzschalter Fortlüfter FGR ausgelöst
918	7	1	0	1	0		KL2_xFehler180	KL2 Fehler 180 Klappe Aussen-Umluft FGR keine Endposition
918	8	1	0	1	0		KL2_xFehler960	KL2 Fehler 960 Rückmeldung Klappenposition fehlt
918	10	1	0	1	0		KL2_xFehler965	KL2 Fehler 191 Text noch unklar
918	11	1	0	1	0		KL2_xFehler210	KL2 Fehler 210 Verdichter1 FGR Kond. Druck zu hoch
918	12	1	0	1	0		KL2_xFehler230	KL2 Fehler 230 Verdichter2 FGR Kond. Druck zu hoch
918	13	1	0	1	0		KL2_xFehler261	KL2 Fehler 261 Thermische Überlast Verflüssigerlüfter FGR
918	14	1	0	1	0		KL2_xFehler263	KL2 Fehler 263 Motorschutz Verfl.lüfter FGR ausgelöst
918	15	1	0	1	0		KL2_xFehler200	KL2 Fehler 200 Ansteuerung Verdichter1 FGR
918	16	1	0	1	0		KL2_xFehler201	KL2 Fehler 201 Thermische Überlast Verdichter1 FGR
918	16	16	0	1	0		KL2_wStoerung2	WORD2 Zusammenfassung Störungen
918	17	1	0	1	0		KL2_xFehler203	KL2 Fehler 203 Motorschutzr Q2 Verdichter1 FGR ausgelöst
918	18	1	0	1	0		KL2_xFehler204	KL2 Fehler 204 Auslösung Hochdruck Verdichter1 FGR
918	19	1	0	1	0		KL2_xFehler205	KL2 Fehler 205 Auslösung Saugdruck Verdichter1 FGR
918	20	1	0	1	0		KL2_xFehler140	KL2 Ablüfter FGR Fehler Ansteuerung
918	21	1	0	1	0		KL2_xFehler220	KL2 Fehler 220 Ansteuerung Verdichter2 FGR
918	22	1	0	1	0		KL2_xFehler221	KL2 Fehler 221 Thermische Überlast Verdichter2 FGR
918	23	1	0	1	0		KL2_xFehler223	KL2 Fehler 223 Motorschutz Q3 Verdichter2 FGR ausgelöst
918	24	1	0	1	0		KL2_xFehler224	KL2 Fehler 224 Auslösung Hochdruck Verdichter2 FGR
918	25	1	0	1	0		KL2_xFehler225	KL2 Fehler 225 Auslösung Saugdruck Verdichter2 FGR
918	30	1	0	1	0		KL2_xFehler300	KL2 Fehler 300 Ansteuerung Sicherh. Heizregister FGR
918	31	1	0	1	0		KL2_xFehler301	KL2 Fehler 301 Thermische Überlast Heizregister FGR
918	32	1	0	1	0		KL2_xFehler305	KL2 Fehler 305 Kanal Übertemp. Heizregister FGR Stufe1
918	32	16	0	1	0		KL2_wStoerung3	WORD3 Zusammenfassung Störungen
918	33	1	0	1	0		KL2_xFehler306	KL2 Fehler 306 Keine Temp.erhöhung Kanal Heizregister FGR
918	38	1	0	1	0		KL2_xFehler339	(deaktiviert: DDS vom FLG generiert) %ALARM KL2 Fehler 339 Ansteuerung Sicherheizkette Konv.heizer
918	39	1	0	1	0		KL2_xFehler340	KL2 Fehler 340 Überlast Konv.heizer
918	40	1	0	1	0		KL2_xFehler341	KL2 Fehler 341 Umluftheizer Schutzschalter ausgelöst
918	43	1	0	1	0		KL2_xFehler410	KL2 Fehler 410 Übertemperatur KKG FGR
918	44	1	0	1	0		KL2_xFehler182	KL2 Fehler 182 Klappe 2 Aussen-/Umluft FGR falsche Rückmeldung
918	45	1	0	1	0		KL2_xFehler150	KL2 Fehler 150 Ablüfter WC Fehler Ansteuerung
918	46	1	0	1	0		KL2_xFehler304	KL2 Fehler 304 Heizregister FGR Schutzschalter ausgelöst
918	48	16	0	1	0		KL2_wStoerung4	WORD4 Zusammenfassung Störungen
918	52	1	0	1	0		KL2_xFehler920	KL2 Fehler 920 Temperatursensor Fahrgastraum4 NTCS5
918	53	1	0	1	0		KL2_xFehler925	KL2 Fehler 925 Gerätetemp.sensor FGR NTCS6
918	54	1	0	1	0		KL2_xFehler930	KL2 Fehler 930 Ausssentemperatursensor NTCS7
918	55	1	0	1	0		KL2_xFehler935	KL2 Fehler 935 Mischlufttemp.sensor Fahrgastraum NTCS8
918	56	1	0	1	0		KL2_xFehler940	KL2 Fehler 940 Zulufttemp.sensor Fahrgastraum NTCS9
918	57	1	0	1	0		KL2_xFehler945	KL2 Fehler 945 Temperatursensor FGR1 NTCS10
918	58	1	0	1	0		KL2_xFehler950	KL2 Fehler 950 Temperatursensor FGR2 NTC11
918	59	1	0	1	0		KL2_xFehler955	KL2 Fehler 955 Temperatursensor FGR3 NTC12
918	60	1	0	1	0		KL2_xFehler980	KL2 Fehler 980 Drucksensor1 FGR
918	61	1	0	1	0		KL2_xFehler985	KL2 Fehler 985 Drucksensor2 FGR
918	62	1	0	1	0		KL2_xFehler315	KL2 Fehler 315 Kanal Übertemp. Heizregister FGR Stufe2
918	63	1	0	1	0		KL2_xFehler303	KL2 Fehler 303 Halbleiterrelais defekt
936	0	1	0	1	0		WC_xTempNichtPlaus	Mindestens 1 Temperatur nicht mehr plausibel
936	0	8	0	1	0		WC_bIn_Byte16	In00..07:
936	1	1	0	1	0		WC_xKeinFrischVorhanden	Kein Frischwasser vorhanden (I3)
936	3	1	0	1	0		WC_xKeinDruckVorhanden	Kein Druck vorhanden
936	4	1	0	1	0		WC_xFehlerHeizung	Fehler Heizung
936	5	1	0	1	0		WC_xKurzschluss	Kurzschluss auf einem Ausgang
936	6	1	0	1	0		WC_xPowerfail	Powerfail Erweiterungsmodul
936	7	1	0	1	0		WC_xFehlerGWEnt1	Fehler Grauwasserentleerung 1
936	8	1	0	1	0		WC_xFehlerGWEnt2	Fehler Grauwasserentleerung 2
936	8	8	0	1	0		WC_bIn_Byte17	In08..15:
936	9	1	0	1	0		WC_xFehlerFullstSensor	Fehler Füllstandsensor
936	10	1	0	1	0		WC_xFehlerDS21	Fehler DS21
936	11	1	0	1	0		WC_xFehlerEjektorVerstopftDS23	Fehler EjektorVerstopft DS23
936	12	1	0	1	0		WC_xFehlerKeinDruckaufbauDS23	Fehler KeinDruckaufbau DS23
936	13	1	0	1	0		WC_xFehlerDS7	Fehler DS7
936	14	1	0	1	0		WC_xFrostEntKlein	Frostentleerung klein aktiv
957	0	1	0	1	0		DB_xBetrPNotInDB	Betriebspunkt nicht in Datenbank
957	1	1	0	1	0		DB_xLinieNotInDB	Linie Nummer nicht in Datenbank
957	2	1	0	1	0		DB_xFzgLiNotInDB	Linie und Fahrzeug Nummer nicht in Datenbank
957	5	1	0	1	0		DB_xTrafoschutzInaktiv	Trafoschutz inaktiv geschaltet
957	48	16	0	1	0		DB_wDBVersion	Version der Trittdatenbank in der FMC-Kassette
958	0	32	0	1	0		DP_dwSig1921	Speicherdaten vom Display
958	32	8	0	1	0		DP_bSig1815	Speicherdaten vom Display Identifier
958	40	1	0	1	0		DP_xSig2172	Gruppenalarm vom Display zum FLG
958	41	1	0	1	0		DP_xSig2183	Gruppenalarm vom Display zum FLG
958	42	1	0	1	0		DP_xSig2189	Gruppenalarm vom Display zum FLG
958	43	1	0	1	0		DP_xSig2190	Gruppenalarm vom Display zum FLG
958	44	1	0	1	0		DP_xSig2191	Gruppenalarm vom Display zum FLG
958	45	1	0	1	0		DP_xSig2192	Gruppenalarm vom Display zum FLG
958	46	1	0	1	0		DP_xSig2193	Gruppenalarm vom Display zum FLG
958	47	1	0	1	0		DP_xSig2194	Gruppenalarm vom Display zum FLG
958	48	1	0	1	0		DP_xSig2195	Gruppenalarm vom Display zum FLG
958	49	1	0	1	0		DP_xSig2173	Gruppenalarm vom Display zum FLG
958	50	1	0	1	0		DP_xSig2174	Gruppenalarm vom Display zum FLG
958	51	1	0	1	0		DP_xSig2175	Gruppenalarm vom Display zum FLG
958	52	1	0	1	0		DP_xSig2176	Gruppenalarm vom Display zum FLG
958	53	1	0	1	0		DP_xSig2177	Gruppenalarm vom Display zum FLG
958	54	1	0	1	0		DP_xSig2178	Gruppenalarm vom Display zum FLG
958	55	1	0	1	0		DP_xSig2179	Gruppenalarm vom Display zum FLG
958	56	1	0	1	0		DP_xSig2180	Gruppenalarm vom Display zum FLG
958	57	1	0	1	0		DP_xSig2181	Gruppenalarm vom Display zum FLG
958	58	1	0	1	0		DP_xSig2182	Gruppenalarm vom Display zum FLG
958	59	1	0	1	0		DP_xSig2184	Gruppenalarm vom Display zum FLG
958	60	1	0	1	0		DP_xSig2185	Gruppenalarm vom Display zum FLG
958	61	1	0	1	0		DP_xSig2186	Gruppenalarm vom Display zum FLG
958	62	1	0	1	0		DP_xSig2187	Gruppenalarm vom Display zum FLG
958	63	1	0	1	0		DP_xSig2188	Gruppenalarm vom Display zum FLG
1016	0	16	0	1	0		FZPF_IwDiagnose11	Diagnose 11. Word
1016	16	16	0	1	0		FZPF_IwDiagnose12	Diagnose 12. Word
1016	32	16	0	1	0		FZPF_IwDiagnose13	Diagnose 13. Word
1016	48	16	0	1	0		FZPF_IwDiagnose14	Diagnose 14. Word
1017	0	32	0	1	0		FZPF_IdwZugnr	Zugnummer
1021	0	1	0	1	0		SR2_xHBUImax	SR2 HBU Ueberstrom
1021	0	8	0	1	0		SR2_bHBUFaultLow	HBU Fault Byte Low
1021	1	1	0	1	0		SR2_xHBUIGBT1	SR2 HBU IGBT Fehler A031 V785 GU1
1021	2	1	0	1	0		SR2_xHBUIGBT2	SR2 HBU IGBT Fehler A031 V785 GU2
1021	3	1	0	1	0		SR2_xHBUIGBT3	SR2 HBU IGBT Fehler A031 V785 GU3
1021	4	1	0	1	0		SR2_xHBUTemp	SR2 HBU Skiip Uebertemperatur
1021	5	1	0	1	0		SR2_xMotTemp	SR2 Fahrmotor Stator Uebertemperatur 2
1021	6	1	0	1	0		SR2_xMotVmax	SR2 Fahrmotor Ueberdrehzahl
1021	7	1	0	1	0		SR2_xMotfmax	SR2 Fahrmotor max. Frequenz ueberschritten
1021	8	8	0	1	0		SR2_bHBUFaultHig	HBU Fault Byte High
1021	16	1	0	1	0		SR2_xOelTempHig1	SR2 Oeltemperatur Transformator Uebertemperatur 2
1021	16	8	0	1	0		SR2_bNSRFaultLow	NSR Fault Byte Low
1021	17	1	0	1	0		SR2_xOelTempHig2	SR2 Oeltemperatur Transformator Uebertemperatur 3
1021	18	1	0	1	0		SR2_xTrafoCopTr2	SR2 Transformator Traktionswicklung Uebertemperatur 2
1021	19	1	0	1	0		SR2_xTrafoCopHV2	SR2 Transformator Hochspannungswicklung Uebertemperatur 2
1021	20	1	0	1	0		SR2_xTrafoCopZS2	SR2 Transformator 400V Wicklung Uebertemperatur 2
1021	21	1	0	1	0		SR2_x4QSImax	SR2 Netzstromrichter Ueberstrom
1021	22	1	0	1	0		SR2_x4QSIGBTA11	SR2 Netzstromrichter IGBT Fehler A011 V611
1021	23	1	0	1	0		SR2_x4QSIGBTA12	SR2 Netzstromrichter IGBT Fehler A012 V611
1021	24	1	0	1	0		SR2_x4QSIGBTA13	SR2 Netzstromrichter IGBT Fehler A013 V611
1021	24	8	0	1	0		SR2_bNSRFaultHig	NSR Fault Byte High
1021	25	1	0	1	0		SR2_x4QSIGBTA14	SR2 Netzstromrichter IGBT Fehler A014 V611
1021	26	1	0	1	0		SR2_x4QSIGBTA11D	SR2 Netzstromrichter fcsd Durchzuendung A011 U631
1021	27	1	0	1	0		SR2_x4QSIGBTA12D	SR2 Netzstromrichter fcsd Durchzuendung A012 U631
1021	28	1	0	1	0		SR2_x4QSIGBTA13D	SR2 Netzstromrichter fcsd Durchzuendung A013 U631
1021	29	1	0	1	0		SR2_x4QSIGBTA14D	SR2 Netzstromrichter fcsd Durchzuendung A014 U631
1021	30	1	0	1	0		SR2_x4QSTempSki	SR2 Netzstromrichter Skiip Uebertemperatur
1021	32	1	0	1	0		SR2_xMSRImax	SR2 Motorstromrichter Ueberstrom
1021	32	8	0	1	0		SR2_bMSRFaultLow	MSR Fault Byte Low
1021	33	1	0	1	0		SR2_xMSRIGBTA12	SR2 Motorstromrichter IGBT Fehler A012 V612
1021	34	1	0	1	0		SR2_xMSRIGBTA13	SR2 Motorstromrichter IGBT Fehler A013 V612
1021	35	1	0	1	0		SR2_xMSRIGBTA14	SR2 Motorstromrichter IGBT Fehler A014 V612
1021	36	1	0	1	0		SR2_xMSRIGBTA12D	SR2 Motorstromrichter fcsd Durchzuendung A012 U632
1021	37	1	0	1	0		SR2_xMSRIGBTA13D	SR2 Motorstromrichter fcsd Durchzuendung A013 U632
1021	38	1	0	1	0		SR2_xMSRIGBTA14D	SR2 Motorstromrichter fcsd Durchzuendung A014 U632
1021	39	1	0	1	0		SR2_xMSRTempSki	SR2 Motorstromrichter Skiip Uebertemperatur
1021	40	1	0	1	0		SR2_xVLUImax	SR2 VLU Ueberstrom
1021	40	8	0	1	0		SR2_bMSRFaultHig	MSR Fault Byte High
1021	41	1	0	1	0		SR2_xVLUIGBTA11	SR2 VLU IGBT Fehler A011 V612
1021	42	1	0	1	0		SR2_xVLUTempSkii	SR2 VLU Skiip A011 V612 Uebertemperatur
1021	43	1	0	1	0		SR2_xVLUIGBTA11D	SR2 VLU fcsd Durchzuendung A011 V612
1021	44	1	0	1	0		SR2_xVLUIGBTI	SR2 VLU Strom fliesst trotz Modulationsindex =0
1021	45	1	0	1	0		SR2_xVLULoadTH	SR2 VLU Belastung zu hoch
1021	46	1	0	1	0		SR2_xVLUSelfTest	SR2 VLU Self Test Fehler
1021	48	1	0	1	0		SR2_xMSRDCUmax	SR2 Motorstromrichter PEBB DC Ueberspannung
1021	48	8	0	1	0		SR2_bZKFaultLow	ZK Fault Byte Low
1021	49	1	0	1	0		SR2_xHBUDCUmax	SR2 Hilfsbetriebestromrichter PEBB DC Ueberspannung
1021	50	1	0	1	0		SR2_x4QSDCUmax	SR2 Netzstromrichter PEBB DC Ueberspannung
1021	51	1	0	1	0		SR2_xVLUDCUmax	SR2 VLU PEBB DC Ueberspannung
1021	52	1	0	1	0		SR2_xHBUDCAbw	SR2 Hilfsbetriebestromrichter DC Abweichung
1021	54	1	0	1	0		SR2_xDCUmin2	SR2 Unterspannung 2 Zwischenkreis
1021	55	1	0	1	0		SR2_xDCLink33Hz2	SR2 Zwischenkreis 33Hz Rippel zu gross 2
1021	56	1	0	1	0		SR2_xErdschluss	SR2 Erdschluss im HBU oder in Traktionsteil
1021	56	8	0	1	0		SR2_bZKFaultHigh	ZK Fault Byte High
1023	0	1	0	1	0		SR1_xHBUImax	SR1 HBU Ueberstrom
1023	0	8	0	1	0		SR1_bHBUFaultLow	HBU Fault Byte Low
1023	1	1	0	1	0		SR1_xHBUIGBT1	SR1 HBU IGBT Fehler A031 V785 GU1
1023	2	1	0	1	0		SR1_xHBUIGBT2	SR1 HBU IGBT Fehler A031 V785 GU2
1023	3	1	0	1	0		SR1_xHBUIGBT3	SR1 HBU IGBT Fehler A031 V785 GU3
1023	4	1	0	1	0		SR1_xHBUTemp	SR1 HBU Skiip Uebertemperatur
1023	5	1	0	1	0		SR1_xMotTemp	SR1 Fahrmotor Stator Uebertemperatur 2
1023	6	1	0	1	0		SR1_xMotVmax	SR1 Fahrmotor Ueberdrehzahl
1023	7	1	0	1	0		SR1_xMotfmax	SR1 Fahrmotor max. Frequenz ueberschritten
1023	8	8	0	1	0		SR1_bHBUFaultHig	HBU Fault Byte High
1023	16	1	0	1	0		SR1_xOelTempHig1	SR1 Oeltemperatur Transformator Uebertemperatur 2
1023	16	8	0	1	0		SR1_bNSRFaultLow	NSR Fault Byte Low
1023	17	1	0	1	0		SR1_xOelTempHig2	SR1 Oeltemperatur Transformator Uebertemperatur 3
1023	18	1	0	1	0		SR1_xTrafoCopTr2	SR1 Transformator Traktionswicklung Uebertemperatur 2
1023	19	1	0	1	0		SR1_xTrafoCopHV2	SR1 Transformator Hochspannungswicklung Uebertemperatur 2
1023	20	1	0	1	0		SR1_xTrafoCopZS2	SR1 Transformator 400V Wicklung Uebertemperatur 2
1023	21	1	0	1	0		SR1_x4QSImax	SR1 Netzstromrichter Ueberstrom
1023	22	1	0	1	0		SR1_x4QSIGBTA11	SR1 Netzstromrichter IGBT Fehler A011 V611
1023	23	1	0	1	0		SR1_x4QSIGBTA12	SR1 Netzstromrichter IGBT Fehler A012 V611
1023	24	1	0	1	0		SR1_x4QSIGBTA13	SR1 Netzstromrichter IGBT Fehler A013 V611
1023	24	8	0	1	0		SR1_bNSRFaultHig	NSR Fault Byte High
1023	25	1	0	1	0		SR1_x4QSIGBTA14	SR1 Netzstromrichter IGBT Fehler A014 V611
1023	26	1	0	1	0		SR1_x4QSIGBTA11D	SR1 Netzstromrichter fcsd Durchzuendung A011 U631
1023	27	1	0	1	0		SR1_x4QSIGBTA12D	SR1 Netzstromrichter fcsd Durchzuendung A012 U631
1023	28	1	0	1	0		SR1_x4QSIGBTA13D	SR1 Netzstromrichter fcsd Durchzuendung A013 U631
1023	29	1	0	1	0		SR1_x4QSIGBTA14D	SR1 Netzstromrichter fcsd Durchzuendung A014 U631
1023	30	1	0	1	0		SR1_x4QSTempSki	SR1 Netzstromrichter Skiip Uebertemperatur
1023	32	1	0	1	0		SR1_xMSRImax	SR1 Motorstromrichter Ueberstrom
1023	32	8	0	1	0		SR1_bMSRFaultLow	MSR Fault Byte Low
1023	33	1	0	1	0		SR1_xMSRIGBTA12	SR1 Motorstromrichter IGBT Fehler A012 V612
1023	34	1	0	1	0		SR1_xMSRIGBTA13	SR1 Motorstromrichter IGBT Fehler A013 V612
1023	35	1	0	1	0		SR1_xMSRIGBTA14	SR1 Motorstromrichter IGBT Fehler A014 V612
1023	36	1	0	1	0		SR1_xMSRIGBTA12D	SR1 Motorstromrichter fcsd Durchzuendung A012 U632
1023	37	1	0	1	0		SR1_xMSRIGBTA13D	SR1 Motorstromrichter fcsd Durchzuendung A013 U632
1023	38	1	0	1	0		SR1_xMSRIGBTA14D	SR1 Motorstromrichter fcsd Durchzuendung A014 U632
1023	39	1	0	1	0		SR1_xMSRTempSki	SR1 Motorstromrichter Skiip Uebertemperatur
1023	40	1	0	1	0		SR1_xVLUImax	SR1 VLU Ueberstrom
1023	40	8	0	1	0		SR1_bMSRFaultHig	MSR Fault Byte High
1023	41	1	0	1	0		SR1_xVLUIGBTA11	SR1 VLU IGBT Fehler A011 V612
1023	42	1	0	1	0		SR1_xVLUTempSkii	SR1 VLU Skiip A011 V612 Uebertemperatur
1023	43	1	0	1	0		SR1_xVLUIGBTA11D	SR1 VLU fcsd Durchzuendung A011 V612
1023	44	1	0	1	0		SR1_xVLUIGBTI	SR1 VLU Strom fliesst trotz Modulationsindex =0
1023	45	1	0	1	0		SR1_xVLULoadTH	SR1 VLU Belastung zu hoch
1023	46	1	0	1	0		SR1_xVLUSelfTest	SR1 VLU Self Test Fehler
1023	48	1	0	1	0		SR1_xMSRDCUmax	SR1 Motorstromrichter PEBB DC Ueberspannung
1023	48	8	0	1	0		SR1_bZKFaultLow	ZK Fault Byte Low
1023	49	1	0	1	0		SR1_xHBUDCUmax	SR1 Hilfsbetriebestromrichter PEBB DC Ueberspannung
1023	50	1	0	1	0		SR1_x4QSDCUmax	SR1 Netzstromrichter PEBB DC Ueberspannung
1023	51	1	0	1	0		SR1_xVLUDCUmax	SR1 VLU PEBB DC Ueberspannung
1023	52	1	0	1	0		SR1_xHBUDCAbw	SR1 Hilfsbetriebestromrichter DC Abweichung
1023	54	1	0	1	0		SR1_xDCUmin2	SR1 Unterspannung 2 Zwischenkreis
1023	55	1	0	1	0		SR1_xDCLink33Hz2	SR1 Zwischenkreis 33Hz Rippel zu gross 2
1023	56	1	0	1	0		SR1_xErdschluss	SR1 Erdschluss im HBU oder in Traktionsteil
1023	56	8	0	1	0		SR1_bZKFaultHigh	ZK Fault Byte High
1029	0	8	0	1	0		DP_bSig1860	Display Lupe Fahrzeug : Türen Plattform 1 Wagen A Fahrzeug 3
1029	8	8	0	1	0		DP_bSig1864	Display Lupe Fahrzeug : Türen Plattform 2 Wagen A Fahrzeug 3
1029	16	8	0	1	0		DP_bSig1868	Display Lupe Fahrzeug : Türen Plattform 3 Wagen D Fahrzeug 3
1029	24	8	0	1	0		DP_bSig1872	Display Lupe Fahrzeug : Türen Plattform 4 Wagen D Fahrzeug 3
1029	32	8	0	1	0		DP_bSig1876	Display Lupe Fahrzeug : Türen Plattform 5 Wagen C Fahrzeug 3
1029	40	8	0	1	0		DP_bSig1880	Display Lupe Fahrzeug : Türen Plattform 6 Wagen C Fahrzeug 3
1029	48	8	0	1	0		DP_bSig1884	Display Lupe Fahrzeug : Türen Plattform 7 Wagen B Fahrzeug 3
1029	56	8	0	1	0		DP_bSig1888	Display Lupe Fahrzeug : Türen Plattform 8 Wagen B Fahrzeug 3
1030	0	8	0	1	0		DP_bSig1793	Display Heizung/Klima/Lüftung : Gerätezustand Fahrgastraum A
1030	8	8	0	1	0		DP_bSig1796	Display Heizung/Klima/Lüftung : Gerätezustand Fahrgastraum B
1030	16	8	0	1	0		DP_bSig1798	Display Heizung/Klima/Lüftung : Gerätezustand Fahrgastraum C
1030	24	8	0	1	0		DP_bSig1800	Display Heizung/Klima/Lüftung : Gerätezustand Fahrgastraum D
1030	32	8	0	1	0		DP_bSig1791	Display Heizung/Klima/Lüftung : Betriebszustand Klimaanlage A
1030	40	8	0	1	0		DP_bSig1794	Display Heizung/Klima/Lüftung : Betriebszustand Klimaanlage B
1030	48	8	0	1	0		DP_bSig1797	Display Heizung/Klima/Lüftung : Betriebszustand Klimaanlage C
1030	56	8	0	1	0		DP_bSig1799	Display Heizung/Klima/Lüftung : Betriebszustand Klimaanlage D
1031	0	1	0	1	0		DP_xSig2224	Luftfederung in Notlauf Fahrzeug 1
1031	1	1	0	1	0		DP_xSig2225	Luftfederung in Notlauf Fahrzeug 2
1031	2	1	0	1	0		DP_xSig2226	Luftfederung in Notlauf Fahrzeug 3
1031	3	1	0	1	0		DP_xSig2227	Luftfederung in Notlauf Fahrzeug 4
1031	4	1	0	1	0		DP_xSig2020	Tag/Nacht-Umschaltung Display: Tag
1031	5	1	0	1	0		DP_xSig2019	Tag/Nacht-Umschaltung Display: Nacht
1031	8	8	0	1	0		DP_bSig1755	Rückmeldung erfolgreich erhaltener Achsdurchmesser
1031	16	1	0	1	0		DP_xSig2292	Display Werkstattmenue Störstrommonitor : SSM Ein
1031	17	1	0	1	0		DP_xSig2288	Display Werkstattmenue Störstrommonitor : SSM Aus
1031	18	1	0	1	0		DP_xSig2290	Display Werkstattmenue Störstrommonitor : SSM Auslösung
1031	19	1	0	1	0		DP_xSig2294	Display Werkstattmenue Störstrommonitor : SSM Störung
1031	22	1	0	1	0		DP_xSig2021	Display Fahrzeuglupe : Fahrzeug elektrisch gekuppelt Seite 1
1031	23	1	0	1	0		DP_xSig2022	Display Fahrzeuglupe : Fahrzeug elektrisch gekuppelt Seite 2
1031	24	1	0	1	0		DP_xSig2243	Display Fahrzeugübersicht Nothahn Fahrzeug 1
1031	25	1	0	1	0		DP_xSig2244	Display Fahrzeugübersicht Nothahn Fahrzeug 2
1031	26	1	0	1	0		DP_xSig2245	Display Fahrzeugübersicht Nothahn Fahrzeug 3
1031	27	1	0	1	0		DP_xSig2246	Display Fahrzeugübersicht Nothahn Fahrzeug 4
1031	30	1	0	1	0		DP_xSig2242	Display Fahrzeuglupe : Fahrzeug in Notfahrt, sequentiell übertragen
1031	31	1	0	1	0		DP_xSig2003	Bremsniveau reduziert
1031	32	8	0	1	0		DP_bSig1773	Display Fahrzeug Indikator 2
1031	40	8	0	1	0		DP_bSig1896	Display Zustände Federspeicher 1 &amp; 2
1031	48	8	0	1	0		DP_bSig1857	Display Zustände Tuere blockiert mit dem 4-Kant Dienstschalter
1031	56	1	0	1	0		DP_xSig2365	Zugbus Seite 1 in Betrieb
1031	57	1	0	1	0		DP_xSig2368	Zugbus Seite 2 in Betrieb
1031	58	1	0	1	0		DP_xSig2367	Zugbus Seite 1 Störung
1031	59	1	0	1	0		DP_xSig2370	Zugbus Seite 2 Störung
1031	60	1	0	1	0		DP_xSig2366	Zugbus Seite 1 getauft
1031	61	1	0	1	0		DP_xSig2369	Zugbus Seite 2 getauft
1032	0	32	0	1	0	kWh	DP_dwSig1905	Energieverbrauch in Parkstellung in kWh unter 15kV
1032	32	32	0	1	0	kWh	DP_dwSig1906	Energieverbrauch in Parkstellung in kWh unter 25kV
1033	0	16	0	1	0		DP_wSig1935	Software-Version Stromrichter 1
1033	16	16	0	1	0		DP_wSig1936	Software-Version Stromrichter 2
1033	32	16	0	1	0		UMF_wGPSLongitude	Out32..47:
1033	48	8	0	1	0		UMF_bLampenstrom	Lampenstrom &lt; 255.0 = mA*0.1 oder &gt; 255.0 = mA
1033	56	8	0	1	0		UMF_bDienstbelCodierungAnf	Dienstbeleuchtung Codierung gem. Anforderung LED-Lampenstromüberwachung
1038	0	16	0	1	0		SR1_wTimeDay	Time Information from VeC to adjust PEC time
1038	16	16	0	1	0		SR1_wTimeHour	Time Information from VeC to adjust PEC time
1038	32	16	0	1	0		SR1_wTimeMin	Time Information from VeC to adjust PEC time
1038	48	16	0	1	0		SR1_wTimeSec	Time Information from VeC to adjust PEC time
1039	0	16	0	1	0		SR2_wTimeDay	Time Information from VeC to adjust PEC time
1039	16	16	0	1	0		SR2_wTimeHour	Time Information from VeC to adjust PEC time
1039	32	16	0	1	0		SR2_wTimeMin	Time Information from VeC to adjust PEC time
1039	48	16	0	1	0		SR2_wTimeSec	Time Information from VeC to adjust PEC time
1040	0	1	0	1	0		TEL_xTestNBA	Test Notbremsalarmierung aktiv
1040	0	8	0	1	0		TEL_bSignale2	Out00..07:
1040	1	1	0	1	0		TEL_xNothahn_Emergency_Stop	Notbremsschalter (Ackermann + Emergency stop)
1040	2	1	0	1	0		TEL_xAgentUnico	Meldung Agente Unico
1040	3	1	0	1	0		TEL_xBMZgestoert	Meldung Brandmeldezentrale gestört
1040	4	1	0	1	0		TEL_xAbtrennSchnellbrFLGSeite1	Abtrennung Schnellbremsung FLG Seite 1
1040	5	1	0	1	0		TEL_xAbtrennSchnellbrFLGSeite2	Abtrennung Schnellbremsung FLG Seite 2
1040	6	1	0	1	0		TEL_xBestaetSpeicherVoll	Bestätigung Speicher Voll
1040	7	1	0	1	0		TEL_xAbtrennFBV	Abtrennung 7-Stufen Regelung
1040	8	1	0	1	0		TEL_xDirekteBremse	Direkte Bremse angesteuert
1040	8	8	0	1	0		TEL_bSignale3	Out08..15:
1040	9	1	0	1	0		TEL_xFederspeicher	Federspeicherbremse EIN/AUS
1040	10	1	0	1	0		TEL_xFederspeicherIsol	Federspeicherbremse abgetrennt
1040	11	1	0	1	0		TEL_xEBremse	Elektrische Bremse aktiv
1040	12	1	0	1	0		TEL_xGleitschutzAktiv	Gleitschutz aktiv
1040	13	1	0	1	0		TEL_xE243Abgetrennt	Beide Schnellbremsventile abgetrennt
1040	14	1	0	1	0		TEL_xAbtrennSchnellbrSichSteuBes	Abtrennung Schnellbremsung Sicherheitssteuerung Besetzter FR
1040	15	1	0	1	0		TEL_xAbtrennFahrsperrenBesetzt	Abtrennung Fahrsperren Besetzter FR
1040	16	1	0	1	0		TEL_xPantoWagenC	Panto Wagen C angesteuert
1040	16	8	0	1	0		TEL_bSignale4	Out16..23:
1040	17	1	0	1	0		TEL_xPantoWahlCH	Panto CH durch Pantowahlschalter gewählt
1040	18	1	0	1	0		TEL_xPantoWahlI	Panto I durch Pantowahlschalter gewählt
1040	19	1	0	1	0		TEL_xStoerstromSeite1Ausl	Störstrommonitor Seite 1 Auslösung
1040	20	1	0	1	0		TEL_xStoerstromSeite2Ausl	Störstrommonitor Seite 2 Auslösung
1040	21	1	0	1	0		TEL_xAbtrennungVSoll	Abtrennung VSoll der besetzten Seite
1040	23	1	0	1	0		TEL_xStatusLuftFeder	Status der Luftfederung
1040	24	1	0	1	0		TEL_xSteuerstrom	Steuerstrom aktiv (Zug besetzt)
1040	24	8	0	1	0		TEL_bSignale5	Out24..31:
1040	25	1	0	1	0		TEL_xNotfahrt	Notsteuerbetrieb
1040	26	1	0	1	0		TEL_xStatusSS1	Status Schnellschalter Seite 1
1040	27	1	0	1	0		TEL_xStatusSS2	Status Schnellschalter Seite 2
1040	32	32	0	1	0		TEL_dwDP_Zugnummer	Zugnummer ab Eingabe Display
1085	0	8	0	1	0		DB_bLinieNr	Linie Nummer aus dem FIS (nur FLG_B)
1085	8	8	0	1	0		DB_bFzgNrAusTBC	Fahrzeug Nummer aus dem TBC
1085	16	8	0	1	0		DB_bAnzFzgInZug	Anzahl Fahrzeuge im Zugverband aus dem TBC
1085	24	1	0	1	0		DB_xDataValid_LF	Daten gültig zum Übernehmen (Lernfahrt)
1085	25	1	0	1	0		DB_xZugbusOK	Zugbustaufe erfolgt
1085	26	1	0	1	0		DB_xTransTime	Timestamp von Seite A auf Seite B übertragen
1085	27	1	0	1	0		DB_xZBKISKIS	Zugbuskommunikation KIS-KIS
1085	32	8	0	1	0		DB_bLaufrichtung	Laufrichtungssignal aus dem FIS (Zugsnummer gerade=0 ungerade=1)
1086	0	8	0	1	0		DP_bSig1777	Display Lupe Fahrzeug : Status der Kupplung Fahrzeug 1
1086	8	8	0	1	0		DP_bSig1779	Display Lupe Fahrzeug : Status der Kupplung Fahrzeug 2
1086	16	8	0	1	0		DP_bSig1781	Display Lupe Fahrzeug : Status der Kupplung Fahrzeug 3
1086	24	8	0	1	0		DP_bSig1783	Display Lupe Fahrzeug : Status der Kupplung Fahrzeug 4
1086	32	1	0	1	0		DP_xSig2070	Display Lupe Fahrzeug : Störung Klimaanlage Wagen A Fahrzeug 1
1086	33	1	0	1	0		DP_xSig2071	Display Lupe Fahrzeug : Störung Klimaanlage Wagen B Fahrzeug 1
1086	34	1	0	1	0		DP_xSig2072	Display Lupe Fahrzeug : Störung Klimaanlage Wagen C Fahrzeug 1
1086	35	1	0	1	0		DP_xSig2073	Display Lupe Fahrzeug : Störung Klimaanlage Wagen D Fahrzeug 1
1086	36	1	0	1	0		DP_xSig2017	LED Dienstbeleuchtung mit Beleuchtungsmittel 1
1086	37	1	0	1	0		DP_xSig2018	LED Dienstbeleuchtung mit Beleuchtungsmittel 2
1086	38	1	0	1	0		DP_xSig2098	Display Lupe Fahrzeug : Störung Klimaanlage Wagen A Fahrzeug 2
1086	39	1	0	1	0		DP_xSig2100	Display Lupe Fahrzeug : Störung Klimaanlage Wagen B Fahrzeug 2
1086	40	1	0	1	0		DP_xSig2102	Display Lupe Fahrzeug : Störung Klimaanlage Wagen C Fahrzeug 2
1086	41	1	0	1	0		DP_xSig2103	Display Lupe Fahrzeug : Störung Klimaanlage Wagen D Fahrzeug 2
1086	42	1	0	1	0		DP_xSig2099	Display Lupe Fahrzeug : Störung Klimaanlage FR A Fahrzeug 2
1086	43	1	0	1	0		DP_xSig2101	Display Lupe Fahrzeug : Störung Klimaanlage FR B Fahrzeug 2
1086	44	1	0	1	0		DP_xSig2128	Display Lupe Fahrzeug : Störung Klimaanlage Wagen A Fahrzeug 3
1086	45	1	0	1	0		DP_xSig2130	Display Lupe Fahrzeug : Störung Klimaanlage Wagen B Fahrzeug 3
1086	46	1	0	1	0		DP_xSig2132	Display Lupe Fahrzeug : Störung Klimaanlage Wagen C Fahrzeug 3
1086	47	1	0	1	0		DP_xSig2133	Display Lupe Fahrzeug : Störung Klimaanlage Wagen D Fahrzeug 3
1086	48	1	0	1	0		DP_xSig2129	Display Lupe Fahrzeug : Störung Klimaanlage FR A Fahrzeug 3
1086	49	1	0	1	0		DP_xSig2131	Display Lupe Fahrzeug : Störung Klimaanlage FR B Fahrzeug 3
1086	50	1	0	1	0		DP_xSig2158	Display Lupe Fahrzeug : Störung Klimaanlage Wagen A Fahrzeug 4
1086	51	1	0	1	0		DP_xSig2160	Display Lupe Fahrzeug : Störung Klimaanlage Wagen B Fahrzeug 4
1086	52	1	0	1	0		DP_xSig2162	Display Lupe Fahrzeug : Störung Klimaanlage Wagen C Fahrzeug 4
1086	53	1	0	1	0		DP_xSig2163	Display Lupe Fahrzeug : Störung Klimaanlage Wagen D Fahrzeug 4
1086	54	1	0	1	0		DP_xSig2159	Display Lupe Fahrzeug : Störung Klimaanlage FR A Fahrzeug 4
1086	55	1	0	1	0		DP_xSig2161	Display Lupe Fahrzeug : Störung Klimaanlage FR B Fahrzeug 4
1086	56	1	0	1	0		DP_xSig2056	Display Lupe Fahrzeug : Betrieb Klimaanlage Wagen A Fahrzeug 1
1086	57	1	0	1	0		DP_xSig2057	Display Lupe Fahrzeug : Betrieb Klimaanlage Wagen B Fahrzeug 1
1086	58	1	0	1	0		DP_xSig2058	Display Lupe Fahrzeug : Betrieb Klimaanlage Wagen C Fahrzeug 1
1086	59	1	0	1	0		DP_xSig2059	Display Lupe Fahrzeug : Betrieb Klimaanlage Wagen D Fahrzeug 1
1086	62	1	0	1	0		DP_xSig2082	Display Lupe Fahrzeug : Betrieb Klimaanlage Wagen A Fahrzeug 2
1086	63	1	0	1	0		DP_xSig2084	Display Lupe Fahrzeug : Betrieb Klimaanlage Wagen B Fahrzeug 2
1088	0	1	0	1	0		DDS_xSig1635	Sensor 1 Temperatur trock. Trafo defekt
1088	1	1	0	1	0		DDS_xSig1636	Sensor 2 Temperatur trock. Trafo defekt
1088	2	1	0	1	0		DDS_xSig1360	Niveau Trafoöl eigener Wagen hoch
1088	3	1	0	1	0		DDS_xSig1322	Trafo eigener Wagen: kein Öldruck
1088	4	1	0	1	0		DDS_xSig1667	Trafo eigener Wagen: Öl-Übertemperatur
1088	5	1	0	1	0		DDS_xSig1673	Oeldruck eigener Trafo ist zu hoch
1088	6	1	0	1	0		DDS_xSig1362	Warnung: Niveau Trafoöl eigener Wagen tief
1088	7	1	0	1	0		DDS_xSig1361	Niveau Trafoöl eigener Wagen tief
1088	8	1	0	1	0		DDS_xSig1454	Störstrommonitor Wagen A Störung
1088	9	1	0	1	0		DDS_xSig1455	Störstrommonitor Wagen B Störung
1088	10	1	0	1	0		DDS_xSig1452	Störstrommonitor Wagen A aktiv
1088	11	1	0	1	0		DDS_xSig1453	Störstrommonitor Wagen B aktiv
1088	12	1	0	1	0		DDS_xSig1450	Störstrommonitor Wagen A Hauptschalter-Auslösung
1088	13	1	0	1	0		DDS_xSig1451	Störstrommonitor Wagen B Hauptschalter-Auslösung
1088	14	1	0	1	0		DDS_xSig1460	Störstrommonitor Wagen A Test CH
1088	15	1	0	1	0		DDS_xSig1461	Störstrommonitor Wagen B Test CH
1088	16	1	0	1	0		DDS_xSig1458	Störstrommonitor Wagen A Test 42Hz
1088	17	1	0	1	0		DDS_xSig1459	Störstrommonitor Wagen B Test 42Hz
1088	18	1	0	1	0		DDS_xSig1456	Störstrommonitor Wagen A Test 100Hz
1088	19	1	0	1	0		DDS_xSig1457	Störstrommonitor Wagen B Test 100Hz
1088	20	1	0	1	0		DDS_xSig1448	Störstrommonitor Wagen A ist deaktiviert
1088	21	1	0	1	0		DDS_xSig1449	Störstrommonitor Wagen B ist deaktiviert
1088	24	1	0	1	0		DDS_xSig0782	Stromabnehmerwahlschalter Fz1 auf CH
1088	25	1	0	1	0		DDS_xSig0788	Stromabnehmerwahlschalter Fz2 auf CH
1088	26	1	0	1	0		DDS_xSig0794	Stromabnehmerwahlschalter Fz3 auf CH
1088	27	1	0	1	0		DDS_xSig0800	Stromabnehmerwahlschalter Fz4 auf CH
1088	28	1	0	1	0		DDS_xSig0785	Stromabnehmerwahlschalter Fz1 auf IT
1088	29	1	0	1	0		DDS_xSig0791	Stromabnehmerwahlschalter Fz2 auf IT
1088	30	1	0	1	0		DDS_xSig0797	Stromabnehmerwahlschalter Fz3 auf IT
1088	31	1	0	1	0		DDS_xSig0803	Stromabnehmerwahlschalter Fz4 auf IT
1088	32	1	0	1	0		DDS_xSig0783	Stromabnehmerwahlschalter Fz1 auf D
1088	33	1	0	1	0		DDS_xSig0789	Stromabnehmerwahlschalter Fz2 auf D
1088	34	1	0	1	0		DDS_xSig0795	Stromabnehmerwahlschalter Fz3 auf D
1088	35	1	0	1	0		DDS_xSig0801	Stromabnehmerwahlschalter Fz4 auf D
1088	36	1	0	1	0		DDS_xSig0784	Stromabnehmerwahlschalter Fz1 auf F
1088	37	1	0	1	0		DDS_xSig0790	Stromabnehmerwahlschalter Fz2 auf F
1088	38	1	0	1	0		DDS_xSig0796	Stromabnehmerwahlschalter Fz3 auf F
1088	39	1	0	1	0		DDS_xSig0802	Stromabnehmerwahlschalter Fz4 auf F
1088	41	1	0	1	0		DDS_xSig1623	Stromsystem nicht unterstützt
1088	42	1	0	1	0		DDS_xSig0236	LS Fahrmotorventilator ausgelöst
1088	43	1	0	1	0		DDS_xSig0235	LS Kühlturmventilation ausgelöst
1088	45	1	0	1	0		DDS_xSig0233	LS Depotspeisung ausgelöst
1088	46	1	0	1	0		DDS_xSig1241	LS automatische Kupplung ausgelöst
1088	47	1	0	1	0		DDS_xSig1639	LS Trafo Bordnetz ausgelöst
1088	48	1	0	1	0		DDS_xSig0234	LS Kompressor ausgelöst
1088	49	1	0	1	0		DDS_xSig0237	LS Oelpumpe ausgelöst
1088	50	1	0	1	0		DDS_xSig0240	LS Wasserpumpe ausgelöst
1088	51	1	0	1	0		DDS_xSig0239	LS Ventilation Stromrichter 1 ausgelöst
1088	52	1	0	1	0		DDS_xSig0238	LS Steuerstrom ausgelöst
1088	53	1	0	1	0		DDS_xSig1479	LS 36V Speisung Kupplung Seite 1 ausgelöst
1088	54	1	0	1	0		DDS_xSig0314	LS Erdschluss 400V
1088	55	1	0	1	0		DDS_xSig1480	LS 36V Speisung Kupplung Seite 2 ausgelöst
1088	56	1	0	1	0		DDS_xSig1465	Stromabnehmer Schlagschutz angesprochen, Hauptschalter ausgelöst
1088	57	1	0	1	0		DDS_xSig1464	Stromabnehmer CH Schlagschutz angesprochen
1088	58	1	0	1	0		DDS_xSig0223	Panto CH defekt (Schlagschutz)
1088	59	1	0	1	0		DDS_xSig1249	Stromrichter 1 meldet zu hohen Primärstrom
1088	60	1	0	1	0		DDS_xSig1250	Stromrichter 2 meldet zu hohen Primärstrom
1088	61	1	0	1	0		DDS_xSig1248	Stromrichter 1 meldet Primärstrom bei HS Aus
1088	62	1	0	1	0		DDS_xSig1634	Plausibilität Temp. Sensoren trock. Trafo
1088	63	1	0	1	0		DDS_xSig1660	Fehler Lesen Trafo-Typ (Öl/trock.)
1089	0	1	0	1	0		DDS_xSig0981	Gruppenalarm 1 (Stromabnehmer) von Fahrzeug 3 , Stoerung
1089	1	1	0	1	0		DDS_xSig1003	Gruppenalarm 2 (Hauptstrom) von Fahrzeug 3 , Stoerung
1089	2	1	0	1	0		DDS_xSig1025	Gruppenalarm 3 (Stromrichter 1) von Fahrzeug 3 , Stoerung
1089	3	1	0	1	0		DDS_xSig1029	Gruppenalarm 4 (Stromrichter 2) von Fahrzeug 3 , Stoerung
1089	4	1	0	1	0		DDS_xSig1031	Gruppenalarm 5 (Stromrichter 3) von Fahrzeug 3 , Stoerung
1089	5	1	0	1	0		DDS_xSig1033	Gruppenalarm 6 (Stromrichter 4) von Fahrzeug 3 , Stoerung
1089	6	1	0	1	0		DDS_xSig1035	Gruppenalarm 7 (Pneumatik) von Fahrzeug 3 , Stoerung
1089	7	1	0	1	0		DDS_xSig1037	Gruppenalarm 8 (Gleitschutz) von Fahrzeug 3 , Stoerung
1089	8	1	0	1	0		DDS_xSig1039	Gruppenalarm 9 (Hilfsbetriebe) von Fahrzeug 3 , Stoerung
1089	9	1	0	1	0		DDS_xSig0961	Gruppenalarm 10 (Bremsen) von Fahrzeug 3 , Stoerung
1089	10	1	0	1	0		DDS_xSig0963	Gruppenalarm 11 (Leittechnik) von Fahrzeug 3 , Stoerung
1089	11	1	0	1	0		DDS_xSig0965	Gruppenalarm 12 (Klimaanlage Wagen A, Endwagen 1) von Fahrzeug 3 , Stoerung
1089	12	1	0	1	0		DDS_xSig0967	Gruppenalarm 13 (Klimaanlage Wagen B, Endwagen 2) von Fahrzeug 3 , Stoerung
1089	13	1	0	1	0		DDS_xSig0969	Gruppenalarm 14 (Klimaanlage Wagen C, Mittelwagen) von Fahrzeug 3 , Stoerung
1089	14	1	0	1	0		DDS_xSig0971	Gruppenalarm 15 (Klimaanlage Wagen D) von Fahrzeug 3 , Stoerung
1089	15	1	0	1	0		DDS_xSig0973	Gruppenalarm 16 (Klimaanlage Wagen E) von Fahrzeug 3 , Stoerung
1089	16	1	0	1	0		DDS_xSig0975	Gruppenalarm 17 (Klimaanlage Wagen F) von Fahrzeug 3 , Stoerung
1089	17	1	0	1	0		DDS_xSig0977	Gruppenalarm 18 (Türen/Tritte Wagen A, Endwagen 1) von Fahrzeug 3 , Stoerung
1089	18	1	0	1	0		DDS_xSig0979	Gruppenalarm 19 (Türen/Tritte Wagen B, Endwagen 2) von Fahrzeug 3 , Stoerung
1089	19	1	0	1	0		DDS_xSig0983	Gruppenalarm 20 (Türen/Tritte Wagen C, Mittelwagen) von Fahrzeug 3 , Stoerung
1089	20	1	0	1	0		DDS_xSig0985	Gruppenalarm 21 (Türen/Tritte Wagen D) von Fahrzeug 3 , Stoerung
1089	21	1	0	1	0		DDS_xSig0987	Gruppenalarm 22 (Türen/Tritte Wagen E) von Fahrzeug 3 , Stoerung
1089	22	1	0	1	0		DDS_xSig0989	Gruppenalarm 23 (Türen/Tritte Wagen F) von Fahrzeug 3 , Stoerung
1089	23	1	0	1	0		DDS_xSig0991	Gruppenalarm 24 (WC)  von Fahrzeug 3 , Stoerung
1089	24	1	0	1	0		DDS_xSig1072	Gruppenalarm 1 (Stromabnehmer) von Fahrzeug 4 , Stoerung
1089	25	1	0	1	0		DDS_xSig1094	Gruppenalarm 2 (Hauptstrom) von Fahrzeug 4 , Stoerung
1089	26	1	0	1	0		DDS_xSig1116	Gruppenalarm 3 (Stromrichter 1) von Fahrzeug 4 , Stoerung
1089	27	1	0	1	0		DDS_xSig1120	Gruppenalarm 4 (Stromrichter 2) von Fahrzeug 4 , Stoerung
1089	28	1	0	1	0		DDS_xSig1122	Gruppenalarm 5 (Stromrichter 3) von Fahrzeug 4 , Stoerung
1089	29	1	0	1	0		DDS_xSig1124	Gruppenalarm 6 (Stromrichter 4) von Fahrzeug 4 , Stoerung
1089	30	1	0	1	0		DDS_xSig1126	Gruppenalarm 7 (Pneumatik) von Fahrzeug 4 , Stoerung
1089	31	1	0	1	0		DDS_xSig1128	Gruppenalarm 8 (Gleitschutz) von Fahrzeug 4 , Stoerung
1089	32	1	0	1	0		DDS_xSig1130	Gruppenalarm 9 (Hilfsbetriebe) von Fahrzeug 4 , Stoerung
1089	33	1	0	1	0		DDS_xSig1052	Gruppenalarm 10 (Bremsen) von Fahrzeug 4 , Stoerung
1089	34	1	0	1	0		DDS_xSig1054	Gruppenalarm 11 (Leittechnik) von Fahrzeug 4 , Stoerung
1089	35	1	0	1	0		DDS_xSig1056	Gruppenalarm 12 (Klimaanlage Wagen A, Endwagen 1) von Fahrzeug 4 , Stoerung
1089	36	1	0	1	0		DDS_xSig1058	Gruppenalarm 13 (Klimaanlage Wagen B, Endwagen 2) von Fahrzeug 4 , Stoerung
1089	37	1	0	1	0		DDS_xSig1060	Gruppenalarm 14 (Klimaanlage Wagen C, Mittelwagen) von Fahrzeug 4 , Stoerung
1089	38	1	0	1	0		DDS_xSig1062	Gruppenalarm 15 (Klimaanlage Wagen D) von Fahrzeug 4 , Stoerung
1089	39	1	0	1	0		DDS_xSig1064	Gruppenalarm 16 (Klimaanlage Wagen E) von Fahrzeug 4 , Stoerung
1089	40	1	0	1	0		DDS_xSig1066	Gruppenalarm 17 (Klimaanlage Wagen F) von Fahrzeug 4 , Stoerung
1089	41	1	0	1	0		DDS_xSig1068	Gruppenalarm 18 (Türen/Tritte Wagen A, Endwagen 1) von Fahrzeug 4 , Stoerung
1089	42	1	0	1	0		DDS_xSig1070	Gruppenalarm 19 (Türen/Tritte Wagen B, Endwagen 2) von Fahrzeug 4 , Stoerung
1089	43	1	0	1	0		DDS_xSig1074	Gruppenalarm 20 (Türen/Tritte Wagen C, Mittelwagen) von Fahrzeug 4 , Stoerung
1089	44	1	0	1	0		DDS_xSig1076	Gruppenalarm 21 (Türen/Tritte Wagen D) von Fahrzeug 4 , Stoerung
1089	45	1	0	1	0		DDS_xSig1078	Gruppenalarm 22 (Türen/Tritte Wagen E) von Fahrzeug 4 , Stoerung
1089	46	1	0	1	0		DDS_xSig1080	Gruppenalarm 23 (Türen/Tritte Wagen F) von Fahrzeug 4 , Stoerung
1089	47	1	0	1	0		DDS_xSig1082	Gruppenalarm 24 (WC)  von Fahrzeug 4 , Stoerung
1090	0	1	0	1	0		DDS_xSig1335	Schalter Not Aus der Zentralverriegelung betätigt Kupplung 1
1090	1	1	0	1	0		DDS_xSig1336	Schalter Not Aus der Zentralverriegelung betätigt Kupplung 2
1090	2	1	0	1	0		DDS_xSig1593	CAN-Kommunikationsstörung zum Teloc
1090	8	1	0	1	0		DDS_xSig0202	Schiebetritt-Datenbank : Betriebspunkt nicht in Datenbank
1090	9	1	0	1	0		DDS_xSig1289	Schiebetritt-Datenbank : Linie Nummer nicht in Datenbank
1090	10	1	0	1	0		DDS_xSig1139	Schiebetritt-Datenbank : Linie und Fahrzeug Nummer nicht in Datenbank
1090	11	1	0	1	0		DDS_xSig0161	Schiebetritt-Ausfahrt auf Standard-Länge
1090	14	1	0	1	0		DDS_xSig0172	Ausfall Slave-FLG Notfahrt
1090	15	1	0	1	0		DDS_xSig0171	Ausfall Master-FLG Notfahrt
1090	16	1	0	1	0		DDS_xSig1741	Zentralverriegelung ausgeschaltet
1090	17	1	0	1	0		DDS_xSig1742	Zentralverriegelung eingeschaltet
1090	18	1	0	1	0		DDS_xSig1462	Hauptsicherung Steuerstrom Wagen A aus
1090	19	1	0	1	0		DDS_xSig1492	Zug bereits besetzt
1090	21	1	0	1	0		DDS_xSig1491	Anderer FR wurde aufgerüstet Mischtraktion
1090	22	1	0	1	0		DDS_xSig1463	Hauptsicherung Steuerstrom Wagen B aus
1090	23	1	0	1	0		DDS_xSig1490	Anderer FR wurde aufgerüstet
1090	24	1	0	1	0		DDS_xSig1282	Leittechnik Reset aktiv
1090	26	1	0	1	0		DDS_xSig1284	Leittechnik-Reset nicht erlaubt
1090	27	1	0	1	0		DDS_xSig0241	CPU Schiebetritt ausgefallen (Time-Transfer)
1090	28	1	0	1	0		DDS_xSig0719	Fahrzeugplattform als Zeitgeber ausgefallen
1090	29	1	0	1	0		DDS_xSig1247	Meldung Batterie FLG naehert sich am Lebensende
1090	30	1	0	1	0		DDS_xSig1252	KIS als Zeitgeber ausgefallen
1090	31	1	0	1	0		DDS_xSig0253	Doppelmaster auf geführtem Fahrzeug detektiert
1090	32	1	0	1	0		DDS_xSig1481	Sperrung Master-Funktion auf geführten Fahrzeug wegen Ausfall TBC auf führendem Fahrzeug
1090	34	1	0	1	0		DDS_xSig0162	Display am andere FLG ist ausgefallen, oder Unterbruch in der Diagnoseleitung
1090	35	1	0	1	0		DDS_xSig0316	Display Diagnoseleitung unterbrochen
1090	36	1	0	1	0		DDS_xSig1281	Leittechnik wurde eingeschaltet, FLG und Display bereit
1090	37	1	0	1	0		DDS_xSig1277	Leittechnik wird ausgeschaltet
1090	38	1	0	1	0		DDS_xSig1666	Uebertemperatur Diagnose-Terminal FR FLGB:FR1, FLG A:FR2
1090	39	1	0	1	0		DDS_xSig1423	Reboot der Leittechnik erforderlich
1090	40	1	0	1	0		DDS_xSig1568	Fehler PWM Modul Ansteuerung Pos 426.4/1
1090	41	1	0	1	0		DDS_xSig1569	Fehler PWM Modul Ansteuerung Pos 426.4/2
1090	42	1	0	1	0		DDS_xSig1570	Fehler PWM Modul Ansteuerung Pos 427.2/1
1090	43	1	0	1	0		DDS_xSig1571	Fehler PWM Modul Ansteuerung Pos 427.2/2
1090	44	1	0	1	0		DDS_xSig1572	Fehler PWM Modul Ansteuerung Pos 428.4:
1090	45	1	0	1	0		DDS_xSig1573	Fehler PWM Modul Ansteuerung Pos 429.2
1090	46	1	0	1	0		DDS_xSig1279	Flirt III im Zugverband : Abrüsten unwideruflich
1090	47	1	0	1	0		DDS_xSig1280	Flirt III im Zugverband : IBS-Schalter auf 0 bringen für gemeinsames Ausschalten
1090	48	1	0	1	0		DDS_xSig0165	Ausfall FLG A Fahrzeug 3
1090	49	1	0	1	0		DDS_xSig0168	Ausfall FLG B Fahrzeug 3
1090	50	1	0	1	0		DDS_xSig0166	Ausfall FLG A Fahrzeug 4
1090	51	1	0	1	0		DDS_xSig0169	Ausfall FLG B Fahrzeug 4
1090	52	1	0	1	0		DDS_xSig0167	Ausfall FLG B Fahrzeug 2
1090	53	1	0	1	0		DDS_xSig0164	Ausfall FLG B Fahrzeug 2
1090	54	1	0	1	0		DDS_xSig1743	Zug ist besetzt
1090	55	1	0	1	0		DDS_xSig1744	Zug ist nicht mehr besetzt
1090	56	1	0	1	0		DDS_xSig1625	Fehler Ethernet-Switch Wagen A oder B
1090	57	1	0	1	0		DDS_xSig1626	Fehler Ethernet-Switch Wagen C oder D
1090	58	1	0	1	0		DDS_xSig0196	Lastmanagement von FZPF angefordert
1090	59	1	0	1	0		DDS_xSig1487	Sperre Lastmanagement aktiv
1090	60	1	0	1	0		DDS_xSig1486	Sperre Lastmanagement da Signal zu lange ansteht
1090	61	1	0	1	0		DDS_LastmanagementEin	Lastmanagement wird ausgeführt
1090	62	1	0	1	0		DDS_xSig1278	Warnung LT-Aus bei nicht erfolgreichem Einlegen der Parkstellung
1091	14	1	0	1	0		DDS_xSig1633	Fahrzeugtaufe wird automatisch wiederholt
1091	15	1	0	1	0		DDS_xSig0007	Mehr als 3 Fahrzeuge im Zugverband
1091	16	1	0	1	0		DDS_xSig1498	Stoerung Gleitschutztest Achse 1 Fahrzeug 1
1091	17	1	0	1	0		DDS_xSig1502	Stoerung Gleitschutztest Achse 2 Fahrzeug 1
1091	18	1	0	1	0		DDS_xSig1506	Stoerung Gleitschutztest Achse 3 Fahrzeug 1
1091	19	1	0	1	0		DDS_xSig1510	Stoerung Gleitschutztest Achse 4 Fahrzeug 1
1091	20	1	0	1	0		DDS_xSig1514	Stoerung Gleitschutztest Achse 5 Fahrzeug 1
1091	21	1	0	1	0		DDS_xSig1518	Stoerung Gleitschutztest Achse 6 Fahrzeug 1
1091	22	1	0	1	0		DDS_xSig1522	Stoerung Gleitschutztest Achse 7 Fahrzeug 1
1091	23	1	0	1	0		DDS_xSig1526	Stoerung Gleitschutztest Achse 8 Fahrzeug 1
1091	24	1	0	1	0		DDS_xSig1530	Stoerung Gleitschutztest Achse 9 Fahrzeug 1
1091	25	1	0	1	0		DDS_xSig1494	Stoerung Gleitschutztest Achse 10 Fahrzeug 1
1091	26	1	0	1	0		DDS_xSig1499	Stoerung Gleitschutztest Achse 1 Fahrzeug 2
1091	27	1	0	1	0		DDS_xSig1503	Stoerung Gleitschutztest Achse 2 Fahrzeug 2
1091	28	1	0	1	0		DDS_xSig1507	Stoerung Gleitschutztest Achse 3 Fahrzeug 2
1091	29	1	0	1	0		DDS_xSig1511	Stoerung Gleitschutztest Achse 4 Fahrzeug 2
1091	30	1	0	1	0		DDS_xSig1515	Stoerung Gleitschutztest Achse 5 Fahrzeug 2
1091	31	1	0	1	0		DDS_xSig1519	Stoerung Gleitschutztest Achse 6 Fahrzeug 2
1091	32	1	0	1	0		DDS_xSig1523	Stoerung Gleitschutztest Achse 7 Fahrzeug 2
1091	33	1	0	1	0		DDS_xSig1527	Stoerung Gleitschutztest Achse 8 Fahrzeug 2
1091	34	1	0	1	0		DDS_xSig1531	Stoerung Gleitschutztest Achse 9 Fahrzeug 2
1091	35	1	0	1	0		DDS_xSig1495	Stoerung Gleitschutztest Achse 10 Fahrzeug 2
1091	36	1	0	1	0		DDS_xSig1500	Stoerung Gleitschutztest Achse 1 Fahrzeug 3
1091	37	1	0	1	0		DDS_xSig1504	Stoerung Gleitschutztest Achse 2 Fahrzeug 3
1091	38	1	0	1	0		DDS_xSig1508	Stoerung Gleitschutztest Achse 3 Fahrzeug 3
1091	39	1	0	1	0		DDS_xSig1512	Stoerung Gleitschutztest Achse 4 Fahrzeug 3
1091	40	1	0	1	0		DDS_xSig1516	Stoerung Gleitschutztest Achse 5 Fahrzeug 3
1091	41	1	0	1	0		DDS_xSig1520	Stoerung Gleitschutztest Achse 6 Fahrzeug 3
1091	42	1	0	1	0		DDS_xSig1524	Stoerung Gleitschutztest Achse 7 Fahrzeug 3
1091	43	1	0	1	0		DDS_xSig1528	Stoerung Gleitschutztest Achse 8 Fahrzeug 3
1091	44	1	0	1	0		DDS_xSig1532	Stoerung Gleitschutztest Achse 9 Fahrzeug 3
1091	45	1	0	1	0		DDS_xSig1496	Stoerung Gleitschutztest Achse 10 Fahrzeug 3
1091	46	1	0	1	0		DDS_xSig1501	Stoerung Gleitschutztest Achse 1 Fahrzeug 4
1091	47	1	0	1	0		DDS_xSig1505	Stoerung Gleitschutztest Achse 2 Fahrzeug 4
1091	48	1	0	1	0		DDS_xSig1509	Stoerung Gleitschutztest Achse 3 Fahrzeug 4
1091	49	1	0	1	0		DDS_xSig1513	Stoerung Gleitschutztest Achse 4 Fahrzeug 4
1091	50	1	0	1	0		DDS_xSig1517	Stoerung Gleitschutztest Achse 5 Fahrzeug 4
1091	51	1	0	1	0		DDS_xSig1521	Stoerung Gleitschutztest Achse 6 Fahrzeug 4
1091	52	1	0	1	0		DDS_xSig1525	Stoerung Gleitschutztest Achse 7 Fahrzeug 4
1091	53	1	0	1	0		DDS_xSig1529	Stoerung Gleitschutztest Achse 8 Fahrzeug 4
1091	54	1	0	1	0		DDS_xSig1533	Stoerung Gleitschutztest Achse 9 Fahrzeug 4
1091	55	1	0	1	0		DDS_xSig1497	Stoerung Gleitschutztest Achse 10 Fahrzeug 4
1091	56	1	0	1	0		DDS_xSig0008	Mehr als 4 Fahrzeuge im Zugverband
1091	57	1	0	1	0		DDS_xSig1176	Kommunikationsverbindung zwischen Fahrzeugleitgeräten ausgefallen
1091	58	1	0	1	0		DDS_xSig1684	Unvollständige Zugbustaufe und Wiederholung der Taufe bei mehr als 2 Fahrzeugen
1091	59	1	0	1	0		DDS_xSig1685	Unvollständige Zugbustaufe und Wiederholung der Taufe bei mehr als 3 Fahrzeugen
1091	60	1	0	1	0		DDS_xSig0864	Stoerung Notführerbremsventil Fahrzeug 1
1091	61	1	0	1	0		DDS_xSig0954	Stoerung Notführerbremsventil Fahrzeug 2
1091	62	1	0	1	0		DDS_xSig1045	Stoerung Notführerbremsventil Fahrzeug 3
1091	63	1	0	1	0		DDS_xSig1136	Stoerung Notführerbremsventil Fahrzeug 4
1092	0	1	0	1	0		DDS_xSig0665	Störung Türe 1 Links Fahrzeug 2
1092	1	1	0	1	0		DDS_xSig0668	Störung Türe 1 Rechts Fahrzeug 2
1092	2	1	0	1	0		DDS_xSig0671	Störung Türe 2 Links Fahrzeug 2
1092	3	1	0	1	0		DDS_xSig0674	Störung Türe 2 Rechts Fahrzeug 2
1092	4	1	0	1	0		DDS_xSig0677	Störung Türe 3 Links Fahrzeug 2
1092	5	1	0	1	0		DDS_xSig0680	Störung Türe 3 Rechts Fahrzeug 2
1092	6	1	0	1	0		DDS_xSig0683	Störung Türe 4 Links Fahrzeug 2
1092	7	1	0	1	0		DDS_xSig0686	Störung Türe 4 Rechts Fahrzeug 2
1092	8	1	0	1	0		DDS_xSig0689	Störung Türe 5 Links Fahrzeug 2
1092	9	1	0	1	0		DDS_xSig0692	Störung Türe 5 Rechts Fahrzeug 2
1092	10	1	0	1	0		DDS_xSig0695	Störung Türe 6 Links Fahrzeug 2
1092	11	1	0	1	0		DDS_xSig0698	Störung Türe 6 Rechts Fahrzeug 2
1092	12	1	0	1	0		DDS_xSig0701	Störung Türe 7 Links Fahrzeug 2
1092	13	1	0	1	0		DDS_xSig0704	Störung Türe 7 Rechts Fahrzeug 2
1092	14	1	0	1	0		DDS_xSig0707	Störung Türe 8 Links Fahrzeug 2
1092	15	1	0	1	0		DDS_xSig0710	Störung Türe 8 Rechts Fahrzeug 2
1092	16	1	0	1	0		DDS_xSig0467	Türe 1 Links Fahrzeug 2 abgetrennt
1092	17	1	0	1	0		DDS_xSig0470	Türe 1 Rechts Fahrzeug 2 abgetrennt
1092	18	1	0	1	0		DDS_xSig0473	Türe 2 Links Fahrzeug 2 abgetrennt
1092	19	1	0	1	0		DDS_xSig0476	Türe 2 Rechts Fahrzeug 2 abgetrennt
1092	20	1	0	1	0		DDS_xSig0479	Türe 3 Links Fahrzeug 2 abgetrennt
1092	21	1	0	1	0		DDS_xSig0482	Türe 3 Rechts Fahrzeug 2 abgetrennt
1092	22	1	0	1	0		DDS_xSig0485	Türe 4 Links Fahrzeug 2 abgetrennt
1092	23	1	0	1	0		DDS_xSig0488	Türe 4 Rechts Fahrzeug 2 abgetrennt
1092	24	1	0	1	0		DDS_xSig0491	Türe 5 Links Fahrzeug 2 abgetrennt
1092	25	1	0	1	0		DDS_xSig0494	Türe 5 Rechts Fahrzeug 2 abgetrennt
1092	26	1	0	1	0		DDS_xSig0497	Türe 6 Links Fahrzeug 2 abgetrennt
1092	27	1	0	1	0		DDS_xSig0500	Türe 6 Rechts Fahrzeug 2 abgetrennt
1092	28	1	0	1	0		DDS_xSig0503	Türe 7 Links Fahrzeug 2 abgetrennt
1092	29	1	0	1	0		DDS_xSig0506	Türe 7 Rechts Fahrzeug 2 abgetrennt
1092	30	1	0	1	0		DDS_xSig0509	Türe 8 Links Fahrzeug 2 abgetrennt
1092	31	1	0	1	0		DDS_xSig0512	Türe 8 Rechts Fahrzeug 2 abgetrennt
1092	32	1	0	1	0		DDS_xSig0569	Störung Tritt 1 Links Fahrzeug 2
1092	33	1	0	1	0		DDS_xSig0572	Störung Tritt 1 Rechts Fahrzeug 2
1092	34	1	0	1	0		DDS_xSig0575	Störung Tritt 2 Links Fahrzeug 2
1092	35	1	0	1	0		DDS_xSig0578	Störung Tritt 2 Rechts Fahrzeug 2
1092	36	1	0	1	0		DDS_xSig0581	Störung Tritt 3 Links Fahrzeug 2
1092	37	1	0	1	0		DDS_xSig0584	Störung Tritt 3 Rechts Fahrzeug 2
1092	38	1	0	1	0		DDS_xSig0587	Störung Tritt 4 Links Fahrzeug 2
1092	39	1	0	1	0		DDS_xSig0590	Störung Tritt 4 Rechts Fahrzeug 2
1092	40	1	0	1	0		DDS_xSig0593	Störung Tritt 5 Links Fahrzeug 2
1092	41	1	0	1	0		DDS_xSig0596	Störung Tritt 5 Rechts Fahrzeug 2
1092	42	1	0	1	0		DDS_xSig0599	Störung Tritt 6 Links Fahrzeug 2
1092	43	1	0	1	0		DDS_xSig0602	Störung Tritt 6 Rechts Fahrzeug 2
1092	44	1	0	1	0		DDS_xSig0605	Störung Tritt 7 Links Fahrzeug 2
1092	45	1	0	1	0		DDS_xSig0608	Störung Tritt 7 Rechts Fahrzeug 2
1092	46	1	0	1	0		DDS_xSig0611	Störung Tritt 8 Links Fahrzeug 2
1092	47	1	0	1	0		DDS_xSig0614	Störung Tritt 8 Rechts Fahrzeug 2
1092	48	1	0	1	0		DDS_xSig0371	Tritt 1 Links Fahrzeug 2 abgetrennt
1092	49	1	0	1	0		DDS_xSig0374	Tritt 1 Rechts Fahrzeug 2 abgetrennt
1092	50	1	0	1	0		DDS_xSig0377	Tritt 2 Links Fahrzeug 2 abgetrennt
1092	51	1	0	1	0		DDS_xSig0380	Tritt 2 Rechts Fahrzeug 2 abgetrennt
1092	52	1	0	1	0		DDS_xSig0383	Tritt 3 Links Fahrzeug 2 abgetrennt
1092	53	1	0	1	0		DDS_xSig0386	Tritt 3 Rechts Fahrzeug 2 abgetrennt
1092	54	1	0	1	0		DDS_xSig0389	Tritt 4 Links Fahrzeug 2 abgetrennt
1092	55	1	0	1	0		DDS_xSig0392	Tritt 4 Rechts Fahrzeug 2 abgetrennt
1092	56	1	0	1	0		DDS_xSig0395	Tritt 5 Links Fahrzeug 2 abgetrennt
1092	57	1	0	1	0		DDS_xSig0398	Tritt 5 Rechts Fahrzeug 2 abgetrennt
1092	58	1	0	1	0		DDS_xSig0401	Tritt 6 Links Fahrzeug 2 abgetrennt
1092	59	1	0	1	0		DDS_xSig0404	Tritt 6 Rechts Fahrzeug 2 abgetrennt
1092	60	1	0	1	0		DDS_xSig0407	Tritt 7 Links Fahrzeug 2 abgetrennt
1092	61	1	0	1	0		DDS_xSig0410	Tritt 7 Rechts Fahrzeug 2 abgetrennt
1092	62	1	0	1	0		DDS_xSig0413	Tritt 8 Links Fahrzeug 2 abgetrennt
1092	63	1	0	1	0		DDS_xSig0416	Tritt 8 Rechts Fahrzeug 2 abgetrennt
1093	0	1	0	1	0		DDS_xSig0421	
1093	1	1	0	1	0		DDS_xSig0331	
1093	2	1	0	1	0		DDS_xSig0337	
1093	3	1	0	1	0		DDS_xSig0343	
1093	4	1	0	1	0		DDS_xSig0349	
1093	5	1	0	1	0		DDS_xSig0355	
1093	6	1	0	1	0		DDS_xSig0361	
1093	7	1	0	1	0		DDS_xSig0367	
1093	8	1	0	1	0		DDS_xSig0424	
1093	9	1	0	1	0		DDS_xSig0334	
1093	10	1	0	1	0		DDS_xSig0340	
1093	11	1	0	1	0		DDS_xSig0346	
1093	12	1	0	1	0		DDS_xSig0352	
1093	13	1	0	1	0		DDS_xSig0358	
1093	14	1	0	1	0		DDS_xSig0364	
1093	15	1	0	1	0		DDS_xSig0370	
1093	16	1	0	1	0		DDS_xSig1084	
1093	17	1	0	1	0		DDS_xSig1083	
1093	18	1	0	1	0		DDS_xSig1086	
1093	19	1	0	1	0		DDS_xSig1085	
1093	20	1	0	1	0		DDS_xSig1088	
1093	21	1	0	1	0		DDS_xSig1087	
1093	22	1	0	1	0		DDS_xSig1090	
1093	23	1	0	1	0		DDS_xSig1089	
1093	24	1	0	1	0		DDS_xSig1092	
1093	25	1	0	1	0		DDS_xSig1091	
1093	26	1	0	1	0		DDS_xSig1096	
1093	27	1	0	1	0		DDS_xSig1095	
1093	28	1	0	1	0		DDS_xSig1098	
1093	29	1	0	1	0		DDS_xSig1097	
1093	30	1	0	1	0		DDS_xSig1100	
1093	31	1	0	1	0		DDS_xSig1099	
1093	32	1	0	1	0		DDS_xSig1102	
1093	33	1	0	1	0		DDS_xSig1101	
1093	34	1	0	1	0		DDS_xSig1104	
1093	35	1	0	1	0		DDS_xSig1103	
1093	36	1	0	1	0		DDS_xSig1106	
1093	37	1	0	1	0		DDS_xSig1105	
1093	38	1	0	1	0		DDS_xSig1108	
1093	39	1	0	1	0		DDS_xSig1107	
1093	40	1	0	1	0		DDS_xSig1110	
1093	41	1	0	1	0		DDS_xSig1109	
1093	42	1	0	1	0		DDS_xSig1112	
1093	43	1	0	1	0		DDS_xSig1111	
1093	44	1	0	1	0		DDS_xSig1114	
1093	45	1	0	1	0		DDS_xSig1113	
1093	46	1	0	1	0		DDS_xSig1118	
1093	47	1	0	1	0		DDS_xSig1117	
1093	48	1	0	1	0		DDS_xSig0420	
1093	49	1	0	1	0		DDS_xSig0330	
1093	50	1	0	1	0		DDS_xSig0336	
1093	51	1	0	1	0		DDS_xSig0342	
1093	52	1	0	1	0		DDS_xSig0348	
1093	53	1	0	1	0		DDS_xSig0354	
1093	54	1	0	1	0		DDS_xSig0360	
1093	55	1	0	1	0		DDS_xSig0366	
1093	56	1	0	1	0		DDS_xSig0423	
1093	57	1	0	1	0		DDS_xSig0333	
1093	58	1	0	1	0		DDS_xSig0339	
1093	59	1	0	1	0		DDS_xSig0345	
1093	60	1	0	1	0		DDS_xSig0351	
1093	61	1	0	1	0		DDS_xSig0357	
1093	62	1	0	1	0		DDS_xSig0363	
1093	63	1	0	1	0		DDS_xSig0369	
1138	0	1	0	1	0		DDS_xSig0043	Information Werkstatt : Zaehler Achsgeschwindigkeit eingefroren &gt; 1 , Achse 1
1138	1	1	0	1	0		DDS_xSig0045	Information Werkstatt : Zaehler Achsgeschwindigkeit eingefroren &gt; 1 , Achse 2
1138	2	1	0	1	0		DDS_xSig0046	Information Werkstatt : Zaehler Achsgeschwindigkeit eingefroren &gt; 1 , Achse 3
1138	3	1	0	1	0		DDS_xSig0047	Information Werkstatt : Zaehler Achsgeschwindigkeit eingefroren &gt; 1 , Achse 4
1138	4	1	0	1	0		DDS_xSig0048	Information Werkstatt : Zaehler Achsgeschwindigkeit eingefroren &gt; 1 , Achse 5
1138	5	1	0	1	0		DDS_xSig0042	Information Lokführer : Achsgeschwindigkeit eingefroren
1138	6	1	0	1	0		DDS_xSig1421	Eingefroren detektierte Achsgeschwindigkeiten werden zurückgesetzt (zur Laufzeit, ohne Neustart)
1138	7	1	0	1	0		DDS_xSig1422	DDS und Zaehler eingefrorener Achsgeschwindigkeiten werden zurückgesetzt
1138	8	8	0	1	0		UMF_bZaehlerAchseFrier1	Zaehler Achsgeschwindigkeit eingefroren, Achse 1
1138	16	8	0	1	0		UMF_bZaehlerAchseFrier2	Zaehler Achsgeschwindigkeit eingefroren, Achse 2
1138	24	8	0	1	0		UMF_bZaehlerAchseFrier3	Zaehler Achsgeschwindigkeit eingefroren, Achse 3
1138	32	8	0	1	0		UMF_bZaehlerAchseFrier4	Zaehler Achsgeschwindigkeit eingefroren, Achse 4
1138	40	8	0	1	0		UMF_bZaehlerAchseFrier5	Zaehler Achsgeschwindigkeit eingefroren, Achse 5
1138	48	1	0	1	0		DDS_xSig0032	Abtrennung Federspeicher Fahrzeug 1
1138	49	1	0	1	0		DDS_xSig0033	Abtrennung Federspeicher Fahrzeug 2
1138	50	1	0	1	0		DDS_xSig0034	Abtrennung Federspeicher Fahrzeug 3
1138	51	1	0	1	0		DDS_xSig0035	Abtrennung Federspeicher Fahrzeug 4
1138	52	1	0	1	0		DDS_xSig1334	WNBA-Test blockiert nach Brand
1141	0	1	0	1	0		DDS_xSig1489	Störung Abschleppen
1141	1	1	0	1	0		DDS_xSig1466	Schleppfahrt aktiv Seite 1
1141	2	1	0	1	0		DDS_xSig0027	Abschlepphahn Seite A  in Stellung Schleppfahrt
1141	3	1	0	1	0		DDS_xSig0028	Abschlepphahn Seite B  in Stellung Schleppfahrt
1141	4	1	0	1	0		DDS_xSig1467	Schleppfahrt aktiv Seite 2
1141	8	1	0	1	0		DDS_xSig1493	Steuerwagenbetrieb auf führendem Fahrzeug
1141	26	1	0	1	0		DDS_xSig0311	Entkupplung ohne Parkstellung
1141	27	1	0	1	0		DDS_xSig0310	Entkupplung mit eingelegter Fahrrichtung
1141	28	1	0	1	0		DDS_xSig0309	Entkuppeln von diesem FR nicht unterstützt
1141	29	1	0	1	0		DDS_xSig1260	Entkuppeln nicht möglich, da Parkbremse des abzukoppelnden Fahrzeugs 2 abgetrennt ist
1141	30	1	0	1	0		DDS_xSig1261	Entkuppeln nicht möglich, da Parkbremse des abzukoppelnden Fahrzeugs 3 abgetrennt ist
1141	31	1	0	1	0		DDS_xSig1262	Entkuppeln nicht möglich, da Parkbremse des abzukoppelnden Fahrzeugs 4 abgetrennt ist
1141	32	1	0	1	0		DDS_xSig1263	Kupplungsbelegung Fahrzeug 1 stimmt nicht mit Zugkonfiguration überein (Mittlerer FR aufgerüstet)
1141	33	1	0	1	0		DDS_xSig1264	Kupplungsbelegung Fahrzeug 2 stimmt nicht mit Zugkonfiguration überein
1141	34	1	0	1	0		DDS_xSig1265	Kupplungsbelegung Fahrzeug 3 stimmt nicht mit Zugkonfiguration überein
1141	35	1	0	1	0		DDS_xSig1266	Kupplungsbelegung Fahrzeug 4 stimmt nicht mit Zugkonfiguration überein
1141	36	1	0	1	0		DDS_xSig0780	Fahrzeug 1 , Kupplung Seite 1 , Kupplung elektrisch nicht verbunden , Defekt Kupplung oder Relaismatik
1141	37	1	0	1	0		DDS_xSig0781	Fahrzeug 1 , Kupplung Seite 2 , Kupplung elektrisch nicht verbunden , Defekt Kupplung oder Relaismatik
1141	38	1	0	1	0		DDS_xSig0786	Fahrzeug 2 , Kupplung Seite 1 , Kupplung elektrisch nicht verbunden , Defekt Kupplung oder Relaismatik
1141	39	1	0	1	0		DDS_xSig0787	Fahrzeug 2 , Kupplung Seite 1 , Kupplung elektrisch nicht verbunden , Defekt Kupplung oder Relaismatik
1141	40	1	0	1	0		DDS_xSig0792	Fahrzeug 3 , Kupplung Seite 1 , Kupplung elektrisch nicht verbunden , Defekt Kupplung oder Relaismatik
1141	41	1	0	1	0		DDS_xSig0793	Fahrzeug 3 , Kupplung Seite 2 , Kupplung elektrisch nicht verbunden , Defekt Kupplung oder Relaismatik
1141	42	1	0	1	0		DDS_xSig0798	Fahrzeug 4 , Kupplung Seite 1 , Kupplung elektrisch nicht verbunden , Defekt Kupplung oder Relaismatik
1141	43	1	0	1	0		DDS_xSig0799	Fahrzeug 4 , Kupplung Seite 2 , Kupplung elektrisch nicht verbunden , Defekt Kupplung oder Relaismatik
1141	48	1	0	1	0		DDS_xSig1753	Zugstrennung vorhanden
1141	49	1	0	1	0		DDS_xSig1747	Zug ist verloren
1142	0	1	0	1	0		DDS_xSig1676	Überdruck Luftfeder Fahrzeug 1
1142	1	1	0	1	0		DDS_xSig1677	Überdruck Luftfeder Fahrzeug 2
1142	2	1	0	1	0		DDS_xSig1678	Überdruck Luftfeder Fahrzeug 3
1142	3	1	0	1	0		DDS_xSig1679	Überdruck Luftfeder Fahrzeug 4
1142	8	1	0	1	0		DDS_xSig0254	Drahtunterbruch im EP Ventil E275 LDG
1142	9	1	0	1	0		DDS_xSig0255	Drahtunterbruch im EP Ventil E275 MDG1
1142	10	1	0	1	0		DDS_xSig0256	Drahtunterbruch im EP Ventil E275 MDG2
1142	11	1	0	1	0		DDS_xSig1367	Unterbruch in Detektion Luftfederdruck MDG1
1142	12	1	0	1	0		DDS_xSig1368	Unterbruch in Detektion Luftfederdruck MDG2
1142	13	1	0	1	0		DDS_xSig1369	Unterbruch in Detektion Luftfederdruck LDG1
1142	14	1	0	1	0		DDS_xSig1370	Unterbruch in Detektion Luftfederdruck LDG2
1142	15	1	0	1	0		DDS_xSig1371	Unterbruch in Detektion Luftfederdruck LDG3
1142	16	1	0	1	0		DDS_xSig1357	Luftfederung MDG1 in Notlauf
1142	17	1	0	1	0		DDS_xSig1358	Luftfederung MDG2 in Notlauf
1142	18	1	0	1	0		DDS_xSig1354	Luftfederung LDG1 in Notlauf
1142	19	1	0	1	0		DDS_xSig1355	Luftfederung LDG2 in Notlauf
1142	20	1	0	1	0		DDS_xSig1356	Luftfederung LDG3 in Notlauf
1142	21	1	0	1	0		DDS_xSig1671	Ueberdruck in Luftfederung MDG1
1142	22	1	0	1	0		DDS_xSig1672	Ueberdruck in Luftfederung MDG2
1142	23	1	0	1	0		DDS_xSig1668	Ueberdruck in Luftfederung LDG1
1142	24	1	0	1	0		DDS_xSig1669	Ueberdruck in Luftfederung LDG2
1142	25	1	0	1	0		DDS_xSig1670	Ueberdruck in Luftfederung LDG3
1142	26	1	0	1	0		DDS_xSig1350	Luftfederung Fahrzeug 1 in Notlauf
1142	27	1	0	1	0		DDS_xSig1351	Luftfederung Fahrzeug 2 in Notlauf
1142	28	1	0	1	0		DDS_xSig1352	Luftfederung Fahrzeug 3 in Notlauf
1142	29	1	0	1	0		DDS_xSig1353	Luftfederung Fahrzeug 4 in Notlauf
1142	30	1	0	1	0		DDS_xSig1708	VSoll-Begrenzung wegen Notlauf Luftfederung
1142	31	1	0	1	0		DDS_xSig1693	VSoll-Begrenzung wegen Überdruck Luftfederung
1142	32	1	0	1	0		DDS_xSig0264	Strom im EP Ventil E275/11(MDG1) liegt min. 20mA unter dem Sollwert
1142	33	1	0	1	0		DDS_xSig0267	Strom im EP Ventil E275/11 (MDG1) liegt min. 20mA über dem Sollwert
1142	34	1	0	1	0		DDS_xSig0265	Strom im EP Ventil E275/21 (MDG2) liegt min. 20mA unter dem Sollwert
1142	35	1	0	1	0		DDS_xSig0268	Strom im EP Ventil E275/21 (MDG2) liegt min. 20mA über dem Sollwert
1142	36	1	0	1	0		DDS_xSig0263	Strom im EP Ventil E275/31 (LDG) liegt min. 20mA unter dem Sollwert
1142	37	1	0	1	0		DDS_xSig0266	Strom im EP Ventil E275/31 (LDG) liegt min. 20mA über dem Sollwert
1143	0	1	0	1	0		DDS_xSig1229	Störung Hauptschalter: Hauptschalter-Auslösung durch Stromrichter 1
1143	1	1	0	1	0		DDS_xSig1230	Störung Hauptschalter: Hauptschalter-Auslösung durch Stromrichter 2
1143	2	1	0	1	0		DDS_xSig1233	Störung Hauptschalter: Mechanischer Defekt Hauptschalter
1143	3	1	0	1	0		DDS_xSig1239	Störung Hauptschalter: Hauptschalter schaltet nicht ein
1143	4	1	0	1	0		DDS_xSig1419	Störung Hauptschalter: Relais Pos. 135.2 schalten nicht ein
1143	5	1	0	1	0		DDS_xSig1418	Störung Hauptschalter: Relais Pos. 135.2 schalten nicht aus
1143	6	1	0	1	0		DDS_xSig1232	Störung Hauptschalter: Haltepfad schaltet nicht ein
1143	7	1	0	1	0		DDS_xSig1231	Störung Hauptschalter: Haltepfad schaltet nicht aus
1143	8	1	0	1	0		DDS_xSig1235	Hauptgeschalter Wagen A gesperrt wegen Auslösung BBA im Apparateraum
1143	9	1	0	1	0		DDS_xSig1234	Hauptschalter Seite A/B ist nicht flüchtig gesperrt
1143	10	1	0	1	0		DDS_xSig1645	HS aus durch Übertemperatur Trafo
1143	11	1	0	1	0		DDS_xSig1297	Maximale Entpannenanzahl für HS schaltet nicht ein erreicht. HS bleibt offen
1143	12	1	0	1	0		DDS_xSig1237	Hauptschalter blockiert durch max. Strom
1143	13	1	0	1	0		DDS_xSig1242	Störung IBS-Schalter FR1
1143	14	1	0	1	0		DDS_xSig1243	Störung IBS-Schalter FR2
1143	15	1	0	1	0		DDS_xSig1447	Meldung der Stromrichter, Unplausible Stellung des Hauptschalters
1143	16	1	0	1	0		DDS_xSig1436	SR1 Uebertemperatur Batterie
1143	17	1	0	1	0		DDS_xSig1443	SR2 Uebertemperatur Batterie
1143	18	1	0	1	0		DDS_xSig1236	Hauptgeschalter Wagen B gesperrt wegen Auslösung BBA im Apparateraum
1143	19	1	0	1	0		DDS_xSig1228	Hauptschalter-Haltepfad durch Nothahn unterbrochen
1143	20	1	0	1	0		DDS_xSig1627	Fehler Synchronization Netzstromrichter 2
1143	21	1	0	1	0		DDS_xSig1659	Keine Information über Trafo Typ (Öl/trocken)
1143	30	1	0	1	0		DDS_xSig1473	Stromrichter 1/2 Kühlkreislauf: Defekt Sensor Vorlauf
1143	31	1	0	1	0		DDS_xSig1471	Stromrichter 1/2 Kühlkreislauf: Defekt Sensor Rücklauf
1143	32	1	0	1	0		DDS_xSig1439	Stromrichter 1/2 Warnung Kühldruck bei ausgeschalteter Pumpe
1143	33	1	0	1	0		DDS_xSig1438	Stromrichter 1/2 Störung Kühldruck bei ausgeschalteter Pumpe
1143	35	1	0	1	0		DDS_xSig1440	Stromrichter 1/2 Störung Kühldruck bei eingeschalteter Pumpe
1143	36	1	0	1	0		DDS_xSig1437	Stromrichter 1 Achsgeber defekt. Zugkraft bei Vist &gt; 20km/h möglich
1143	37	1	0	1	0		DDS_xSig0031	Abtrennung Triebkopf
1143	38	1	0	1	0		DDS_xSig1445	Stromrichter 2 Achsgeber defekt. Zugkraft bei Vist &gt; 20km/h möglich
1143	41	1	0	1	0		DDS_xSig1435	Stromrichter 1 abgetrennt
1143	42	1	0	1	0		DDS_xSig1442	Stromrichter 2 abgetrennt
1143	49	1	0	1	0		DDS_xSig0001	Erdschluss in HBU-Schaltkreis SR1 Seite 1 , Massnahmen um Erdschluss zu isolieren wurden ausgeführt
1143	50	1	0	1	0		DDS_xSig0003	Erdschluss in HBU-Schaltkreis SR2 Seite 1 , Massnahmen um Erdschluss zu isolieren wurden ausgeführt
1143	51	1	0	1	0		DDS_xSig0002	Erdschluss in HBU-Schaltkreis SR1 Seite 2 , Massnahmen um Erdschluss zu isolieren wurden ausgeführt
1143	52	1	0	1	0		DDS_xSig0004	Erdschluss in HBU-Schaltkreis SR2 Seite 2 , Massnahmen um Erdschluss zu isolieren wurden ausgeführt
1143	53	1	0	1	0		DDS_xSig1640	SR1 Traction Safe Signal aktiv
1143	54	1	0	1	0		DDS_xSig1641	SR2 Traction Safe Signal aktiv
1143	55	1	0	1	0		DDS_xSig1591	Stromrichter 1 Motorstromrichter taktet ohne Befehl:
1143	56	1	0	1	0		DDS_xSig1592	Stromrichter 2 Motorstromrichter taktet ohne Befehl
1143	57	1	0	1	0		DDS_xSig1615	Stromrichter 1 Zug Bremskraftrückmeldung stimmt nicht
1143	58	1	0	1	0		DDS_xSig1616	Stromrichter 2 Zug Bremskraftrückmeldung stimmt nicht
1144	0	8	0	10	0	V	DP_bSig1890	Display Hilfsbetriebe Stromrichter : Zwischenkreisspannung SR1 Wagen A
1144	8	8	0	10	0	V	DP_bSig1891	Display Hilfsbetriebe Stromrichter : Zwischenkreisspannung SR1 Wagen B
1144	16	8	0	10	0	V	DP_bSig1892	Display Hilfsbetriebe Stromrichter : Zwischenkreisspannung SR2 Wagen A
1144	24	8	0	10	0	V	DP_bSig1893	Display Hilfsbetriebe Stromrichter : Zwischenkreisspannung SR2 Wagen B
1144	32	8	0	1	0	°C	DP_bSig1817	Display Hilfsbetriebe Motoren : Motortemperatur SR1 Wagen A
1144	40	8	0	1	0	°C	DP_bSig1818	Display Hilfsbetriebe Motoren : Motortemperatur SR1 Wagen B
1144	48	8	0	1	0	°C	DP_bSig1819	Display Hilfsbetriebe Motoren : Motortemperatur SR2 Wagen A
1144	56	8	0	1	0	°C	DP_bSig1820	Display Hilfsbetriebe Motoren : Motortemperatur SR2 Wagen B
1145	0	32	0	1	0		FZPF_QdwWegZaehler	Wegmessung von TELOC oder FLG (Genauigkeit 10m)
1147	0	16	0	1	0		TEL_wUPrim	Fahrleitungsspannung
1147	16	16	0	1	0		TEL_wVSoll	V-Soll Anforderung
1147	32	8	0	1	0		TEL_bDBelSeite1	Dienstbeleuchtung Seite 1 (Codierung gem. Spezifikation)
1147	40	8	0	1	0		TEL_bDBelSeite2	Dienstbeleuchtung Seite 1 (Codierung gem. Spezifikation)
1148	0	32	0	0.01666666661	0	Min	DP_dwSig1919	Betriebsstunden Schlummerstellung Ein
1148	32	32	0	1	0	km	DP_dkmStand	km Stand aus FLG
1149	0	1	0	1	0		DP_xSig2357	Signal zum Umschalten des Masstabes an der Primärspannungsanzeige TRUE= 5kV Bereich
1149	1	1	0	1	0		DDS_xSig1226	Periodische Ansteuerung Hilfskompressor
1149	2	1	0	1	0		DDS_xSig1561	Störung Getriebe Stromrichter 1
1149	3	1	0	1	0		DDS_xSig1562	Störung Getriebe Stromrichter 2
1149	4	1	0	1	0		DP_xSig2271	Steuerung Display-Anzeigen : Werte Stromrichter 1 Seite A unplausibel
1149	5	1	0	1	0		DP_xSig2274	Steuerung Display-Anzeigen : Werte Stromrichter 1 Seite B unplausibel
1149	6	1	0	1	0		DP_xSig2278	Steuerung Display-Anzeigen : Werte Stromrichter 2 Seite A unplausibel
1149	7	1	0	1	0		DP_xSig2282	Steuerung Display-Anzeigen : Werte Stromrichter 2 Seite B unplausibel
1149	8	1	0	1	0		DP_xSig2359	V-Anzeige am Display einblenden
1149	9	1	0	1	0		DP_xSig2342	Steuerung Display-Anzeigen : Batteriespannung unplausibel Seite 2
1149	10	1	0	1	0		DDS_xSig1441	Stromrichter 1 Vorladung blockiert
1149	11	1	0	1	0		DDS_xSig1446	Stromrichter 2 Vorladung blockiert
1149	12	1	0	1	0		DP_xSig2283	Steuerung Display-Anzeigen : Werte Stromrichter Seite A unplausibel
1149	13	1	0	1	0		DP_xSig2284	Steuerung Display-Anzeigen : Werte Stromrichter Seite B unplausibel
1149	14	1	0	1	0		DP_xSig2205	Steuerung Display-Anzeigen : Batteriestrom unplausibel Seite 1
1149	15	1	0	1	0		DP_xSig2206	Steuerung Display-Anzeigen : Batteriestrom unplausibel Seite 2
1149	16	8	0	1	0	A	DP_bSig1789	Prozessdaten Display: Primärstrom Seite A
1149	24	8	0	1	0	A	DP_bSig1790	Prozessdaten Display: Primärstrom Seite B
1149	32	8	0	1	0		DP_bSig1897	Zustand Federspeicher Laufdrehgestelle
1149	40	8	0	1	0		DP_bSig1775	Fahrzeugidex für multiplex-Übertragung
1149	48	1	0	1	0		DDS_xSig0193	Von Stromrichter Seite 1 gemessene Batteriespannung ausserhalb Toleranz, zu klein (wird ignoriert)
1149	49	1	0	1	0		DDS_xSig0191	Von Stromrichter Seite 1 gemessene Batteriespannung ausserhalb Toleranz, zu hoch  (wird ignoriert)
1149	50	1	0	1	0		DDS_xSig0194	Von Stromrichter Seite 2 gemessene Batteriespannung ausserhalb Toleranz, zu tief  (wird ignoriert)
1149	51	1	0	1	0		DDS_xSig0192	Von Stromrichter Seite 2 gemessene Batteriespannung ausserhalb Toleranz, zu hoch  (wird ignoriert)
1149	52	1	0	1	0		DDS_xSig1662	Batteriespannung zu tief
1149	53	1	0	1	0		DDS_xSig0777	Fahrsperre : ZB-Hebel nicht in Nullstellung nach Wiedereinschalten des Hauptschalters
1149	54	1	0	1	0		DDS_xSig1628	Interface-Test Brandbekämpfungsanlage erfolgreich (Alle Fz)
1149	56	1	0	1	0		DDS_xSig1395	Relais 232 Schnellbremsauslösung FLG schaltet nicht ein
1149	57	1	0	1	0		DDS_xSig1394	Relais 232 Schnellbremsauslösung FLG schaltet nicht aus (keine Schenllbremsauslösung)
1149	58	1	0	1	0		DDS_xSig1396	Relais 237 Schnellbremsauslösung Sicherheitssteuerung schaltet nicht aus (keine Schenllbremsauslösung)
1149	59	1	0	1	0		DDS_xSig1227	Hilfskompressor Slave Überschreiten der Einschaltdauer: Leck vorhanden.
1149	60	1	0	1	0		DDS_xSig1259	Unterstützung durch 2. Kompressor da zu geringer Druckanstieg
1149	61	1	0	1	0		DDS_xSig1225	Hilfskompressor Überschreiten der Einschaltdauer: Leck vorhanden.
1149	62	1	0	1	0		DDS_xSig1398	Relais 293.2 schaltet nicht ein
1149	63	1	0	1	0		DDS_xSig1397	Relais 293.2 schaltet nicht aus
1150	0	16	0	1	0		DP_wSig1937	Softwareversion FIS
1150	16	8	0	1	0		DP_bSig1759	Anzahl Betriebsdaten
1150	24	8	0	1	0		DP_bSig1758	Betriebsdatenzähler
1150	32	32	0	1	0		DP_dwSig1898	Betriebszähler
1151	0	8	0	1	0		DP_bSig1827	Display Lupe Fahrzeug : Türtritte Plattform 1 Wagen A Fahrzeug 3
1151	8	8	0	1	0		DP_bSig1831	Display Lupe Fahrzeug : Türtritte Plattform 2 Wagen A Fahrzeug 3
1151	16	8	0	1	0		DP_bSig1835	Display Lupe Fahrzeug : Türtritte Plattform 3 Wagen D Fahrzeug 3
1151	24	8	0	1	0		DP_bSig1839	Display Lupe Fahrzeug : Türtritte Plattform 4 Wagen D Fahrzeug 3
1151	32	8	0	1	0		DP_bSig1843	Display Lupe Fahrzeug : Türtritte Plattform 5 Wagen C Fahrzeug 3
1151	40	8	0	1	0		DP_bSig1847	Display Lupe Fahrzeug : Türtritte Plattform 6 Wagen C Fahrzeug 3
1151	48	8	0	1	0		DP_bSig1851	Display Lupe Fahrzeug : Türtritte Plattform 7 Wagen B Fahrzeug 3
1151	56	8	0	1	0		DP_bSig1855	Display Lupe Fahrzeug : Türtritte Plattform 8 Wagen B Fahrzeug 3
1166	0	16	1	0.024	0	kW	SR1_wPowerMot	Power used by the motor converter -750000...750000 [W]
1166	16	16	0	0.1	0	A	SR1_wHeatCurr	Heating current 0...3200 [A]
1166	32	16	1	0.001	0	kV	SR1_wUprim	Primary Voltage 0...20000 [V]
1166	48	16	0	0.01	0	A	SR1_wIprim	Primary Current 0...100 [A]
1167	0	16	1	0.024	0	kW	SR2_wPowerMot	Power used by the motor converter -750000...750000 [W]
1167	16	16	0	0.1	0	A	SR2_wHeatCurr	Heating current 0...3200 [A]
1167	32	16	1	0.001	0	kV	SR2_wUprim	Primary Voltage 0...20000 [V]
1167	48	16	0	0.01	0	A	SR2_wIprim	Primary Current 0...100 [A]
1168	0	32	0	1	0		TEL_dFahrzeugtyp_Low	Fahrzeugtyp Low double Word
1168	32	32	0	1	0		TEL_dFahrzeugtyp_High	Fahrzeugtyp High double Word
1173	0	1	0	1	0		KL1_xFehler348	(deaktiviert: DDS vom FLG generiert) %ALARM KL1 Fehler 348 Konv. Heizer FGR Schutzschalter ausgelöst.
1173	0	16	0	1	0		KL1_wStoerung5	WORD5 Zusammenfassung Störungen
1173	1	1	0	1	0		KL1_xFehler342	KL1 Fehler 342 Einstiegsheizer Tür 1 Überlast
1173	2	1	0	1	0		KL1_xFehler343	KL1 Fehler 343 Einstiegsheizer Tür 2 Überlast
1173	3	1	0	1	0		KL1_xFehler344	KL1 Fehler 344 Wagenübergangsheizer Überlast
1173	4	1	0	1	0		KL1_xFehler984	KL1 Fehler 984 Saugdrucksensor1 FGR
1173	5	1	0	1	0		KL1_xFehler986	KL1 Fehler 986 Saugdrucksensor2 FGR
1173	6	1	0	1	0		KL1_xFehler347	KL1 Fehler 347 Nischenheizer FST wurde durch Sicherheitskette abgeschaltet.
1173	7	1	0	1	0		KL1_xFehler349	(deaktiviert: DDS vom FLG generiert) %ALARM KL1 Fehler 349 Konv. Heizer FGR Sicherheitsthermostat ausgelöst.
1173	8	1	0	1	0		KL1_xFehler302	KL1 Fehler 302 Heizregister FGR ESTI-Schalter ausgelöst
1174	0	1	0	1	0		KL2_xFehler348	(deaktiviert: DDS vom FLG generiert) %ALARM KL2 Fehler 348 Konv. Heizer FGR Schutzschalter ausgelöst.
1174	0	16	0	1	0		KL2_wStoerung5	WORD5 Zusammenfassung Störungen
1174	1	1	0	1	0		KL2_xFehler342	KL2 Fehler 342 Einstiegsheizer Tür 1 Überlast
1174	2	1	0	1	0		KL2_xFehler343	KL2 Fehler 343 Einstiegsheizer Tür 2 Überlast
1174	3	1	0	1	0		KL2_xFehler344	KL2 Fehler 344 Wagenübergangsheizer Überlast
1174	4	1	0	1	0		KL2_xFehler984	KL2 Fehler 984 Saugdrucksensor1 FGR
1174	5	1	0	1	0		KL2_xFehler986	KL2 Fehler 986 Saugdrucksensor2 FGR
1174	7	1	0	1	0		KL2_xFehler349	(deaktiviert: DDS vom FLG generiert) %ALARM KL2 Fehler 349 Konv. Heizer FGR Sicherheitsthermostat ausgelöst.
1174	8	1	0	1	0		KL2_xFehler302	KL2 Fehler 302 Heizregister FGR ESTI-Schalter ausgelöst
1199	0	16	0	1	0		Iw_Kanal_5_47	IN_04
1199	16	16	0	1	0		Iw_Kanal_6_47	IN_05
1199	32	16	0	1	0		Iw_Kanal_7_47	IN_06
1199	48	16	0	1	0		Iw_Kanal_8_47	IN_07
1202	0	16	0	1	0		IwDruckLuftTrockner2	Drucksonde Lufttrockner 2 Kompressor
1205	16	16	0	1	0		RIwStrMGBremse	Stromaufnahme der MG Bremse
1207	0	16	0	1	0		IwVsollZeigerFR	V_soll Zeiger
1207	16	16	0	1	0		IwVistZeigerFR	V_ist Zeiger-Rückmeldung
1211	0	16	0	1	0		RIwSpgEPBremseLDG	Spannungserfassung EP-Bremse REDUNDANT
1211	32	16	0	1	0		IwDruckMGBrLDG2	Druckaufnehmer MG-Bremse LDG 2
1213	0	1	0	1	0		DB_xLernfahrtAkt	Lernfahrt ist aktiv
1213	1	1	0	1	0		DB_xDatenInDB	Daten wurden in Datenbank uebernommen (Lernfahrt)
1214	0	32	0	1	0		DP_dwSig1912	Display Eingabe Zug/Lf-Nummer    : Übernahme Lf-Nummer von Eingabe am Display
1272	0	16	0	1	0		FZPF_IwDiagnose15	Diagnose 15. Word
1272	16	16	0	1	0		FZPF_IwDiagnose16	Diagnose 16. Word
1272	32	16	0	1	0		FZPF_IwDiagnose17	Diagnose 17. Word
1272	48	16	0	1	0		FZPF_IwDiagnose18	Diagnose 18. Word
1273	0	16	0	1	0		FZPF_IwDiagnose1	Diagnose 1. Word
1273	0	32	0	1	0		FZPF_dwBereitstellzeit	Bereitstellzeit (1.1.1970 UTC)
1273	16	16	0	1	0		FZPF_IwDiagnose2	Diagnose 2. Word
1273	32	32	0	1	0		FZPF_IdwUhrzeit	In32..63:
1277	0	1	0	1	0		SR2_xWasserTemp2	SR2 Wasser Uebertemperatur 2
1277	0	8	0	1	0		SR2_bSysFaultLow	System Fehler 1 Byte Low
1277	1	1	0	1	0		SR2_xSchrankT2	SR2 Schrank Uebertemperatur 2
1277	2	1	0	1	0		SR2_xVorladStoe	SR2 Zwischenkreis Vorladung dauert zu lange
1277	3	1	0	1	0		SR2_xStoeKuehl	SR2 Kuehldruck fehlt
1277	4	1	0	1	0		SR2_xNetzHoch	SR2 Netzspannung fuer SR zu hoch
1277	5	1	0	1	0		SR2_xNetzTief	SR2 Netzspannung fuer SR zu tief
1277	6	1	0	1	0		SR2_xKuehlVerz	SR2 Kuehldruck kommt zu spaet
1277	7	1	0	1	0		SR2_xDiscFail	SR2 Trenner Befehl Fehler
1277	8	1	0	1	0		SR2_xVorladFail	SR2 Vorladeschuetz Befehl Fehler
1277	8	8	0	1	0		SR2_bSysFaultHi	System Fehler 1 Byte High
1277	9	1	0	1	0		SR2_xHighNoise	SR2 Hohe Geräusche des Konvertissorsstroms
1277	10	1	0	1	0		SR2_xSysSwitVerb	SR2 Systemmodusumschaltung verboten
1277	12	1	0	1	0		SR2_xLineOverCurRMS	SR2 Transformer line overcurrent RMS
1277	13	1	0	1	0		SR2_xTrafoEarthFault	SR2 Transformer earth fault
1277	16	1	0	1	0		SR2_xMSRPEBBPF	SR2 Motorstromrichter PEBB Power Fail
1277	16	8	0	1	0		SR2_bCTRFault1Lo	Control Fehler 1 Byte Low
1277	17	1	0	1	0		SR2_xMPLPEBBPECF	SR2 Motorstromrichter Powerlink PEBB PEC Frame Error
1277	18	1	0	1	0		SR2_xMPLPECPEBBF	SR2 Motorstromrichter Powerlink PEC PEBB Frame Error
1277	19	1	0	1	0		SR2_xMPLWDPEBBPE	SR2 Motorstromrichter Powerlink Watchdog PEBB PEC
1277	20	1	0	1	0		SR2_xMPLWDPECPEB	SR2 Motorstromrichter Powerlink Watchdog PEC PEBB
1277	21	1	0	1	0		SR2_xHBUPEBBPowF	SR2 Hilfsbetriebestromrichter PEBB Power Fail
1277	22	1	0	1	0		SR2_xHPLPEBBPECF	SR2 Hilfsbetriebestromrichter Powerlink PEBB PEC Frame Error
1277	23	1	0	1	0		SR2_xHPLPECPEBBF	SR2 Hilfsbetriebestromrichter Powerlink PEC PEBB Frame Error
1277	24	1	0	1	0		SR2_xHPLWDPEBBPE	SR2 Hilfsbetriebestromrichter Powerlink Watchdog PEBB PEC
1277	24	8	0	1	0		SR2_bCTRFault1Hi	Control Fehler 1 Byte High
1277	25	1	0	1	0		SR2_xHPLWDPECPEB	SR2 Hilfsbetriebestromrichter Powerlink Watchdog PEC PEBB
1277	26	1	0	1	0		SR2_x4QSPEBBPowF	SR2 Netzstromrichter PEBB Power Fail
1277	27	1	0	1	0		SR2_x4PLPEBBPECF	SR2 Netzstromrichter Powerlink PEBB PEC Frame Error
1277	28	1	0	1	0		SR2_x4PLPECPEBBF	SR2 Netzstromrichter Powerlink PEC PEBB Frame Error
1277	29	1	0	1	0		SR2_x4PLWDPEBBPE	SR2 Netzstromrichter Powerlink Watchdog PEBB PEC
1277	30	1	0	1	0		SR2_x4PLWDPECPEB	SR2 Netzstromrichter Powerlink Watchdog PEC PEBB
1277	32	1	0	1	0		SR2_xVLUPEBBPowF	SR2 VLU PEBB Power Fail
1277	32	8	0	1	0		SR2_bCTRFault2Lo	Control Fehler 2 Byte Low
1277	33	1	0	1	0		SR2_xVPLPEBBPECF	SR2 VLU Powerlink PEBB PEC Frame Error
1277	34	1	0	1	0		SR2_xVPLPECPEBBF	SR2 VLU Powerlink PEC PEBB Frame Error
1277	35	1	0	1	0		SR2_xVPLWDPEBBPE	SR2 VLU Powerlink Watchdog PEBB PEC
1277	36	1	0	1	0		SR2_xVPLWDPECPEB	SR2 VLU Powerlink Watchdog PEC PEBB
1277	37	1	0	1	0		SR2_xCombiIOPow	SR2 Combi io Power Fail
1277	38	1	0	1	0		SR2_xPowerLink1	SR2 Powerlink 1 Error combi-&gt;PEC
1277	39	1	0	1	0		SR2_xPowerLink2	SR2 Powerlink 2 Error combi-&gt;PEC
1277	40	1	0	1	0		SR2_xPowerLink5	SR2 Powerlink 5 Error combi-&gt;PEC
1277	40	8	0	1	0		SR2_bCTRFault2Hi	Control Fehler 2 Byte High
1277	41	1	0	1	0		SR2_xPowerLink1W	SR2 Powerlink 1 PEC-&gt;combi Watchdog
1277	42	1	0	1	0		SR2_xPowerLink1F	SR2 Powerlink 1 PEC-&gt;combi Frame Error
1277	43	1	0	1	0		SR2_xPowerLink2W	SR2 Powerlink 2 PEC-&gt;combi Watchdog
1277	44	1	0	1	0		SR2_xPowerLink2F	SR2 Powerlink 2 PEC-&gt;combi Frame Error
1277	45	1	0	1	0		SR2_xPowerLink5W	SR2 Powerlink 5 PEC-&gt;combi Watchdog
1277	46	1	0	1	0		SR2_xPowerLink5F	SR2 Powerlink 5 PEC-&gt;combi Frame Error
1277	48	1	0	1	0		SR2_xLebenszFLG	SR2 Lebenszeichen FLG fehlt
1277	48	8	0	1	0		SR2_bCTRFault3Lo	Control Fehler 3 Byte Low
1277	49	1	0	1	0		SR2_xCBFireWD	SR2 Crobar firing link watchdog
1277	50	1	0	1	0		SR2_xVLUPEBBADCF	SR2 VLU adc Fault
1277	52	1	0	1	0		SR2_xHBUPEBBADCF	SR2 HBU adc Fault
1277	54	1	0	1	0		SR2_xCombiioadc	SR2 Combi io adc Watchdog
1277	56	1	0	1	0		SR2_xPECPF	SR2 PEC Power Fail
1277	56	8	0	1	0		SR2_bCTRFault3Hi	Control Fehler 3 Byte High
1277	57	1	0	1	0		SR2_xPECcpuWD	SR2 PEC CPU Watchdog
1277	58	1	0	1	0		SR2_CombiPow1	SR2 Combi Power 1 Fehler
1277	59	1	0	1	0		SR2_CombiPow2	SR2 Combi Power 2 Fehler
1277	60	1	0	1	0		SR2_CombiExtHW	SR2 Combi external HW Trip
1279	0	1	0	1	0		SR1_xWasserTemp2	SR1 Wasser Uebertemperatur 2
1279	0	8	0	1	0		SR1_bSysFaultLow	System Fehler 1 Byte Low
1279	1	1	0	1	0		SR1_xSchrankT2	SR1 Schrank Uebertemperatur 2
1279	2	1	0	1	0		SR1_xVorladStoe	SR1 Zwischenkreis Vorladung dauert zu lange
1279	3	1	0	1	0		SR1_xStoeKuehl	SR1 Kuehldruck fehlt
1279	4	1	0	1	0		SR1_xNetzHoch	SR1 Netzspannung fuer SR zu hoch
1279	5	1	0	1	0		SR1_xNetzTief	SR1 Netzspannung fuer SR zu tief
1279	6	1	0	1	0		SR1_xKuehlVerz	SR1 Kuehldruck kommt zu spaet
1279	7	1	0	1	0		SR1_xDiscFail	SR1 Trenner Befehl Fehler
1279	8	1	0	1	0		SR1_xVorladFail	SR1 Vorladeschuetz Befehl Fehler
1279	8	8	0	1	0		SR1_bSysFaultHi	System Fehler 1 Byte High
1279	9	1	0	1	0		SR1_xHighNoise	SR1 Hohe Geräusche des Konvertissorstroms
1279	10	1	0	1	0		SR1_xSysSwitVerb	SR1 Systemmodusumschaltung verboten
1279	12	1	0	1	0		SR1_xLineOverCurRMS	SR1 Transformer line overcurrent RMS
1279	13	1	0	1	0		SR1_xTrafoEarthFault	SR1 Transformer earth fault
1279	16	1	0	1	0		SR1_xMSRPEBBPF	SR1 Motorstromrichter PEBB Power Fail
1279	16	8	0	1	0		SR1_bCTRFault1Lo	Control Fehler 1 Byte Low
1279	17	1	0	1	0		SR1_xMPLPEBBPECF	SR1 Motorstromrichter Powerlink PEBB PEC Frame Error
1279	18	1	0	1	0		SR1_xMPLPECPEBBF	SR1 Motorstromrichter Powerlink PEC PEBB Frame Error
1279	19	1	0	1	0		SR1_xMPLWDPEBBPE	SR1 Motorstromrichter Powerlink Watchdog PEBB PEC
1279	20	1	0	1	0		SR1_xMPLWDPECPEB	SR1 Motorstromrichter Powerlink Watchdog PEC PEBB
1279	21	1	0	1	0		SR1_xHBUPEBBPowF	SR1 Hilfsbetriebestromrichter PEBB Power Fail
1279	22	1	0	1	0		SR1_xHPLPEBBPECF	SR1 Hilfsbetriebestromrichter Powerlink PEBB PEC Frame Error
1279	23	1	0	1	0		SR1_xHPLPECPEBBF	SR1 Hilfsbetriebestromrichter Powerlink PEC PEBB Frame Error
1279	24	1	0	1	0		SR1_xHPLWDPEBBPE	SR1 Hilfsbetriebestromrichter Powerlink Watchdog PEBB PEC
1279	24	8	0	1	0		SR1_bCTRFault1Hi	Control Fehler 1 Byte High
1279	25	1	0	1	0		SR1_xHPLWDPECPEB	SR1 Hilfsbetriebestromrichter Powerlink Watchdog PEC PEBB
1279	26	1	0	1	0		SR1_x4QSPEBBPowF	SR1 Netzstromrichter PEBB Power Fail
1279	27	1	0	1	0		SR1_x4PLPEBBPECF	SR1 Netzstromrichter Powerlink PEBB PEC Frame Error
1279	28	1	0	1	0		SR1_x4PLPECPEBBF	SR1 Netzstromrichter Powerlink PEC PEBB Frame Error
1279	29	1	0	1	0		SR1_x4PLWDPEBBPE	SR1 Netzstromrichter Powerlink Watchdog PEBB PEC
1279	30	1	0	1	0		SR1_x4PLWDPECPEB	SR1 Netzstromrichter Powerlink Watchdog PEC PEBB
1279	32	1	0	1	0		SR1_xVLUPEBBPowF	SR1 VLU PEBB Power Fail
1279	32	8	0	1	0		SR1_bCTRFault2Lo	Control Fehler 2 Byte Low
1279	33	1	0	1	0		SR1_xVPLPEBBPECF	SR1 VLU Powerlink PEBB PEC Frame Error
1279	34	1	0	1	0		SR1_xVPLPECPEBBF	SR1 VLU Powerlink PEC PEBB Frame Error
1279	35	1	0	1	0		SR1_xVPLWDPEBBPE	SR1 VLU Powerlink Watchdog PEBB PEC
1279	36	1	0	1	0		SR1_xVPLWDPECPEB	SR1 VLU Powerlink Watchdog PEC PEBB
1279	37	1	0	1	0		SR1_xCombiIOPow	SR1 Combi io Power Fail
1279	38	1	0	1	0		SR1_xPowerLink1	SR1 Powerlink 1 Error combi-&gt;PEC
1279	39	1	0	1	0		SR1_xPowerLink2	SR1 Powerlink 2 Error combi-&gt;PEC
1279	40	1	0	1	0		SR1_xPowerLink5	SR1 Powerlink 5 Error combi-&gt;PEC
1279	40	8	0	1	0		SR1_bCTRFault2Hi	Control Fehler 2 Byte High
1279	41	1	0	1	0		SR1_xPowerLink1W	SR1 Powerlink 1 PEC-&gt;combi Watchdog
1279	42	1	0	1	0		SR1_xPowerLink1F	SR1 Powerlink 1 PEC-&gt;combi Frame Error
1279	43	1	0	1	0		SR1_xPowerLink2W	SR1 Powerlink 2 PEC-&gt;combi Watchdog
1279	44	1	0	1	0		SR1_xPowerLink2F	SR1 Powerlink 2 PEC-&gt;combi Frame Error
1279	45	1	0	1	0		SR1_xPowerLink5W	SR1 Powerlink 5 PEC-&gt;combi Watchdog
1279	46	1	0	1	0		SR1_xPowerLink5F	SR1 Powerlink 5 PEC-&gt;combi Frame Error
1279	48	1	0	1	0		SR1_xLebenszFLG	SR1 Lebenszeichen FLG fehlt
1279	48	8	0	1	0		SR1_bCTRFault3Lo	Control Fehler 3 Byte Low
1279	49	1	0	1	0		SR1_xCBFireWD	SR1 Crobar firing link watchdog
1279	50	1	0	1	0		SR1_xVLUPEBBADCF	SR1 VLU adc Fault
1279	52	1	0	1	0		SR1_xHBUPEBBADCF	SR1 HBU adc Fault
1279	54	1	0	1	0		SR1_xCombiioadc	SR1 Combi io adc Watchdog
1279	56	1	0	1	0		SR1_xPECPF	SR1 PEC Power Fail
1279	56	8	0	1	0		SR1_bCTRFault3Hi	Control Fehler 3 Byte High
1279	57	1	0	1	0		SR1_xPECcpuWD	SR1 PEC CPU Watchdog
1279	58	1	0	1	0		SR1_CombiPow1	SR1 Combi Power 1 Fehler
1279	59	1	0	1	0		SR1_CombiPow2	SR1 Combi Power 2 Fehler
1279	60	1	0	1	0		SR1_CombiExtHW	SR1 Combi external HW Trip
1285	0	8	0	1	0		DP_bSig1861	Display Lupe Fahrzeug : Türen Plattform 1 Wagen A Fahrzeug 4
1285	8	8	0	1	0		DP_bSig1865	Display Lupe Fahrzeug : Türen Plattform 2 Wagen A Fahrzeug 4
1285	16	8	0	1	0		DP_bSig1869	Display Lupe Fahrzeug : Türen Plattform 3 Wagen D Fahrzeug 4
1285	24	8	0	1	0		DP_bSig1873	Display Lupe Fahrzeug : Türen Plattform 4 Wagen D Fahrzeug 4
1285	32	8	0	1	0		DP_bSig1877	Display Lupe Fahrzeug : Türen Plattform 5 Wagen C Fahrzeug 4
1285	40	8	0	1	0		DP_bSig1881	Display Lupe Fahrzeug : Türen Plattform 6 Wagen C Fahrzeug 4
1285	48	8	0	1	0		DP_bSig1885	Display Lupe Fahrzeug : Türen Plattform 7 Wagen B Fahrzeug 4
1285	56	8	0	1	0		DP_bSig1889	Display Lupe Fahrzeug : Türen Plattform 8 Wagen B Fahrzeug 4
1286	0	8	0	1	0		DP_bSig1792	Display Heizung/Klima/Lüftung : Gerätezustand Führerraum A
1286	8	8	0	1	0		DP_bSig1795	Display Heizung/Klima/Lüftung : Gerätezustand Führerraum B
1286	16	1	0	1	0		DP_xSig2196	Display Heizung/Klima/Lüftung : Gruppenalarm Wagen A
1286	17	1	0	1	0		DP_xSig2197	Display Heizung/Klima/Lüftung : Gruppenalarm Wagen B
1286	18	1	0	1	0		DP_xSig2198	Display Heizung/Klima/Lüftung : Gruppenalarm Wagen C
1286	19	1	0	1	0		DP_xSig2199	Display Heizung/Klima/Lüftung : Gruppenalarm Wagen D
1286	24	8	0	1	0	km/h	DP_bSig1894	Signal V-Soll : muss nur in Notfahrt angezeigt werden
1286	32	1	0	1	0		DP_MasterFLG	Display Allgemeine Information
1286	33	1	0	1	0		DP_gSig1923	Display Allgemeine Information
1286	34	1	0	1	0		DP_AndFLGTot	Display Allgemeine Information
1286	39	1	0	1	0		DP_xSig2361	Display Werkstattmenue Depotspeisung : Rückmeldung dass Kühlturm Ventilation erst bei höheren SR Temp zugelassen wird
1286	40	1	0	1	0		DP_xSig2039	Fahrzeug 1 Panto Wagen C gehoben
1286	41	1	0	1	0		DP_xSig2040	Fahrzeug 1 Panto Wagen D gehoben
1286	42	1	0	1	0		DP_xSig2043	Fahrzeug 2 Panto Wagen C gehoben
1286	43	1	0	1	0		DP_xSig2044	Fahrzeug 2 Panto Wagen D gehoben
1286	44	1	0	1	0		DP_xSig2047	Fahrzeug 3 Panto Wagen C gehoben
1286	45	1	0	1	0		DP_xSig2048	Fahrzeug 3 Panto Wagen D gehoben
1286	46	1	0	1	0		DP_xSig2051	Fahrzeug 4 Panto Wagen C gehoben
1286	47	1	0	1	0		DP_xSig2052	Fahrzeug 4 Panto Wagen D gehoben
1286	48	16	0	1	0	°C	DP_wSig1949	Display Heizung/Lüftung/Klima : Sollwerttemperaturkorrektur Fahrgastraum
1287	0	8	0	1	0		DP_bSig1803	Display Zähler Multiplexer Fahrzeugnummer
1287	16	16	0	1	0		DP_wSig1933	Display Prozessdaten Brandbekämpfungsanlage Fz1 bis Fz4
1287	32	1	0	1	0		DP_xSig2316	Display Brandbekämpfungsanlage Störung Fz1
1287	33	1	0	1	0		DP_xSig2317	Display Brandbekämpfungsanlage Störung Fz2
1287	34	1	0	1	0		DP_xSig2318	Display Brandbekämpfungsanlage Störung Fz3
1287	35	1	0	1	0		DP_xSig2319	Display Brandbekämpfungsanlage Störung Fz4
1287	36	1	0	1	0		DP_xSig1973	Display Brandbekämpfungsanlage Alarm
1287	37	1	0	1	0		DP_xSig2263	Display Brandbekämpfungsanlage Betriebsbereit Fz1
1287	38	1	0	1	0		DP_xSig2264	Display Brandbekämpfungsanlage Betriebsbereit Fz2
1287	39	1	0	1	0		DP_xSig2265	Display Brandbekämpfungsanlage Betriebsbereit Fz3
1287	40	1	0	1	0		DP_xSig2266	Display Brandbekämpfungsanlage Betriebsbereit Fz4
1287	41	1	0	1	0		DP_xSig1991	Display Brandbekämpfungsanlage vorhanden Fz1
1287	42	1	0	1	0		DP_xSig1992	Display Brandbekämpfungsanlage vorhanden Fz2
1287	43	1	0	1	0		DP_xSig1993	Display Brandbekämpfungsanlage vorhanden Fz3
1287	44	1	0	1	0		DP_xSig1994	Display Brandbekämpfungsanlage vorhanden Fz4
1287	48	16	0	1	0		DP_wSig1926	Display Version der Schiebetrittdatenbank Pos 430
1288	0	32	0	1	0	kWh	DP_dwSig1907	Energieverbrauch Schlummerstellung in kWh unter 15kV
1288	32	32	0	1	0	kWh	DP_dwSig1908	Energieverbrauch Schlummerstellung in kWh unter 25kV
1289	0	16	0	1	0		UMF_wAnteilPneumAdhBlending	Anteil pneumatische Bremskraft bei Adhaesinsblending aufgrund schlechter Schienenverhältnissen
1289	16	1	0	1	0		UMF_xPneumAdhBlending	Trigger Adhaesionsblending Schwellenwert erreicht
1289	17	1	0	1	0		UMF_xBremsNiveauReduziert	Bremsniveau reduziert
1289	18	1	0	1	0		UMF_xBremsAnzeigeNichtFlirtIII	Bremsanzeigen nach altem Regime (nicht Flirt III)
1289	19	1	0	1	0		UMF_xBremsAnzeigeFlirtIII	Bremsanzeigen nach neuem Regime (Flirt III)
1289	20	1	0	1	0		UMF_xBremsStrgNichtFlirtIII	Bremssteuerung nach altem Regime (alte Linearität) (nicht Flirt III)
1289	21	1	0	1	0		UMF_xBremsStrgFlirtIII	Bremssteuerung nach neuem Regime (neue Linearität) (Flirt III)
1294	0	16	0	1	0		SR1_wModeSelect	VeC defines the incoming voltage : 0=Empty, 1=16 2/3 Hz, 2=50 Hz
1294	16	16	0	1	0		SR1_wVeC_dF_tuningRolling	VeC send the Frequency of Rolling Detecting Bandpass Filter
1294	32	16	0	1	0		SR1_wVeC_dF_TresholdRolling	VeC send the treshold for Rolling detecting frequency
1294	48	16	0	1	0		SR1_wVeC_T_Ambiant	External temperature
1295	0	16	0	1	0		SR2_wModeSelect	VeC defines the incoming voltage : 0=Empty, 1=16 2/3 Hz, 2=50 Hz
1295	16	16	0	1	0		SR2_wVeC_dF_tuningRolling	VeC send the Rolling Frequency
1295	32	16	0	1	0		SR2_wVeC_dF_TresholdRolling	VeC send the treshold for Rolling detecting frequency
1295	48	16	0	1	0		SR2_wVeC_T_Ambiant	External temperature
1296	0	32	0	1	0		TEL_dwLFNummer1_Low	Lokführernummer 1 (Codierung gem. Spezifikation), Low Double Word
1296	32	32	0	1	0		TEL_dwLFNummer1_High	Lokführernummer 1 (Codierung gem. Spezifikation), High Double Word
1327	0	16	0	1	0		QwOutput5_47	analoger Ausgang 5
1327	16	16	0	1	0		QwOutput6_47	analoger Ausgang 6
1342	0	1	0	1	0		DP_xSig2086	Display Lupe Fahrzeug : Betrieb Klimaanlage Wagen C Fahrzeug 2
1342	1	1	0	1	0		DP_xSig2087	Display Lupe Fahrzeug : Betrieb Klimaanlage Wagen D Fahrzeug 2
1342	2	1	0	1	0		DP_xSig2083	Display Lupe Fahrzeug : Betrieb Klimaanlage FR A Fahrzeug 2
1342	3	1	0	1	0		DP_xSig2085	Display Lupe Fahrzeug : Betrieb Klimaanlage FR B Fahrzeug 2
1342	4	1	0	1	0		DP_xSig2112	Display Lupe Fahrzeug : Betrieb Klimaanlage Wagen A Fahrzeug 3
1342	5	1	0	1	0		DP_xSig2114	Display Lupe Fahrzeug : Betrieb Klimaanlage Wagen B Fahrzeug 3
1342	6	1	0	1	0		DP_xSig2116	Display Lupe Fahrzeug : Betrieb Klimaanlage Wagen C Fahrzeug 3
1342	7	1	0	1	0		DP_xSig2117	Display Lupe Fahrzeug : Betrieb Klimaanlage Wagen D Fahrzeug 3
1342	8	1	0	1	0		DP_xSig2113	Display Lupe Fahrzeug : Betrieb Klimaanlage FR A Fahrzeug 3
1342	9	1	0	1	0		DP_xSig2115	Display Lupe Fahrzeug : Betrieb Klimaanlage FR B Fahrzeug 3
1342	10	1	0	1	0		DP_xSig2142	Display Lupe Fahrzeug : Betrieb Klimaanlage Wagen A Fahrzeug 4
1342	11	1	0	1	0		DP_xSig2144	Display Lupe Fahrzeug : Betrieb Klimaanlage Wagen B Fahrzeug 4
1342	12	1	0	1	0		DP_xSig2146	Display Lupe Fahrzeug : Betrieb Klimaanlage Wagen C Fahrzeug 4
1342	13	1	0	1	0		DP_xSig2147	Display Lupe Fahrzeug : Betrieb Klimaanlage Wagen D Fahrzeug 4
1342	14	1	0	1	0		DP_xSig2143	Display Lupe Fahrzeug : Betrieb Klimaanlage FR A Fahrzeug 4
1342	15	1	0	1	0		DP_xSig2145	Display Lupe Fahrzeug : Betrieb Klimaanlage FR B Fahrzeug 4
1342	16	1	0	1	0		DP_xSig2037	Display Lupe Fahrzeug : Hauptschalter Wagen A Fahrzeug 1
1342	17	1	0	1	0		DP_xSig2038	Display Lupe Fahrzeug : Hauptschalter Wagen B Fahrzeug 1
1342	18	1	0	1	0		DP_xSig2041	Display Lupe Fahrzeug : Hauptschalter Wagen A Fahrzeug 2
1342	19	1	0	1	0		DP_xSig2042	Display Lupe Fahrzeug : Hauptschalter Wagen B Fahrzeug 2
1342	20	1	0	1	0		DP_xSig2045	Display Lupe Fahrzeug : Hauptschalter Wagen A Fahrzeug 3
1342	21	1	0	1	0		DP_xSig2046	Display Lupe Fahrzeug : Hauptschalter Wagen B Fahrzeug 3
1342	22	1	0	1	0		DP_xSig2049	Display Lupe Fahrzeug : Hauptschalter Wagen A Fahrzeug 4
1342	23	1	0	1	0		DP_xSig2050	Display Lupe Fahrzeug : Hauptschalter Wagen B Fahrzeug 4
1342	24	1	0	1	0		DP_xSig2074	Display Lupe Fahrzeug : Stoerung WC Fahrzeug 1
1342	25	1	0	1	0		DP_xSig2104	Display Lupe Fahrzeug : Stoerung WC Fahrzeug 2
1342	26	1	0	1	0		DP_xSig2134	Display Lupe Fahrzeug : Stoerung WC Fahrzeug 3
1342	27	1	0	1	0		DP_xSig2164	Display Lupe Fahrzeug : Stoerung WC Fahrzeug 4
1342	28	1	0	1	0		DP_xSig2067	Display Lupe Fahrzeug : Passagier-Notbremse Fahrzeug 1
1342	29	1	0	1	0		DP_xSig2095	Display Lupe Fahrzeug : Passagier-Notbremse Fahrzeug 2
1342	30	1	0	1	0		DP_xSig2125	Display Lupe Fahrzeug : Passagier-Notbremse Fahrzeug 3
1342	31	1	0	1	0		DP_xSig2155	Display Lupe Fahrzeug : Passagier-Notbremse Fahrzeug 4
1342	32	1	0	1	0		DP_xSig2055	Display Lupe Fahrzeug : Abtrennungen Fahrzeug 1
1342	33	1	0	1	0		DP_xSig2081	Display Lupe Fahrzeug : Abtrennungen Fahrzeug 2
1342	34	1	0	1	0		DP_xSig2111	Display Lupe Fahrzeug : Abtrennungen Fahrzeug 3
1342	35	1	0	1	0		DP_xSig2141	Display Lupe Fahrzeug : Abtrennungen Fahrzeug 4
1342	36	1	0	1	0		DP_xSig2064	Display Lupe Fahrzeug : Bremse lose Fahrzeug 1
1342	37	1	0	1	0		DP_xSig2092	Display Lupe Fahrzeug : Bremse lose Fahrzeug 2
1342	38	1	0	1	0		DP_xSig2122	Display Lupe Fahrzeug : Bremse lose Fahrzeug 3
1342	39	1	0	1	0		DP_xSig2152	Display Lupe Fahrzeug : Bremse lose Fahrzeug 4
1342	40	1	0	1	0		DP_xSig2063	Display Lupe Fahrzeug : Bremse fest Fahrzeug 1
1342	41	1	0	1	0		DP_xSig2091	Display Lupe Fahrzeug : Bremse fest Fahrzeug 2
1342	42	1	0	1	0		DP_xSig2121	Display Lupe Fahrzeug : Bremse fest Fahrzeug 3
1342	43	1	0	1	0		DP_xSig2151	Display Lupe Fahrzeug : Bremse fest Fahrzeug 4
1342	44	1	0	1	0		DP_xSig2065	Display Lupe Fahrzeug : Federspeicher fest Fahrzeug 1
1342	45	1	0	1	0		DP_xSig2093	Display Lupe Fahrzeug : Federspeicher fest Fahrzeug 2
1342	46	1	0	1	0		DP_xSig2123	Display Lupe Fahrzeug : Federspeicher fest Fahrzeug 3
1342	47	1	0	1	0		DP_xSig2153	Display Lupe Fahrzeug : Federspeicher fest Fahrzeug 4
1342	48	1	0	1	0		DP_xSig2066	Display Lupe Fahrzeug : Federspeicher lose Fahrzeug 1
1342	49	1	0	1	0		DP_xSig2094	Display Lupe Fahrzeug : Federspeicher lose Fahrzeug 2
1342	50	1	0	1	0		DP_xSig2124	Display Lupe Fahrzeug : Federspeicher lose Fahrzeug 3
1342	51	1	0	1	0		DP_xSig2154	Display Lupe Fahrzeug : Federspeicher lose Fahrzeug 4
1342	52	1	0	1	0		DP_xSig2062	Display Lupe Fahrzeug : Bremse abgetrennt Fahrzeug 1
1342	53	1	0	1	0		DP_xSig2090	Display Lupe Fahrzeug : Bremse abgetrennt Fahrzeug 2
1342	54	1	0	1	0		DP_xSig2120	Display Lupe Fahrzeug : Bremse abgetrennt Fahrzeug 3
1342	55	1	0	1	0		DP_xSig2150	Display Lupe Fahrzeug : Bremse abgetrennt Fahrzeug 4
1342	56	1	0	1	0		DP_xSig2217	Display Hilfsbetriebe Kompressor : Kompressor EIN Wagen A
1342	57	1	0	1	0		DP_xSig2218	Display Hilfsbetriebe Kompressor : Kompressor EIN Wagen B
1342	58	1	0	1	0		DP_xSig2200	Display Hilfsbetriebe Kompressor : Hilfs-Kompressor EIN Wagen A
1342	59	1	0	1	0		DP_xSig2201	Display Hilfsbetriebe Kompressor : Hilfs-Kompressor EIN Wagen B
1342	61	1	0	1	0		DP_xSig2260	Display Hilfsbetriebe Allgemein : Befehl Stromabnehmer Schweiz
1342	62	1	0	1	0		DP_xSig2207	Display Hilfsbetriebe Allgemein : Bezug Primärstrom Wagen A
1342	63	1	0	1	0		DP_xSig2208	Display Hilfsbetriebe Allgemein : Bezug Primärstrom Wagen B
1343	0	8	0	1	0		Uhr_bAusblenden	Uhr ausblenden 1 / anzeigen 0
1344	0	1	0	1	0		DDS_xSig0318	Stoerung Scheibenbremse , Bremse Lose, Fahrzeug 1
1344	1	1	0	1	0		DDS_xSig0321	Stoerung Scheibenbremse , Bremse Lose, Fahrzeug 2
1344	2	1	0	1	0		DDS_xSig0324	Stoerung Scheibenbremse , Bremse Lose, Fahrzeug 3
1344	3	1	0	1	0		DDS_xSig0327	Stoerung Scheibenbremse  , Bremse Lose, Fahrzeug 4
1344	4	1	0	1	0		DDS_xSig0317	Stoerung Scheibenbremse , Bremse Fest, Fahrzeug 1
1344	5	1	0	1	0		DDS_xSig0320	Stoerung Scheibenbremse , Bremse Fest, Fahrzeug 2
1344	6	1	0	1	0		DDS_xSig0323	Stoerung Scheibenbremse , Bremse Fest, Fahrzeug 3
1344	7	1	0	1	0		DDS_xSig0326	Stoerung Scheibenbremse , Bremse Fest, Fahrzeug 4
1344	8	1	0	1	0		DDS_xSig1584	Störung Sensor Bremszylinder Achse 1
1344	9	1	0	1	0		DDS_xSig1585	Störung Sensor Bremszylinder Achse 2
1344	10	1	0	1	0		DDS_xSig1586	Störung Sensor Bremszylinder Achse 3
1344	11	1	0	1	0		DDS_xSig1587	Störung Sensor Bremszylinder Achse 4
1344	12	1	0	1	0		DDS_xSig1549	Störung Connection-Box Schnellbremsung
1344	16	1	0	1	0		DDS_xSig0862	Stoerung Federspeicher-Bremse Fahrzeug 1
1344	17	1	0	1	0		DDS_xSig0952	Stoerung Federspeicher-Bremse Fahrzeug 2
1344	18	1	0	1	0		DDS_xSig1043	Stoerung Federspeicher-Bremse Fahrzeug 3
1344	19	1	0	1	0		DDS_xSig1134	Stoerung Federspeicher-Bremse Fahrzeug 4
1344	20	1	0	1	0		DDS_xSig0723	Federspeicherdruck zu hoch Seite B
1344	21	1	0	1	0		DDS_xSig0722	Federspeicherdruck zu hoch Seite A
1344	22	1	0	1	0		DDS_xSig0731	Druckaufnehmer Federspeicher Unterbruch Seite B
1344	23	1	0	1	0		DDS_xSig0730	Druckaufnehmer Federspeicher Unterbruch Seite A
1344	24	1	0	1	0		DDS_xSig0727	Störung Federspeicher Lose Wagen A
1344	25	1	0	1	0		DDS_xSig0724	Störung Federspeicher Fest Wagen A
1344	26	1	0	1	0		DDS_xSig0728	Störung Federspeicher Lose Wagen B
1344	27	1	0	1	0		DDS_xSig0725	Störung Federspeicher Fest Wagen B
1344	28	1	0	1	0		DDS_xSig0729	Störung Federspeicher Sensor Wagen A/B
1344	29	1	0	1	0		DDS_xSig1566	MG Bremse LDG1 kein Schienenkontakt detektiert
1344	30	1	0	1	0		DDS_xSig1292	Störung Magnetschienenbremse LDG 1
1344	31	1	0	1	0		DDS_xSig1620	Hauptstrom MG-Bremse aktiv, Entladen Batterie (LDG1)
1344	32	1	0	1	0		DDS_xSig1290	Störung Magnetschienenbrems-Ventil LDG 1
1344	33	1	0	1	0		DDS_xSig1567	MG Bremse LDG2 kein Schienenkontakt detektiert
1344	34	1	0	1	0		DDS_xSig1392	Prellbockfahrt eingeschaltet : Bremsung nur pneumatisch
1344	35	1	0	1	0		DDS_xSig0204	Stoerung : Bremse melden fest bei HL-Druck grösser als 4.9 bar
1344	36	1	0	1	0		DDS_xSig0205	Stoerung : Bremse melden lose bei HL-Druck kleiner als 4.1 bar
1344	37	1	0	1	0		DDS_xSig0214	Bei Notfahrt Bremsprobe nochmals durchführen
1344	38	1	0	1	0		DDS_xSig1621	Hauptstrom MG-Bremse aktiv, Entladen Batterie (LDG2)
1344	39	1	0	1	0		DDS_xSig1291	Störung Magnetschienenbrems-Ventil LDG 2
1344	40	1	0	1	0		DDS_xSig1293	Störung Magnetschienenbremse LDG 2
1344	41	1	0	1	0		DDS_xSig0206	Störung Bremszylinder Achsen 1/2
1344	42	1	0	1	0		DDS_xSig0207	Störung Bremszylinder Achsen 3/4
1344	43	1	0	1	0		DDS_xSig0208	Störung Bremszylinder Achsen 5/6/9
1344	44	1	0	1	0		DDS_xSig0209	Störung Bremszylinder Achsen 7/8/10
1344	47	1	0	1	0		DDS_xSig1709	Störung Scheibebremse führt zu einer Vsoll-Reduktion
1344	48	1	0	1	0		DDS_xSig0805	Bremse abgetrennt Fahrzeug 1
1344	49	1	0	1	0		DDS_xSig0867	Bremse abgetrennt Fahrzeug 2
1344	50	1	0	1	0		DDS_xSig0958	Bremse abgetrennt Fahrzeug 3
1344	51	1	0	1	0		DDS_xSig1049	Bremse abgetrennt Fahrzeug 4
1344	52	1	0	1	0		DDS_xSig1618	MG Bremse Druckaufnehmer liefert unplausible Werte (LDG1)
1344	53	1	0	1	0		DDS_xSig1619	MG Bremse Druckaufnehmer liefert unplausible Werte (LDG2)
1345	0	1	0	1	0		UMF_xFR1besetzt	Führerraum 1 besetzt
1345	1	1	0	1	0		UMF_xFR2besetzt	Führerraum 2 besetzt
1345	2	1	0	1	0		UMF_xHSAistEin	Hauptschalter Wagen A ist EIN
1345	3	1	0	1	0		UMF_xHSBistEin	Hauptschalter Wagen B ist EIN
1345	4	1	0	1	0		UMF_xFahrr1	Fahrrichtung 1
1345	5	1	0	1	0		UMF_xFahrr2	Fahrrichtung 2
1345	6	1	0	1	0		UMF_xZugbusOK	Zugtaufe erfolgreich abgeschlossen
1345	7	1	0	1	0		UMF_xLfFahren	Fahr/Bremshebel in Stellung Fahren
1345	8	1	0	1	0		UMF_xLfBremsen	Fahr/Bremshebel in Stellung Bremsen
1345	9	1	0	1	0		UMF_xParkIstEin	Parkstellung ist EIN
1345	10	1	0	1	0		UMF_xEnergSpar	Energiesparmodus ist EIN
1345	11	1	0	1	0		UMF_xKprAEin	Kompressor Wagen A läuft
1345	12	1	0	1	0		UMF_xHBUVentEin	Hilfsbetriebestromrichter frequenzgesteuert ist EIN
1345	13	1	0	1	0		UMF_xNSR1ATakt	Netzstromrichter 1 Wagen A  taktet
1345	14	1	0	1	0		UMF_xNSR2ATakt	Netzstromrichter 2 Wagen A  taktet
1345	15	1	0	1	0		UMF_xNSR1BTakt	Netzstromrichter 1 Wagen B  taktet
1345	16	1	0	1	0		UMF_xNSR2BTakt	Netzstromrichter 2 Wagen B  taktet
1345	17	1	0	1	0		UMF_xMSR1ATakt	Motorstromrichter 1 Wagen A  taktet
1345	18	1	0	1	0		UMF_xMSR2ATakt	Motorstromrichter 2 Wagen A  taktet
1345	19	1	0	1	0		UMF_xMSR1BTakt	Motorstromrichter 1 Wagen B  taktet
1345	20	1	0	1	0		UMF_xMSR2BTakt	Motorstromrichter 2 Wagen B  taktet
1345	21	1	0	1	0		UMF_xHBU1ATakt	Hilfsbetriebe-Stromrichter 1 Wagen A  taktet
1345	22	1	0	1	0		UMF_xHBU2ATakt	Hilfsbetriebe-Stromrichter 2 Wagen A  taktet
1345	23	1	0	1	0		UMF_xHBU1BTakt	Hilfsbetriebe-Stromrichter 1 Wagen B taktet
1345	24	1	0	1	0		UMF_xHBU2BTakt	Hilfsbetriebe-Stromrichter 2 Wagen B taktet
1345	25	1	0	1	0		UMF_xKprBEin	Kompressor Wagen B läuft
1345	26	1	0	1	0		UMF_xKupplungMechS1	Mechanische Kupplung Seite 1
1345	27	1	0	1	0		UMF_xKupplungMechS2	Mechanische Kupplung Seite 2
1345	28	1	0	1	0		UMF_xKupplungElS1	Elektrische Kupplung Seite 1
1345	29	1	0	1	0		UMF_xKupplungElS2	Elektrische Kupplung Seite 2
1345	30	1	0	1	0		DDS_xSig0308	Registrierung Energiezähler
1345	31	1	0	1	0		DDS_xSig1754	Registrierung Zustandsdaten
1345	48	16	0	1	0		UMF_wKorrFaktor_V_ETCS	Koorekturfaktor zwischen V-FLG und V-ETCS
1346	0	1	0	1	0		DDS_xSig1683	Die Netzspannung ist zu klein:
1346	1	1	0	1	0		DDS_xSig1359	Die Netzspannung ist zu gross
1346	3	1	0	1	0		DDS_xSig0313	Erdschluss 36V
1346	4	1	0	1	0		DDS_xSig1588	Störung TELOC Fahrzeug 2
1346	5	1	0	1	0		DDS_xSig1589	Störung TELOC Fahrzeug 3
1346	6	1	0	1	0		DDS_xSig1590	Störung TELOC Fahrzeug 4
1346	8	1	0	1	0		DDS_xSig1412	ZB Reduktion infolge Übertemperatur SR1
1346	9	1	0	1	0		DDS_xSig1413	ZB Reduktion infolge Übertemperatur SR2
1346	10	1	0	1	0		DDS_xSig1414	ZB Reduktion infolge Übertemperatur Trafo
1346	11	1	0	1	0		DDS_xSig1410	ZB Reduktion infolge Übertemperatur Fahrmotor SR1
1346	12	1	0	1	0		DDS_xSig1411	ZB Reduktion infolge Übertemperatur Fahrmotor SR2
1346	13	1	0	1	0		DDS_xSig1415	ZB Reduktion infolge abweichende Primärspannung
1346	16	1	0	1	0		DDS_xSig1470	Störung Sensor Hauptleitung Wagen A/B
1346	18	1	0	1	0		DDS_xSig1472	Störung Sensor Speiseleitung Wagen A/B
1346	22	1	0	1	0		DDS_xSig0251	Druckaufnehmern der Hauptleitung zeigen ein Delta grösser als 1.5 bar
1346	23	1	0	1	0		DDS_xSig0252	Druckaufnehmern der Speiseleitung zeigen ein Delta grösser als 1.5 bar
1346	32	1	0	1	0		DDS_xSig1478	Umfelddaten werden abgespeichert
1346	33	1	0	1	0		DDS_xSig1638	Test Abspeicherung Umfelddaten
1346	34	1	0	1	0		DDS_xSig1390	Leistungsreduktion SR1, da Netzfrequenz zu tief
1346	35	1	0	1	0		DDS_xSig1391	Leistungsreduktion SR2, da Netzfrequenz zu tief
1346	36	1	0	1	0		DDS_xSig1388	Leistungsreduktion SR1, da Netzfrequenz zu hoch
1346	37	1	0	1	0		DDS_xSig1389	Leistungsreduktion SR2, da Netzfrequenz zu hoch
1346	48	1	0	1	0		xDDS_RM_Rel_52_1	Fehlermeldung nicht plausible Rückmeldung
1346	49	1	0	1	0		xDDS_RM_Rel_52_2	Fehlermeldung nicht plausible Rückmeldung
1346	50	1	0	1	0		xDDS_RM_Rel_52_3	Fehlermeldung nicht plausible Rückmeldung
1346	51	1	0	1	0		xDDS_RM_Rel_522	Fehlermeldung nicht plausible Rückmeldung
1346	52	1	0	1	0		xDDS_RM_Rel_52_4	Fehlermeldung nicht plausible Rückmeldung
1346	53	1	0	1	0		xDDS_RM_Rel_52_1_1	Fehlermeldung nicht plausible Rückmeldung
1346	54	1	0	1	0		xDDS_RM_Rel_52_1_2	Fehlermeldung nicht plausible Rückmeldung
1346	55	1	0	1	0		xDDS_RM_Rel_52_1_3	Fehlermeldung nicht plausible Rückmeldung
1346	56	1	0	1	0		xDDS_RM_Rel_52_1_4	Fehlermeldung nicht plausible Rückmeldung
1346	57	1	0	1	0		xDDS_LTAusErdschl	LT ausschalten wegen Erdschluss
1346	58	1	0	1	0		DDS_xSig1642	Trafoschutz angesprochen (Trafoschutz aktiv)
1346	59	1	0	1	0		DDS_xSig1643	Trafoschutz angesprochen, Primär-Strom-Überwachung
1346	60	1	0	1	0		DDS_xSig1644	Trafoschutz angesprochen, Primär-Leistungs-Überwachung
1347	0	1	0	1	0		DDS_xSig0029	Keine Kommunikation FIS  ELA A
1347	1	1	0	1	0		DDS_xSig0030	Keine Kommunikation FIS  ELA B
1347	2	1	0	1	0		DDS_xSig0525	FIS Softwarefehler: Programm konnte nicht gestartet werden
1347	3	1	0	1	0		DDS_xSig1624	Einer der Switches ist ausgefallen
1347	4	1	0	1	0		DDS_xSig1179	GPS : Es werden keine Daten mehr empfangen.
1347	5	1	0	1	0		DDS_xSig1178	Diagnose Daten konnten nicht übertragen werden. Keine Verbindung zum Server
1347	6	1	0	1	0		DDS_xSig1686	Applikation, Parameter oder Daten Update läuft
1347	7	1	0	1	0		DDS_xSig0054	Aktivierung Applikation fehlgeschlagen
1347	8	1	0	1	0		DDS_xSig0055	Aktivierung Parameter fehlgeschlagen
1347	9	1	0	1	0		DDS_xSig0053	Aktivierung Daten fehlgeschlagen
1347	10	1	0	1	0		DDS_xSig1372	Keine Kommunikation FIS-Bedienpanel A
1347	11	1	0	1	0		DDS_xSig1373	Keine Kommunikation FIS-Bedienpanel B
1347	14	1	0	1	0		DDS_xSig1271	Keine Kommunikation FIS  einfache Innen-LED(s)
1347	15	1	0	1	0		DDS_xSig1333	Keine WLAN Verbindung
1347	16	1	0	1	0		DDS_xSig1272	Keine Kommunikation FIS  einfache Innen-LED(s)
1347	17	1	0	1	0		DDS_xSig1270	Keine Kommunikation FIS  Frontanzeige(n)
1347	18	1	0	1	0		DDS_xSig1631	Keine Kommunikation FIS  Bildschirm(e)
1347	19	1	0	1	0		DDS_xSig1702	Der Videorecorder meldet eine Störung
1347	20	1	0	1	0		DDS_xSig1245	Keine Kommunikation FIS - Innenkamera(s)
1347	21	1	0	1	0		DDS_xSig1364	Keine Kommunikation FIS  Aussenkamera(s)
1347	22	1	0	1	0		DDS_xSig0269	Keine Kommunikation FIS - Notsprechstelle(n)
1347	24	1	0	1	0		DDS_xSig1316	Keine CAN-Verbindung zu mindestens einem der Slaves
1347	30	1	0	1	0		DDS_xSig1318	Keine GPRS Verbindung
1347	31	1	0	1	0		DDS_xSig1180	Kein GPS Empfang (Normaler Zustand zB in Tunnel)
1347	32	1	0	1	0		DDS_xSig0010	Fehler APFZ
1347	33	1	0	1	0		DDS_xSig0009	Event APFZ
1347	34	1	0	1	0		DDS_xSig0199	Neue Bereitstellzeit von FZPF (Wert oder Reset)
1347	35	1	0	1	0		DDS_xSig0198	Bereitstellzeit von FZPF nicht aktiv
1347	36	1	0	1	0		DDS_xSig0197	Bereitstellzeit von FZPF
1347	37	1	0	1	0		DDS_xSig1385	Plausibilität Ansteuerung SB Ventil
1347	38	1	0	1	0		DDS_xSig1386	Plausibilität Rückmeldung Schnellbremsventil (Schnellbremsauslösunng durch unbekannt)
1347	39	1	0	1	0		DDS_xSig0201	Bestätigung der Zugkonfiguration erforderlich
1347	40	1	0	1	0		DDS_xSig1387	Plausibilität Ansteuerung Schnellbremsung durch VSTL Flirt TSI
1347	41	1	0	1	0		DDS_xSig1409	Fehler Plausibilität Grünschleife (Möglicher Fehler in ConnectionBox Flirt TSI)
1348	0	1	0	1	0		DDS_xSig0666	Störung Türe 1 Links Fahrzeug 3
1348	1	1	0	1	0		DDS_xSig0669	Störung Türe 1 Rechts Fahrzeug 3
1348	2	1	0	1	0		DDS_xSig0672	Störung Türe 2 Links Fahrzeug 3
1348	3	1	0	1	0		DDS_xSig0675	Störung Türe 2 Rechts Fahrzeug 3
1348	4	1	0	1	0		DDS_xSig0678	Störung Türe 3 Links Fahrzeug 3
1348	5	1	0	1	0		DDS_xSig0681	Störung Türe 3 Rechts Fahrzeug 3
1348	6	1	0	1	0		DDS_xSig0684	Störung Türe 4 Links Fahrzeug 3
1348	7	1	0	1	0		DDS_xSig0687	Störung Türe 4 Rechts Fahrzeug 3
1348	8	1	0	1	0		DDS_xSig0690	Störung Türe 5 Links Fahrzeug 3
1348	9	1	0	1	0		DDS_xSig0693	Störung Türe 5 Rechts Fahrzeug 3
1348	10	1	0	1	0		DDS_xSig0696	Störung Türe 6 Links Fahrzeug 3
1348	11	1	0	1	0		DDS_xSig0699	Störung Türe 6 Rechts Fahrzeug 3
1348	12	1	0	1	0		DDS_xSig0702	Störung Türe 7 Links Fahrzeug 3
1348	13	1	0	1	0		DDS_xSig0705	Störung Türe 7 Rechts Fahrzeug 3
1348	14	1	0	1	0		DDS_xSig0708	Störung Türe 8 Links Fahrzeug 3
1348	15	1	0	1	0		DDS_xSig0711	Störung Türe 8 Rechts Fahrzeug 3
1348	16	1	0	1	0		DDS_xSig0468	Türe 1 Links Fahrzeug 3 abgetrennt
1348	17	1	0	1	0		DDS_xSig0471	Türe 1 Rechts Fahrzeug 3 abgetrennt
1348	18	1	0	1	0		DDS_xSig0474	Türe 2 Links Fahrzeug 3 abgetrennt
1348	19	1	0	1	0		DDS_xSig0477	Türe 2 Rechts Fahrzeug 3 abgetrennt
1348	20	1	0	1	0		DDS_xSig0480	Türe 3 Links Fahrzeug 3 abgetrennt
1348	21	1	0	1	0		DDS_xSig0483	Türe 3 Rechts Fahrzeug 3 abgetrennt
1348	22	1	0	1	0		DDS_xSig0486	Türe 4 Links Fahrzeug 3 abgetrennt
1348	23	1	0	1	0		DDS_xSig0489	Türe 4 Rechts Fahrzeug 3 abgetrennt
1348	24	1	0	1	0		DDS_xSig0492	Türe 5 Links Fahrzeug 3 abgetrennt
1348	25	1	0	1	0		DDS_xSig0495	Türe 5 Rechts Fahrzeug 3 abgetrennt
1348	26	1	0	1	0		DDS_xSig0498	Türe 6 Links Fahrzeug 3 abgetrennt
1348	27	1	0	1	0		DDS_xSig0501	Türe 6 Rechts Fahrzeug 3 abgetrennt
1348	28	1	0	1	0		DDS_xSig0504	Türe 7 Links Fahrzeug 3 abgetrennt
1348	29	1	0	1	0		DDS_xSig0507	Türe 7 Rechts Fahrzeug 3 abgetrennt
1348	30	1	0	1	0		DDS_xSig0510	Türe 8 Links Fahrzeug 3 abgetrennt
1348	31	1	0	1	0		DDS_xSig0513	Türe 8 Rechts Fahrzeug 3 abgetrennt
1348	32	1	0	1	0		DDS_xSig0570	Störung Tritt 1 Links Fahrzeug 3
1348	33	1	0	1	0		DDS_xSig0573	Störung Tritt 1 Rechts Fahrzeug 3
1348	34	1	0	1	0		DDS_xSig0576	Störung Tritt 2 Links Fahrzeug 3
1348	35	1	0	1	0		DDS_xSig0579	Störung Tritt 2 Rechts Fahrzeug 3
1348	36	1	0	1	0		DDS_xSig0582	Störung Tritt 3 Links Fahrzeug 3
1348	37	1	0	1	0		DDS_xSig0585	Störung Tritt 3 Rechts Fahrzeug 3
1348	38	1	0	1	0		DDS_xSig0588	Störung Tritt 4 Links Fahrzeug 3
1348	39	1	0	1	0		DDS_xSig0591	Störung Tritt 4 Rechts Fahrzeug 3
1348	40	1	0	1	0		DDS_xSig0594	Störung Tritt 5 Links Fahrzeug 3
1348	41	1	0	1	0		DDS_xSig0597	Störung Tritt 5 Rechts Fahrzeug 3
1348	42	1	0	1	0		DDS_xSig0600	Störung Tritt 6 Links Fahrzeug 3
1348	43	1	0	1	0		DDS_xSig0603	Störung Tritt 6 Rechts Fahrzeug 3
1348	44	1	0	1	0		DDS_xSig0606	Störung Tritt 7 Links Fahrzeug 3
1348	45	1	0	1	0		DDS_xSig0609	Störung Tritt 7 Rechts Fahrzeug 3
1348	46	1	0	1	0		DDS_xSig0612	Störung Tritt 8 Links Fahrzeug 3
1348	47	1	0	1	0		DDS_xSig0615	Störung Tritt 8 Rechts Fahrzeug 3
1348	48	1	0	1	0		DDS_xSig0372	Tritt 1 Links Fahrzeug 3 abgetrennt
1348	49	1	0	1	0		DDS_xSig0375	Tritt 1 Rechts Fahrzeug 3 abgetrennt
1348	50	1	0	1	0		DDS_xSig0378	Tritt 2 Links Fahrzeug 3 abgetrennt
1348	51	1	0	1	0		DDS_xSig0381	Tritt 2 Rechts Fahrzeug 3 abgetrennt
1348	52	1	0	1	0		DDS_xSig0384	Tritt 3 Links Fahrzeug 3 abgetrennt
1348	53	1	0	1	0		DDS_xSig0387	Tritt 3 Rechts Fahrzeug 3 abgetrennt
1348	54	1	0	1	0		DDS_xSig0390	Tritt 4 Links Fahrzeug 3 abgetrennt
1348	55	1	0	1	0		DDS_xSig0393	Tritt 4 Rechts Fahrzeug 3 abgetrennt
1348	56	1	0	1	0		DDS_xSig0396	Tritt 5 Links Fahrzeug 3 abgetrennt
1348	57	1	0	1	0		DDS_xSig0399	Tritt 5 Rechts Fahrzeug 3 abgetrennt
1348	58	1	0	1	0		DDS_xSig0402	Tritt 6 Links Fahrzeug 3 abgetrennt
1348	59	1	0	1	0		DDS_xSig0405	Tritt 6 Rechts Fahrzeug 3 abgetrennt
1348	60	1	0	1	0		DDS_xSig0408	Tritt 7 Links Fahrzeug 3 abgetrennt
1348	61	1	0	1	0		DDS_xSig0411	Tritt 7 Rechts Fahrzeug 3 abgetrennt
1348	62	1	0	1	0		DDS_xSig0414	Tritt 8 Links Fahrzeug 3 abgetrennt
1348	63	1	0	1	0		DDS_xSig0417	Tritt 8 Rechts Fahrzeug 3 abgetrennt
1349	0	1	0	1	0		DP_xSig2320	Display Lupe Fahrzeug : Stoerung Batterieladung Wagen A Fahrzeug 1
1349	1	1	0	1	0		DP_xSig1977	Display Lupe Fahrzeug : Batterieladung AUS Wagen A Fahrzeug 1
1349	2	1	0	1	0		DP_xSig2324	Display Lupe Fahrzeug : Stoerung Batterieladung Wagen B Fahrzeug 1
1349	3	1	0	1	0		DP_xSig1981	Display Lupe Fahrzeug : Batterieladung AUS Wagen B Fahrzeug 1
1349	4	1	0	1	0		DP_xSig2321	Display Lupe Fahrzeug : Stoerung Batterieladung Wagen A Fahrzeug 2
1349	5	1	0	1	0		DP_xSig1978	Display Lupe Fahrzeug : Batterieladung AUS Wagen A Fahrzeug 2
1349	6	1	0	1	0		DP_xSig2325	Display Lupe Fahrzeug : Stoerung Batterieladung Wagen B Fahrzeug 2
1349	7	1	0	1	0		DP_xSig1982	Display Lupe Fahrzeug : Batterieladung AUS Wagen B Fahrzeug 2
1349	8	1	0	1	0		DP_xSig2328	Display Lupe Fahrzeug : Stoerung Batterieladung Wagen G Fahrzeug 2
1349	9	1	0	1	0		DP_xSig1985	Display Lupe Fahrzeug : Batterieladung AUS Wagen G Fahrzeug 2
1349	10	1	0	1	0		DP_xSig2331	Display Lupe Fahrzeug : Stoerung Batterieladung Wagen H Fahrzeug 2
1349	11	1	0	1	0		DP_xSig1988	Display Lupe Fahrzeug : Batterieladung AUS Wagen H Fahrzeug 2
1349	12	1	0	1	0		DP_xSig2322	Display Lupe Fahrzeug : Stoerung Batterieladung Wagen A Fahrzeug 3
1349	13	1	0	1	0		DP_xSig1979	Display Lupe Fahrzeug : Batterieladung AUS Wagen A Fahrzeug 3
1349	14	1	0	1	0		DP_xSig2326	Display Lupe Fahrzeug : Stoerung Batterieladung Wagen B Fahrzeug 3
1349	15	1	0	1	0		DP_xSig1983	Display Lupe Fahrzeug : Batterieladung AUS Wagen B Fahrzeug 3
1349	16	1	0	1	0		DP_xSig2329	Display Lupe Fahrzeug : Stoerung Batterieladung Wagen G Fahrzeug 3
1349	17	1	0	1	0		DP_xSig1986	Display Lupe Fahrzeug : Batterieladung AUS Wagen G Fahrzeug 3
1349	18	1	0	1	0		DP_xSig2332	Display Lupe Fahrzeug : Stoerung Batterieladung Wagen H Fahrzeug 3
1349	19	1	0	1	0		DP_xSig1989	Display Lupe Fahrzeug : Batterieladung AUS Wagen H Fahrzeug 3
1349	20	1	0	1	0		DP_xSig2323	Display Lupe Fahrzeug : Stoerung Batterieladung Wagen A Fahrzeug 4
1349	21	1	0	1	0		DP_xSig1980	Display Lupe Fahrzeug : Batterieladung AUS Wagen A Fahrzeug 4
1349	22	1	0	1	0		DP_xSig2327	Display Lupe Fahrzeug : Stoerung Batterieladung Wagen B Fahrzeug 4
1349	23	1	0	1	0		DP_xSig1984	Display Lupe Fahrzeug : Batterieladung AUS Wagen B Fahrzeug 4
1349	24	1	0	1	0		DP_xSig2330	Display Lupe Fahrzeug : Stoerung Batterieladung Wagen G Fahrzeug 4
1349	25	1	0	1	0		DP_xSig1987	Display Lupe Fahrzeug : Batterieladung AUS Wagen G Fahrzeug 4
1349	26	1	0	1	0		DP_xSig2333	Display Lupe Fahrzeug : Stoerung Batterieladung Wagen H Fahrzeug 4
1349	27	1	0	1	0		DP_xSig1990	Display Lupe Fahrzeug : Batterieladung AUS Wagen H Fahrzeug 4
1349	28	1	0	1	0		DDS_xSig0742	Fahrsperre: Inkompatible Bremssteuerungen
1349	29	1	0	1	0		DDS_xSig0212	Reduzierte Bremswirkung (Mischtraktion)
1349	32	1	0	1	0		DDS_xSig0619	
1349	33	1	0	1	0		DDS_xSig0529	
1349	34	1	0	1	0		DDS_xSig0535	
1349	35	1	0	1	0		DDS_xSig0541	
1349	36	1	0	1	0		DDS_xSig0547	
1349	37	1	0	1	0		DDS_xSig0553	
1349	38	1	0	1	0		DDS_xSig0559	
1349	39	1	0	1	0		DDS_xSig0565	
1349	40	1	0	1	0		DDS_xSig0622	
1349	41	1	0	1	0		DDS_xSig0532	
1349	42	1	0	1	0		DDS_xSig0538	
1349	43	1	0	1	0		DDS_xSig0544	
1349	44	1	0	1	0		DDS_xSig0550	
1349	45	1	0	1	0		DDS_xSig0556	
1349	46	1	0	1	0		DDS_xSig0562	
1349	47	1	0	1	0		DDS_xSig0568	
1349	48	1	0	1	0		DDS_xSig0419	
1349	49	1	0	1	0		DDS_xSig0329	
1349	50	1	0	1	0		DDS_xSig0335	
1349	51	1	0	1	0		DDS_xSig0341	
1349	52	1	0	1	0		DDS_xSig0347	
1349	53	1	0	1	0		DDS_xSig0353	
1349	54	1	0	1	0		DDS_xSig0359	
1349	55	1	0	1	0		DDS_xSig0365	
1349	56	1	0	1	0		DDS_xSig0422	
1349	57	1	0	1	0		DDS_xSig0332	
1349	58	1	0	1	0		DDS_xSig0338	
1349	59	1	0	1	0		DDS_xSig0344	
1349	60	1	0	1	0		DDS_xSig0350	
1349	61	1	0	1	0		DDS_xSig0356	
1349	62	1	0	1	0		DDS_xSig0362	
1349	63	1	0	1	0		DDS_xSig0368	
1394	0	1	0	1	0		DDS_xSig0049	Information Werkstatt : Zaehler Achsgeschwindigkeit eingefroren &gt; 1 , Achse 6
1394	1	1	0	1	0		DDS_xSig0050	Information Werkstatt : Zaehler Achsgeschwindigkeit eingefroren &gt; 1 , Achse 7
1394	2	1	0	1	0		DDS_xSig0051	Information Werkstatt : Zaehler Achsgeschwindigkeit eingefroren &gt; 1 , Achse 8
1394	3	1	0	1	0		DDS_xSig0052	Information Werkstatt : Zaehler Achsgeschwindigkeit eingefroren &gt; 1 , Achse 9
1394	4	1	0	1	0		DDS_xSig0044	Information Werkstatt : Zaehler Achsgeschwindigkeit eingefroren &gt; 1 , Achse 10
1394	5	1	0	1	0		DDS_xSig0200	Fahrsperre Bestätigung Zugkonfiguration , Aufforderung nicht aktiv
1394	6	1	0	1	0		DDS_xSig0740	Fahrsperre : Bestätigung Zugkonfiguration anstehend
1394	7	1	0	1	0		DDS_xSig0770	Fahrsperre: Türfreigabe ohne Autorisation
1394	8	8	0	1	0		UMF_bZaehlerAchseFrier6	Zaehler Achsgeschwindigkeit eingefroren, Achse 6
1394	16	8	0	1	0		UMF_bZaehlerAchseFrier7	Zaehler Achsgeschwindigkeit eingefroren, Achse 7
1394	24	8	0	1	0		UMF_bZaehlerAchseFrier8	Zaehler Achsgeschwindigkeit eingefroren, Achse 8
1394	32	8	0	1	0		UMF_bZaehlerAchseFrier9	Zaehler Achsgeschwindigkeit eingefroren, Achse 9
1394	40	8	0	1	0		UMF_bZaehlerAchseFrier10	Zaehler Achsgeschwindigkeit eingefroren, Achse 10
1394	48	8	0	1	0		UMF_bOrderMotorTeillast	Reihenfolge der Motoren im Teillastbetrieb  (2 Bit pro Moror mit Wert 0 bis 3 entspricht 1 bis 4 - SR1_A , SR2_A, SR2_B, SR1_B )
1397	0	1	0	1	0		DDS_xSig1253	Fehler Umluftheizer Einstieg KL1 (Wagen A/B)
1397	1	1	0	1	0		DDS_xSig1254	Fehler Umluftheizer Übergang KL1 (Wagen A/B)
1397	2	1	0	1	0		DDS_xSig1255	Fehler Umluftheizer Einstieg KL2 (Wagen C/D)
1397	3	1	0	1	0		DDS_xSig1256	Fehler Umluftheizer Übergang KL2 (Wagen C/D)
1397	4	1	0	1	0		DDS_xSig1664	Übertemperatur der Konvektionsheizkörper im Wagen A/B
1397	5	1	0	1	0		DDS_xSig1257	Klima ausgeschaltet durch Lokführer oder BBA
1397	6	1	0	1	0		DDS_xSig1665	Übertemperatur der Konvektionsheizkörper im Wagen C/D
1397	7	1	0	1	0		DDS_xSig1474	Fehler Konvektionsheizung Uebertemperatur Sicherheitskette Wagen A/B
1397	8	1	0	1	0		DDS_xSig1475	Fehler Konvektionsheizung Uebertemperatur Sicherheitskette Wagen C/D
1397	9	1	0	1	0		DDS_xSig1488	Nischenheizung FR Sperrung Übertemperatur
1397	10	1	0	1	0		DDS_xSig1416	Nischenheizung FR Leistungsreduktion Übertemperatur
1397	11	1	0	1	0		DDS_xSig1701	Klimasteuerung Führerraum übersteuert Schlummermode
1397	13	1	0	1	0		DDS_xSig1730	Störung von Steuerung  WC: Übertemperatur Heizung
1397	16	1	0	1	0		DDS_xSig0247	Dienstbeleuchtung Störung
1397	17	1	0	1	0		DDS_xSig1752	Dienstbeleuchtung nach Zugstrennung eingerichtet
1397	19	1	0	1	0		DDS_xSig1420	Reset Dienstbeleuchtung nach Zugstrennung
1397	20	1	0	1	0		DDS_xSig0248	Störung Dienstbeleuchtung Fahrzeug 2
1397	21	1	0	1	0		DDS_xSig0249	Störung Dienstbeleuchtung Fahrzeug 3
1397	22	1	0	1	0		DDS_xSig0250	Störung Dienstbeleuchtung Fahrzeug 4
1397	24	1	0	1	0		DDS_StoerungDruck_Kammer1_A	Störung Druck Lufttrockner Kammer 1 Kompressor Seite 1
1397	25	1	0	1	0		DDS_StoerungDruck_Kammer2_A	Störung Druck Lufttrockner Kammer 2 Kompressor Seite 1
1397	26	1	0	1	0		DDS_StoerungDruck_Kammer1_B	Störung Druck Lufttrockner Kammer 1 Kompressor Seite 2
1397	27	1	0	1	0		DDS_StoerungDruck_Kammer2_B	Störung Druck Lufttrockner Kammer 2 Kompressor Seite 2
1397	28	1	0	1	0		DDS_StoegMagnetventil_Kammer1_A	Störung Druck Lufttrockner Magnetventil Kammer 1 Kompressor Seite 1
1397	29	1	0	1	0		DDS_StoegMagnetventil_Kammer2_A	Störung Druck Lufttrockner Magnetventil Kammer 2 Kompressor Seite 1
1397	30	1	0	1	0		DDS_StoegMagnetventil_Kammer1_B	Störung Druck Lufttrockner Magnetventil Kammer 1 Kompressor Seite 2
1397	31	1	0	1	0		DDS_StoegMagnetventil_Kammer2_B	Störung Druck Lufttrockner Magnetventil Kammer 2 Kompressor Seite 2
1397	32	1	0	1	0		DDS_xSig1551	Störung Druck-Sensor Lufttrockner Kammer 1 Kompressor Seite 1
1397	33	1	0	1	0		DDS_xSig1553	Störung Druck-Sensor Lufttrockner Kammer 2 Kompressor Seite 1
1397	34	1	0	1	0		DDS_xSig1552	Störung Druck-Sensor Lufttrockner Kammer 1 Kompressor Seite 2
1397	35	1	0	1	0		DDS_xSig1554	Störung Druck-Sensor Lufttrockner Kammer 2 Kompressor Seite 2
1397	36	1	0	1	0		DDS_xSig1723	Störung von Steuerung  WC: Frostentleerung klein aktiv
1397	37	1	0	1	0		DDS_xSig1716	Störung von Steuerung  WC: Fäkalientank 95% voll
1397	38	1	0	1	0		DDS_xSig1722	Störung von Steuerung  WC: Frostentleerung gross aktiv
1397	39	1	0	1	0		DDS_xSig1728	Störung von Steuerung  WC: Störung Bioreaktor
1397	40	1	0	1	0		DDS_xSig1729	Störung von Steuerung  WC:  Mindestens 1 Temperatur nicht mehr plausibel
1397	41	1	0	1	0		DDS_xSig1725	Störung von Steuerung  WC: Kein Frischwasser vorhanden (I3)
1397	42	1	0	1	0		DDS_xSig1715	Störung von Steuerung  WC: Dowald Fehler R1
1397	43	1	0	1	0		DDS_xSig1724	Störung von Steuerung  WC: Kein Druck vorhanden
1397	44	1	0	1	0		DDS_xSig1721	Störung von Steuerung  WC: Fehler Heizung
1397	45	1	0	1	0		DDS_xSig1726	Störung von Steuerung  WC: Kurzschluss auf einem Ausgang
1397	46	1	0	1	0		DDS_xSig1727	Störung von Steuerung  WC: Powerfail Erweiterungsmodul
1397	47	1	0	1	0		DDS_xSig1731	Störung von Steuerung  WC: Fehler Grauwasserentleerung 1
1397	48	1	0	1	0		DDS_xSig1720	Störung von Steuerung  WC: Fehler Grauwasserentleerung 2
1397	49	1	0	1	0		DDS_xSig1719	Störung von Steuerung  WC: Fehler Füllstandsensor
1397	50	1	0	1	0		DDS_xSig1717	Störung von Steuerung  WC: Fehler DS21
1397	51	1	0	1	0		DDS_xSig1732	Störung von Steuerung  WC: Fehler EjektorVerstopft DS23
1397	52	1	0	1	0		DDS_xSig1712	Störung von Steuerung  WC: Fehler KeinDruckaufbau DS23
1397	53	1	0	1	0		DDS_xSig1718	Störung von Steuerung  WC:  Fehler DS7
1397	54	1	0	1	0		DDS_xSig1469	Schnellbremsung in Parkstellung
1397	55	1	0	1	0		DDS_xSig1711	WC-Entleerung freigegeben
1397	56	1	0	1	0		DDS_xSig0203	WC Biotank zu 80 Prozent voll    (mit Bioreaktor)
1397	57	1	0	1	0		DDS_xSig1714	WC Sammelstörung
1397	58	1	0	1	0		DDS_xSig1713	WC Frischwasser weniger 20 Prozent gefüllt
1397	59	1	0	1	0		DDS_xSig0865	WC-Notruf Fahrzeug 1
1397	60	1	0	1	0		DDS_xSig0956	WC-Notruf Fahrzeug 2
1397	61	1	0	1	0		DDS_xSig1047	WC-Notruf Fahrzeug 3
1397	62	1	0	1	0		DDS_xSig1138	WC-Notruf Fahrzeug 4
1397	63	1	0	1	0		DDS_xSig0720	WC Fäkalientank zu 80 Prozent voll (ohne Bioreaktor)
1398	0	1	0	1	0		DDS_xSig0827	Gruppenalarm 1 (Stromabnehmer) von Fahrzeug 1 , Abschaltung
1398	1	1	0	1	0		DDS_xSig0839	Gruppenalarm 2 (Hauptstrom) von Fahrzeug 1 , Abschaltung
1398	2	1	0	1	0		DDS_xSig0845	Gruppenalarm 3 (Stromrichter 1) von Fahrzeug 1 , Abschaltung
1398	3	1	0	1	0		DDS_xSig0847	Gruppenalarm 4 (Stromrichter 2) von Fahrzeug 1 , Abschaltung
1398	4	1	0	1	0		DDS_xSig0849	Gruppenalarm 5 (Stromrichter 3) von Fahrzeug 1 , Abschaltung
1398	5	1	0	1	0		DDS_xSig0851	Gruppenalarm 6 (Stromrichter 4) von Fahrzeug 1 , Abschaltung
1398	6	1	0	1	0		DDS_xSig0853	Gruppenalarm 7 (Pneumatik) von Fahrzeug 1 , Abschaltung
1398	7	1	0	1	0		DDS_xSig0855	Gruppenalarm 8 (Reserve) von Fahrzeug 1 , Abschaltung
1398	8	1	0	1	0		DDS_xSig0857	Gruppenalarm 9 (Hilfsbetriebe) von Fahrzeug 1 , Abschaltung
1398	9	1	0	1	0		DDS_xSig0807	Gruppenalarm 10 (Bremsen) von Fahrzeug 1 , Abschaltung
1398	10	1	0	1	0		DDS_xSig0809	Gruppenalarm 11 (Leittechnik) von Fahrzeug 1 , Abschaltung
1398	11	1	0	1	0		DDS_xSig0811	Gruppenalarm 12 (Klimaanlage Wagen A, Endwagen 1) von Fahrzeug 1 , Abschaltung
1398	12	1	0	1	0		DDS_xSig0813	Gruppenalarm 13 (Klimaanlage Wagen B, Endwagen 2) von Fahrzeug 1 , Abschaltung
1398	13	1	0	1	0		DDS_xSig0815	Gruppenalarm 14 (Klimaanlage Wagen C, Mittelwagen) von Fahrzeug 1 , Abschaltung
1398	14	1	0	1	0		DDS_xSig0817	Gruppenalarm 15 (Klimaanlage Wagen D) von Fahrzeug 1 , Abschaltung
1398	15	1	0	1	0		DDS_xSig0819	Gruppenalarm 16 (Klimaanlage Wagen E) von Fahrzeug 1 , Abschaltung
1398	16	1	0	1	0		DDS_xSig0821	Gruppenalarm 17 (Klimaanlage Wagen F) von Fahrzeug 1 , Abschaltung
1398	17	1	0	1	0		DDS_xSig0823	Gruppenalarm 18 (Türen/Tritte Wagen A, Endwagen 1) von Fahrzeug 1 , Abschaltung
1398	18	1	0	1	0		DDS_xSig0825	Gruppenalarm 19 (Türen/Tritte Wagen B, Endwagen 2) von Fahrzeug 1 , Abschaltung
1398	19	1	0	1	0		DDS_xSig0829	Gruppenalarm 20 (Türen/Tritte Wagen C, Mittelwagen) von Fahrzeug 1 , Abschaltung
1398	20	1	0	1	0		DDS_xSig0831	Gruppenalarm 21 (Türen/Tritte Wagen D) von Fahrzeug 1 , Abschaltung
1398	21	1	0	1	0		DDS_xSig0833	Gruppenalarm 22 (Türen/Tritte Wagen E) von Fahrzeug 1 , Abschaltung
1398	22	1	0	1	0		DDS_xSig0835	Gruppenalarm 23 (Türen/Tritte Wagen F) von Fahrzeug 1 , Abschaltung
1398	23	1	0	1	0		DDS_xSig0837	Gruppenalarm 24 (WC)  von Fahrzeug 1 , Abschaltung
1398	24	1	0	1	0		DDS_xSig0889	Gruppenalarm 1 (Stromabnehmer) von Fahrzeug 2 , Abschaltung
1398	25	1	0	1	0		DDS_xSig0911	Gruppenalarm 2 (Hauptstrom) von Fahrzeug 2 , Abschaltung
1398	26	1	0	1	0		DDS_xSig0933	Gruppenalarm 3 (Stromrichter 1) von Fahrzeug 2 , Abschaltung
1398	27	1	0	1	0		DDS_xSig0937	Gruppenalarm 4 (Stromrichter 2) von Fahrzeug 2 , Abschaltung
1398	28	1	0	1	0		DDS_xSig0939	Gruppenalarm 5 (Stromrichter 3) von Fahrzeug 2 , Abschaltung
1398	29	1	0	1	0		DDS_xSig0941	Gruppenalarm 6 (Stromrichter 4) von Fahrzeug 2 , Abschaltung
1398	30	1	0	1	0		DDS_xSig0943	Gruppenalarm 7 (Pneumatik) von Fahrzeug 2 , Abschaltung
1398	31	1	0	1	0		DDS_xSig0945	Gruppenalarm 8 (Reserve) von Fahrzeug 2 , Abschaltung
1398	32	1	0	1	0		DDS_xSig0947	Gruppenalarm 9 (Hilfsbetriebe) von Fahrzeug 2 , Abschaltung
1398	33	1	0	1	0		DDS_xSig0869	Gruppenalarm 10 (Bremsen) von Fahrzeug 2 , Abschaltung
1398	34	1	0	1	0		DDS_xSig0871	Gruppenalarm 11 (Leittechnik) von Fahrzeug 2 , Abschaltung
1398	35	1	0	1	0		DDS_xSig0873	Gruppenalarm 12 (Klimaanlage Wagen A, Endwagen 1) von Fahrzeug 2 , Abschaltung
1398	36	1	0	1	0		DDS_xSig0875	Gruppenalarm 13 (Klimaanlage Wagen B, Endwagen 2) von Fahrzeug 2 , Abschaltung
1398	37	1	0	1	0		DDS_xSig0877	Gruppenalarm 14 (Klimaanlage Wagen C, Mittelwagen) von Fahrzeug 2 , Abschaltung
1398	38	1	0	1	0		DDS_xSig0879	Gruppenalarm 15 (Klimaanlage Wagen D) von Fahrzeug 2 , Abschaltung
1398	39	1	0	1	0		DDS_xSig0881	Gruppenalarm 16 (Klimaanlage Wagen E) von Fahrzeug 2 , Abschaltung
1398	40	1	0	1	0		DDS_xSig0883	Gruppenalarm 17 (Klimaanlage Wagen F) von Fahrzeug 2 , Abschaltung
1398	41	1	0	1	0		DDS_xSig0885	Gruppenalarm 18 (Türen/Tritte Wagen A, Endwagen 1) von Fahrzeug 2 , Abschaltung
1398	42	1	0	1	0		DDS_xSig0887	Gruppenalarm 19 (Türen/Tritte Wagen B, Endwagen 2) von Fahrzeug 2 , Abschaltung
1398	43	1	0	1	0		DDS_xSig0891	Gruppenalarm 20 (Türen/Tritte Wagen C, Mittelwagen) von Fahrzeug 2 , Abschaltung
1398	44	1	0	1	0		DDS_xSig0893	Gruppenalarm 21 (Türen/Tritte Wagen D) von Fahrzeug 2 , Abschaltung
1398	45	1	0	1	0		DDS_xSig0895	Gruppenalarm 22 (Türen/Tritte Wagen E) von Fahrzeug 2 , Abschaltung
1398	46	1	0	1	0		DDS_xSig0897	Gruppenalarm 23 (Türen/Tritte Wagen F) von Fahrzeug 2 , Abschaltung
1398	47	1	0	1	0		DDS_xSig0899	Gruppenalarm 24 (WC)  von Fahrzeug 2 , Abschaltung
1399	0	1	0	1	0		DDS_xSig0763	Fahrsperre : V-Messanlage (SIFA TELOC)
1399	1	1	0	1	0		DDS_xSig0766	Fahrsperre : Störung Scheibebremse
1399	2	1	0	1	0		DDS_xSig0775	Fahrsperre VACMA
1399	3	1	0	1	0		DDS_xSig0771	Fahrsperre : Türe offen
1399	4	1	0	1	0		DDS_xSig0776	Fahrsperre : Geschwindigkeitsüberschreitung
1399	5	1	0	1	0		DDS_xSig1748	Fahrsperre : geführtes Fahrzeug (nicht überbrückbar)
1399	6	1	0	1	0		DDS_xSig0779	Fahrsperre : Zugstrennung
1399	7	1	0	1	0		DDS_xSig1751	Fahrsperre : geführtes Fahrzeug (überbrückbar)
1399	8	1	0	1	0		DDS_xSig0767	Fahrsperre : Störung Zugbus (Powerline)
1399	9	1	0	1	0		DDS_xSig0751	Fahrsperre : Gleitschutztest ist aktiv (überbrückbar)
1399	10	1	0	1	0		DDS_xSig0749	Fahrsperre : Keine Fahrrichtung eigenes oder geführtes Fahrzeug
1399	11	1	0	1	0		DDS_xSig1425	Fahrsperre : Fahrrichtungsänderung in Fahrt
1399	12	1	0	1	0		DDS_xSig0741	Fahrsperre : Pneumatische Bremse ist fest
1399	13	1	0	1	0		DDS_xSig0748	Fahrsperre : zu grosse Druckvorgabe durch Fahr-Brems-Hebel
1399	14	1	0	1	0		DDS_xSig0750	Fahrsperre : Federspeicher fest
1399	15	1	0	1	0		DDS_xSig0752	Fahrsperre : zu geringer Hauptleitungsdruck
1399	16	1	0	1	0		DDS_xSig0753	Fahrsperre : Inbetriebsetzungsschalter nicht auf HS Ein
1399	17	1	0	1	0		DDS_xSig0762	Fahrsperre : Schnellbremsung
1399	18	1	0	1	0		DDS_xSig0769	Fahrsperre : Freigegebene Türen
1399	19	1	0	1	0		DDS_xSig0758	Fahrsperre bei eingelegter Parkstellung
1399	20	1	0	1	0		DDS_xSig0755	Fahrsperre bei mittlerem aufgerüstetem FR
1399	21	1	0	1	0		DDS_xSig0761	Tuere offen : Schnellbremsung
1399	22	1	0	1	0		DDS_xSig0760	Schlauchbruch Federspeicher : Schnellbremsung
1399	23	1	0	1	0		DDS_xSig0005	Fahrsperre: Ausfall beider Hauptleitungssensoren
1399	24	1	0	1	0		DDS_xSig0006	Fahrsperre: Ausfall beider Speiseleitungssensoren
1399	25	1	0	1	0		DDS_xSig0768	Fahrsperre : Türen CAN
1399	26	1	0	1	0		DDS_xSig0772	Fahrsperre : Türtritt ausgefahren
1399	27	1	0	1	0		DDS_xSig0743	Fahrsperre : Beide E243 im führenden Fahrzeug abgetrennt sind. Bestätigung mit Entpannungstaste nötig
1399	28	1	0	1	0		DDS_xSig0764	Fahrsperre : Zu geringer Speiseleitungsdruck
1399	29	1	0	1	0		DDS_xSig0738	Fahrsperre : Mehr als 4 Fahrzeuge im Zugverband
1399	30	1	0	1	0		DDS_xSig0737	Fahrsperre : Mehr als 3 Fahrzeuge im Zugverband (Flirt III im Zugverband)
1399	32	1	0	1	0		DDS_xSig0773	Fahrsperrüberbrückung aktiv Seite 1
1399	33	1	0	1	0		DDS_xSig1675	Zeitregistriereung der Überbrückung der Fahrsperre beide E243 abgetrennt (wird nicht am Display angezeigt)
1399	34	1	0	1	0		DDS_xSig0526	Fahrsperre Ausfall FLG
1399	35	1	0	1	0		DDS_xSig0774	Fahrsperrüberbrückung aktiv Seite 2
1399	36	1	0	1	0		DDS_xSig0747	Fahrsperre : Elektrisch gekuppelt (Rückwärtskuppeln)
1400	0	8	0	10	0	kW	DP_bSig1805	Display Hilfsbetriebe Motoren : Leistung Motor SR1 Wagen A
1400	8	8	0	10	0	kW	DP_bSig1806	Display Hilfsbetriebe Motoren : Leistung Motor SR1 Wagen B
1400	16	8	0	10	0	kW	DP_bSig1807	Display Hilfsbetriebe Motoren : Leistung Motor SR2 Wagen A
1400	24	8	0	10	0	kW	DP_bSig1808	Display Hilfsbetriebe Motoren : Leistung Motor SR2 Wagen B
1400	32	8	0	1	0	°C	DP_bSig1823	Display Hilfsbetriebe Transformator : Temperatur Transformator Wagen A
1400	40	8	0	1	0	°C	DP_bSig1824	Display Hilfsbetriebe Transformator : Temperatur Transformator Wagen B
1400	48	8	0	0.1	0	Bar	DP_bSig1788	Display Hilfsbetriebe Kompressor : Hauptleitungsdruck
1400	56	8	0	0.1	0	Bar	DP_bSig1810	Display Hilfsbetriebe Kompressor : Speiseleitungsdruck
1403	0	32	0	1	0		TEL_dwStartBahnhof	Startbahnhof Mission
1403	32	32	0	1	0		TEL_dwEndBahnhof	Endbahnhof Mission
1404	0	32	0	0.01666666661	0	Min	DP_dwSig1913	Betriebsstunden Fahrmotorlüfter
1404	32	32	0	0.01666666661	0	Min	DP_dwSig1915	Betriebsstunden Kühlerlüfter
1405	0	32	0	1	0		DP_dwSig1909	Anzeige Zugnummer auf Display-Grundmaske
1405	32	8	0	0.1	0		DP_bSig1765	Anzeige Druck Lufttrockner Kompressor Kammer 1 Wagen A
1405	40	8	0	0.1	0		DP_bSig1767	Anzeige Druck Lufttrockner Kompressor Kammer 2 Wagen A
1405	48	8	0	0.1	0		DP_bSig1766	Anzeige Druck Lufttrockner Kompressor Kammer 1 Wagen B
1405	56	8	0	0.1	0		DP_bSig1768	Anzeige Druck Lufttrockner Kompressor Kammer 2 Wagen B
1406	8	1	0	1	0		DP_xSig2209	BBA Störung + Ready Fz1
1406	9	1	0	1	0		DP_xSig2210	BBA Störung + Ready Fz2
1406	10	1	0	1	0		DP_xSig2211	BBA Störung + Ready Fz3
1406	11	1	0	1	0		DP_xSig2212	BBA Störung + Ready Fz4
1406	12	1	0	1	0		DP_xSig1995	BBA Nur Brandmeldung aktiv Fz1
1406	13	1	0	1	0		DP_xSig1996	BBA Nur Brandmeldung aktiv Fz2
1406	14	1	0	1	0		DP_xSig1997	BBA Nur Brandmeldung aktiv Fz3
1406	15	1	0	1	0		DP_xSig1998	BBA Nur Brandmeldung aktiv Fz4
1406	24	8	0	1	0		DP_bSig1762	Out24..31:
1406	32	16	0	1	0		DP_wSig1925	FIS Datenbank Version
1406	32	32	0	1	0		DP_dwSig1920	FZPF SW Version
1406	48	16	0	1	0		DP_wSig1930	FIS Hardware Version
1407	0	8	0	1	0		DP_bSig1828	Display Lupe Fahrzeug : Türtritte Plattform 1 Wagen A Fahrzeug 4
1407	8	8	0	1	0		DP_bSig1832	Display Lupe Fahrzeug : Türtritte Plattform 2 Wagen A Fahrzeug 4
1407	16	8	0	1	0		DP_bSig1836	Display Lupe Fahrzeug : Türtritte Plattform 3 Wagen D Fahrzeug 4
1407	24	8	0	1	0		DP_bSig1840	Display Lupe Fahrzeug : Türtritte Plattform 4 Wagen D Fahrzeug 4
1407	32	8	0	1	0		DP_bSig1844	Display Lupe Fahrzeug : Türtritte Plattform 5 Wagen C Fahrzeug 4
1407	40	8	0	1	0		DP_bSig1848	Display Lupe Fahrzeug : Türtritte Plattform 6 Wagen C Fahrzeug 4
1407	48	8	0	1	0		DP_bSig1852	Display Lupe Fahrzeug : Türtritte Plattform 7 Wagen B Fahrzeug 4
1407	56	8	0	1	0		DP_bSig1856	Display Lupe Fahrzeug : Türtritte Plattform 8 Wagen B Fahrzeug 4
